song_id,model_name,word,word_idx,start,end,error_type,artifact_rms,vocal_rms,artifact_to_signal_ratio,spectral_centroid,spectral_flatness
Angels_In_Amplifiers_-_I_m_Alright,nvidia/canary-1b-v2,i,0,16.84,16.93,correct,0.44931563138961794,1.1942827463150025,0.39101381599903107,2338.5561814143994,0.5561883002519608
Angels_In_Amplifiers_-_I_m_Alright,nvidia/canary-1b-v2,know,1,16.93,17.1,correct,0.21295516565442085,0.9360466808080673,0.24813485965132714,2196.1797703191414,0.5299844413995742
Angels_In_Amplifiers_-_I_m_Alright,nvidia/canary-1b-v2,the,2,17.1,17.21,correct,0.16899029289682707,0.4932107801238696,0.35565023745099705,2579.7801922063095,0.5846842626730601
Angels_In_Amplifiers_-_I_m_Alright,nvidia/canary-1b-v2,season's,3,17.21,17.97,substitution,0.33389938313786577,0.5941579392770442,0.5652618335514534,2557.1467734304088,0.5115805399127122
Angels_In_Amplifiers_-_I_m_Alright,nvidia/canary-1b-v2,ripe,4,17.97,18.24,substitution,0.17163307865460714,0.6016912563393514,0.614523475120465,2100.9515025408937,0.5176062395175298
Angels_In_Amplifiers_-_I_m_Alright,nvidia/canary-1b-v2,for,5,18.24,18.33,correct,0.14309729432517831,0.17310161617669192,0.89220914515582,2053.2008292870682,0.5024905150586908
Angels_In_Amplifiers_-_I_m_Alright,nvidia/canary-1b-v2,change,6,18.33,19.31,substitution,0.1974675035192853,0.577665612740176,0.4552941999265126,2693.5488149831635,0.5034796706267766
Angels_In_Amplifiers_-_I_m_Alright,nvidia/canary-1b-v2,it's,7,19.63,19.77,substitution,0.11791279586032033,0.28017285373061895,0.9046426629647613,3254.657940892387,0.647452937439084
Angels_In_Amplifiers_-_I_m_Alright,nvidia/canary-1b-v2,changing,8,19.77,20.5,correct,0.18059365979478328,0.871122717951672,0.27074595121077344,2372.545527631154,0.5308784763269787
Angels_In_Amplifiers_-_I_m_Alright,nvidia/canary-1b-v2,all,9,20.5,20.82,correct,0.19651176226990563,1.2016816547938756,0.16740355151040212,2364.6392032196613,0.5037484535149166
Angels_In_Amplifiers_-_I_m_Alright,nvidia/canary-1b-v2,around,10,20.82,21.6,substitution,0.19336925201556263,0.747258707749493,0.5293271918507183,2194.506630854098,0.48649005188661465
Angels_In_Amplifiers_-_I_m_Alright,nvidia/canary-1b-v2,i,11,21.84,21.99,correct,0.309507256045061,1.0276031879817737,0.31480829417705536,2471.8916382669427,0.6050445051754222
Angels_In_Amplifiers_-_I_m_Alright,nvidia/canary-1b-v2,know,12,21.99,22.13,correct,0.1837516250088811,0.8093147724866867,0.249498319812119,2253.130723202289,0.5408601704984903
Angels_In_Amplifiers_-_I_m_Alright,nvidia/canary-1b-v2,the,13,22.13,22.26,correct,0.16237704008817672,0.5212840278943379,0.34005097051461536,2517.781520451854,0.5987673203150431
Angels_In_Amplifiers_-_I_m_Alright,nvidia/canary-1b-v2,reasons,14,22.26,22.97,correct,0.14668094884459074,0.6103072723785004,0.30107046983071734,2581.754686903876,0.5735302954525142
Angels_In_Amplifiers_-_I_m_Alright,nvidia/canary-1b-v2,you've,15,22.97,23.28,substitution,0.20613218383754,0.5284945719382342,0.5664802936508375,2237.8113668389874,0.5107652580036837
Angels_In_Amplifiers_-_I_m_Alright,nvidia/canary-1b-v2,arranged,16,23.28,24.21,substitution,0.19655829686671494,0.5461667443811894,0.5200521995127201,2157.6476766681494,0.43858432069420816
Angels_In_Amplifiers_-_I_m_Alright,nvidia/canary-1b-v2,they're,17,24.63,24.76,substitution,0.13294066128631432,0.19903107658028601,0.8255964497725169,1631.725767964095,0.4090962847073873
Angels_In_Amplifiers_-_I_m_Alright,nvidia/canary-1b-v2,tearing,18,24.76,25.45,correct,0.139785319289847,0.7814549568637803,0.24881175694030686,2588.502810645159,0.5610807582333281
Angels_In_Amplifiers_-_I_m_Alright,nvidia/canary-1b-v2,me,19,25.45,25.52,substitution,0.13695099825660387,0.670012354850769,0.24556594755914476,1850.0102155663678,0.4299940698676639
Angels_In_Amplifiers_-_I_m_Alright,nvidia/canary-1b-v2,down,20,25.52,26.32,correct,0.19848018429826858,0.6164198673308589,0.5870621289278186,2241.3979930580663,0.5389240498459617
Angels_In_Amplifiers_-_I_m_Alright,nvidia/canary-1b-v2,where,21,26.67,27.04,correct,0.2030892739208733,0.7775945544424581,0.5273482812250533,2733.792569930202,0.6091084509361081
Angels_In_Amplifiers_-_I_m_Alright,nvidia/canary-1b-v2,is,22,27.04,27.17,correct,0.16144023587306341,0.3580370525519053,0.5058945536613464,2683.9223340672443,0.5923278292020162
Angels_In_Amplifiers_-_I_m_Alright,nvidia/canary-1b-v2,the,23,27.17,27.25,correct,0.20841754310660893,0.4812617467509376,0.5381735497050815,2446.3591720723743,0.5942520863480039
Angels_In_Amplifiers_-_I_m_Alright,nvidia/canary-1b-v2,peacefulness,24,27.25,28.26,substitution,0.23669363537786203,0.5699555436063797,0.5827695957017601,2319.5544043577243,0.5246841828210638
Angels_In_Amplifiers_-_I_m_Alright,nvidia/canary-1b-v2,of,25,28.26,28.32,correct,0.48868119716644287,0.5564188531466893,0.8762812699590411,1346.410150940444,0.3261453296457018
Angels_In_Amplifiers_-_I_m_Alright,nvidia/canary-1b-v2,mind,26,28.32,29.01,correct,0.22002061019341151,1.170474836031596,0.23333590070406596,1986.2248898855469,0.4569065554936727
Angels_In_Amplifiers_-_I_m_Alright,nvidia/canary-1b-v2,where,27,29.01,29.51,correct,0.1535412866484236,0.3463356625288725,0.9701644389165772,2354.339483707452,0.5542839544790762
Angels_In_Amplifiers_-_I_m_Alright,nvidia/canary-1b-v2,will,28,31.68,32.12,correct,0.2533374264991532,0.7425284860655665,0.4710463664184014,2008.6493612736429,0.4585198735197385
Angels_In_Amplifiers_-_I_m_Alright,nvidia/canary-1b-v2,my,29,32.12,32.26,correct,0.2845147857442498,0.9829426631331444,0.30579654313623905,2044.6498991651467,0.4750948753207922
Angels_In_Amplifiers_-_I_m_Alright,nvidia/canary-1b-v2,heart,30,32.26,32.62,correct,0.18709219648287848,0.7365174889564514,0.41296513512348515,2200.4545705564824,0.535771403557215
Angels_In_Amplifiers_-_I_m_Alright,nvidia/canary-1b-v2,come,31,32.62,32.92,correct,0.19955380193211816,0.6913107087214788,0.3239296855348529,1978.9458881971568,0.47129231917135644
Angels_In_Amplifiers_-_I_m_Alright,nvidia/canary-1b-v2,back,32,32.92,33.2,substitution,0.2050443378186995,0.7275392151167316,0.6263797864798577,2073.771428875563,0.5128559633608787
Angels_In_Amplifiers_-_I_m_Alright,nvidia/canary-1b-v2,to,33,33.2,33.3,substitution,0.16782154955647208,0.22685168954459103,0.7609745426611467,2937.438164738883,0.663035284389149
Angels_In_Amplifiers_-_I_m_Alright,nvidia/canary-1b-v2,life,34,33.3,34.38,correct,0.2119685533400784,0.8076255198122344,0.435888971401076,2270.585632413055,0.5221357982382815
Angels_In_Amplifiers_-_I_m_Alright,nvidia/canary-1b-v2,i'm,35,36.24,36.7,correct,0.26655185014009475,1.161100589632988,0.2827175581455231,3008.6598869156614,0.6115691047906876
Angels_In_Amplifiers_-_I_m_Alright,nvidia/canary-1b-v2,alright,36,36.7,37.68,correct,0.21874796813529618,0.8422825484589305,0.6124302714641364,2158.9083431217923,0.4946659931315566
Angels_In_Amplifiers_-_I_m_Alright,nvidia/canary-1b-v2,as,37,38.4,38.58,correct,0.20641341246664524,0.4281157076358795,0.5085963398218155,2486.028875156948,0.593023307621479
Angels_In_Amplifiers_-_I_m_Alright,nvidia/canary-1b-v2,i,38,38.58,38.61,correct,0.23986665531992912,0.3108448386192322,0.8068407773971558,2438.5038473654413,0.5708386152982712
Angels_In_Amplifiers_-_I_m_Alright,nvidia/canary-1b-v2,pick,39,38.61,38.89,correct,0.2788082673665016,0.44466879717524976,1.1666455355382734,2252.051839277867,0.5183065418274172
Angels_In_Amplifiers_-_I_m_Alright,nvidia/canary-1b-v2,up,40,38.89,39.01,correct,0.1985118900026594,0.3727112566786153,0.6833302591528211,1625.1514147840378,0.3947390488215855
Angels_In_Amplifiers_-_I_m_Alright,nvidia/canary-1b-v2,the,41,39.01,39.09,correct,0.1989896082215839,0.31901395817597705,0.693715900182724,2149.1100305258087,0.5300516585508982
Angels_In_Amplifiers_-_I_m_Alright,nvidia/canary-1b-v2,pieces,42,39.09,39.8,substitution,0.22068686773637672,0.4476517001529793,0.6443299629858562,2638.744170211476,0.59131942592658
Angels_In_Amplifiers_-_I_m_Alright,nvidia/canary-1b-v2,that,43,39.8,40.18,substitution,0.26414803815324134,1.3292405730703982,0.29263505993819816,2409.285155962,0.567348392271414
Angels_In_Amplifiers_-_I_m_Alright,nvidia/canary-1b-v2,i've,44,40.18,40.41,substitution,0.23313876442038095,1.0603462216945796,0.2533829538868024,2803.1887369404158,0.6006733007155932
Angels_In_Amplifiers_-_I_m_Alright,nvidia/canary-1b-v2,left,45,40.41,40.79,substitution,0.21992709060631147,0.9098174493850731,0.45425405916644307,2492.911081573182,0.6091218234562292
Angels_In_Amplifiers_-_I_m_Alright,nvidia/canary-1b-v2,of,46,40.79,40.92,correct,0.3390520046154658,0.8043543616930644,0.44102496802806856,1658.5199265956392,0.35829702814420067
Angels_In_Amplifiers_-_I_m_Alright,nvidia/canary-1b-v2,me,47,40.92,41.19,substitution,0.2847986936569214,0.4655205853283405,0.7178225914637247,1579.4905055799634,0.3618367314338684
Angels_In_Amplifiers_-_I_m_Alright,nvidia/canary-1b-v2,i'm,48,41.22,41.68,correct,0.21267968758940697,1.2082299828529357,0.2152404722571373,2989.244196834485,0.6180748736858368
Angels_In_Amplifiers_-_I_m_Alright,nvidia/canary-1b-v2,alright,49,41.68,42.65,correct,0.2148850006716592,0.7875880783867268,0.49634086596114296,1800.8926745683823,0.4130813199849356
Angels_In_Amplifiers_-_I_m_Alright,nvidia/canary-1b-v2,being,50,43.67,44.01,substitution,0.3067428252181491,1.1146362394698568,0.4002732547956544,2303.171220113762,0.5452210548761729
Angels_In_Amplifiers_-_I_m_Alright,nvidia/canary-1b-v2,away,51,44.01,44.36,substitution,0.30364359797615753,1.346616644608347,0.2732838404021765,2011.260039295053,0.4763131941619672
Angels_In_Amplifiers_-_I_m_Alright,nvidia/canary-1b-v2,from,52,44.48,44.83,substitution,0.25861791913446625,1.0159450902750617,0.36778983885520383,1662.5246261657048,0.4184867331856175
Angels_In_Amplifiers_-_I_m_Alright,nvidia/canary-1b-v2,you,53,44.83,45.3,substitution,0.32154858696694466,0.7466114683478486,0.4639803685393988,1828.8773498674852,0.4374465919008442
Angels_In_Amplifiers_-_I_m_Alright,nvidia/canary-1b-v2,and,54,46.52,46.73,correct,0.32362809842047485,0.5386560964195625,0.7448534518480301,2144.3183036534974,0.514095989258393
Angels_In_Amplifiers_-_I_m_Alright,nvidia/canary-1b-v2,i'll,55,46.73,46.98,correct,0.35067005668367657,1.3457892260381155,0.3086462446621486,2040.0762804191684,0.4746137506195477
Angels_In_Amplifiers_-_I_m_Alright,nvidia/canary-1b-v2,be,56,46.98,47.17,substitution,0.3617559224367142,0.9002117876495633,0.4862623718522844,2019.8302065475682,0.4202454586823781
Angels_In_Amplifiers_-_I_m_Alright,nvidia/canary-1b-v2,fine,57,47.17,48.23,substitution,0.2748104409036929,0.8007065070172151,0.6581195988937428,2210.6315586548008,0.48180980901969106
Angels_In_Amplifiers_-_I_m_Alright,nvidia/canary-1b-v2,cleaning,58,48.67,49.06,correct,0.2748019059383592,0.8568347330789926,0.5323361203420994,2005.6277836776483,0.4711114036482434
Angels_In_Amplifiers_-_I_m_Alright,nvidia/canary-1b-v2,up,59,49.06,49.18,correct,0.27150078748281187,0.7375335406798583,0.5228984929048098,1988.0338096984958,0.49094563264113206
Angels_In_Amplifiers_-_I_m_Alright,nvidia/canary-1b-v2,the,60,49.18,49.28,correct,0.17615652518967786,0.2978182217727105,0.7444761544466019,2127.158275713993,0.5328782697518667
Angels_In_Amplifiers_-_I_m_Alright,nvidia/canary-1b-v2,corner,61,49.28,49.92,correct,0.2568969218519287,0.7656637779504493,0.6477813327658004,1974.3415499931004,0.4850935439268748
Angels_In_Amplifiers_-_I_m_Alright,nvidia/canary-1b-v2,putting,62,49.95,50.27,correct,0.3384616315364838,0.785871963522264,0.49879893277372633,1872.8631363484837,0.4549284083502633
Angels_In_Amplifiers_-_I_m_Alright,nvidia/canary-1b-v2,back,63,50.27,50.46,substitution,0.23328089394739696,0.4579098384295191,0.7676288882891337,2453.256842817749,0.5830855582441602
Angels_In_Amplifiers_-_I_m_Alright,nvidia/canary-1b-v2,in,64,50.46,50.64,correct,0.5253802761435509,1.373475056886673,0.39273573607206347,1600.1369895822816,0.3817477308213711
Angels_In_Amplifiers_-_I_m_Alright,nvidia/canary-1b-v2,order,65,50.64,51.38,correct,0.2337844954803586,1.122922081174329,0.5664372891187668,2265.9321559638092,0.5368892442435026
Angels_In_Amplifiers_-_I_m_Alright,nvidia/canary-1b-v2,but,66,51.68,51.78,correct,0.3410926902045806,0.40993052783111733,1.1988882720470428,1449.338452637154,0.3618910238146782
Angels_In_Amplifiers_-_I_m_Alright,nvidia/canary-1b-v2,know,67,51.78,52.46,correct,0.3027002158230298,1.0368606174645358,0.3172529707216237,2048.105202266235,0.4935768628365373
Angels_In_Amplifiers_-_I_m_Alright,nvidia/canary-1b-v2,i,68,52.46,52.49,substitution,0.22195058688521385,1.4380941092967987,0.15700379759073257,1942.7560002432247,0.46507351845502853
Angels_In_Amplifiers_-_I_m_Alright,nvidia/canary-1b-v2,will,69,52.49,52.57,deletion,0.255840590596199,1.2185477495193482,0.20939235836267472,1781.3650695016354,0.4085996478796005
Angels_In_Amplifiers_-_I_m_Alright,nvidia/canary-1b-v2,always,70,52.57,52.93,correct,0.23610359869706324,0.6065751742093991,0.4543520215994272,2661.3151072761757,0.5229770617607312
Angels_In_Amplifiers_-_I_m_Alright,nvidia/canary-1b-v2,have,71,52.93,53.27,correct,0.3889557076127906,1.1595221797102375,0.42612612443534953,2241.3793190279016,0.49882488658553675
Angels_In_Amplifiers_-_I_m_Alright,nvidia/canary-1b-v2,this,72,53.27,53.58,correct,0.23182481976554675,0.43032585347399993,0.5602648056605283,3474.5611487676238,0.6317761619301403
Angels_In_Amplifiers_-_I_m_Alright,nvidia/canary-1b-v2,too,73,53.58,54.31,correct,0.3407854543456548,0.8016260949116719,0.4471286208946494,2096.760192407827,0.40985134055342853
Angels_In_Amplifiers_-_I_m_Alright,nvidia/canary-1b-v2,a,74,55.1,55.16,substitution,0.3383361463035856,0.3485729396343231,0.9732246228626796,1419.7687397449645,0.32462774430002483
Angels_In_Amplifiers_-_I_m_Alright,nvidia/canary-1b-v2,little,75,55.16,55.5,correct,0.2845722570231086,0.5550782898146855,0.8169673022470976,1407.0537536525721,0.30145563302855743
Angels_In_Amplifiers_-_I_m_Alright,nvidia/canary-1b-v2,piece,76,55.5,55.77,correct,0.21924621470529457,0.4644156780479283,0.7173844252167076,1953.7929761104513,0.4109143995005509
Angels_In_Amplifiers_-_I_m_Alright,nvidia/canary-1b-v2,of,77,55.77,55.83,substitution,0.07291788933798671,0.3148753084242344,0.22968140058219433,2501.4200297292587,0.5216481275856495
Angels_In_Amplifiers_-_I_m_Alright,nvidia/canary-1b-v2,you,78,55.83,56.48,substitution,0.16628285061035838,0.37500753897641387,0.7965392735387598,2570.427372294953,0.5862736416714532
Angels_In_Amplifiers_-_I_m_Alright,nvidia/canary-1b-v2,how,79,66.22,66.32,correct,0.12998165438572565,0.019357646505037945,7.057887633641561,2760.6475312873395,0.5841567516326904
Angels_In_Amplifiers_-_I_m_Alright,nvidia/canary-1b-v2,could,80,67.03,67.13,correct,0.35724079174300033,0.6616108492016792,0.5787985088924567,1870.8913503512333,0.4320666814843814
Angels_In_Amplifiers_-_I_m_Alright,nvidia/canary-1b-v2,we,81,67.13,67.25,substitution,0.5002243912645749,0.9372645637818745,0.5362859602485385,1890.0510392135877,0.4417530191796167
Angels_In_Amplifiers_-_I_m_Alright,nvidia/canary-1b-v2,let,82,67.25,67.6,correct,0.44181880629376363,0.6403090278372953,1.4374392785524066,2317.980189677181,0.48668424941991506
Angels_In_Amplifiers_-_I_m_Alright,nvidia/canary-1b-v2,this,83,67.6,67.88,substitution,0.16525845061386785,0.36473957857777994,0.5918799302270336,2828.8750237725353,0.6111028386700538
Angels_In_Amplifiers_-_I_m_Alright,nvidia/canary-1b-v2,slip,84,67.88,68.31,correct,0.14122787205145715,0.3785428916837307,0.7653849768511792,2336.9127020798283,0.562091978306466
Angels_In_Amplifiers_-_I_m_Alright,nvidia/canary-1b-v2,away,85,68.31,69.3,correct,0.19291315605498363,0.6619818833804576,0.4256126153691907,2055.4946449897866,0.46523325131318277
Angels_In_Amplifiers_-_I_m_Alright,nvidia/canary-1b-v2,slipping,86,69.68,70.38,substitution,0.2352080125067579,0.4878609015263225,0.587023292128977,2476.466175072469,0.5534355428658033
Angels_In_Amplifiers_-_I_m_Alright,nvidia/canary-1b-v2,through,87,70.38,70.57,correct,0.1694782418864114,0.3649616154531638,0.7690143968377795,2032.6611563014053,0.4897509983607701
Angels_In_Amplifiers_-_I_m_Alright,nvidia/canary-1b-v2,my,88,70.57,71.03,deletion,0.3693622577190399,1.080084172487259,0.3577592697739601,1769.5687712951362,0.38538832813501356
Angels_In_Amplifiers_-_I_m_Alright,nvidia/canary-1b-v2,hands,89,71.03,71.55,correct,0.31276768145331163,0.6191131437295362,0.5802105916173834,1796.596212481833,0.4192038123544894
Angels_In_Amplifiers_-_I_m_Alright,nvidia/canary-1b-v2,how,90,71.58,71.94,correct,0.17878380527672094,0.21752687104237386,0.9127107491860023,2457.2382316005705,0.5759067183885819
Angels_In_Amplifiers_-_I_m_Alright,nvidia/canary-1b-v2,can,91,71.94,72.16,substitution,0.1528088840842247,0.5355598196387291,0.6231533282995224,2414.0058960570327,0.5433047676086425
Angels_In_Amplifiers_-_I_m_Alright,nvidia/canary-1b-v2,the,92,72.16,72.23,substitution,0.22328174114227295,0.5201682820916176,0.4610839728266001,2570.5859207801795,0.558983575552702
Angels_In_Amplifiers_-_I_m_Alright,nvidia/canary-1b-v2,darkness,93,72.23,72.87,correct,0.1663130476962829,0.6254113097337709,0.49784456009882083,2313.92184055988,0.5429540285165759
Angels_In_Amplifiers_-_I_m_Alright,nvidia/canary-1b-v2,blind,94,72.87,73.29,correct,0.24841048803342425,0.5843842197209597,0.6608094057959059,1819.0172058835449,0.44735899114090466
Angels_In_Amplifiers_-_I_m_Alright,nvidia/canary-1b-v2,the,95,73.29,73.34,correct,0.1930674264828364,0.3576717327038447,0.5772201220194498,1862.4964628581554,0.4654372384150823
Angels_In_Amplifiers_-_I_m_Alright,nvidia/canary-1b-v2,day,96,73.34,74.26,correct,0.1409319196268916,0.5534427125379443,0.49217072658240796,2628.7227318255914,0.5752920806407928
Angels_In_Amplifiers_-_I_m_Alright,nvidia/canary-1b-v2,bring,97,74.8,75.12,substitution,0.2713382286684854,0.596132719623191,0.6525267277445111,2017.609077374949,0.46530587332589285
Angels_In_Amplifiers_-_I_m_Alright,nvidia/canary-1b-v2,back,98,75.12,75.41,substitution,0.17117640189826488,0.6582734433468431,0.5221538348123431,2320.9528968660006,0.5469835111871362
Angels_In_Amplifiers_-_I_m_Alright,nvidia/canary-1b-v2,the,99,75.41,75.49,substitution,0.2857172317802906,0.5792749226093292,0.5745128780603409,1801.7000301623,0.4279409468173981
Angels_In_Amplifiers_-_I_m_Alright,nvidia/canary-1b-v2,light,100,75.49,76.36,substitution,0.2482078639750785,0.776716983381738,0.40474228656038325,2282.681669820133,0.5358518098897123
Angels_In_Amplifiers_-_I_m_Alright,nvidia/canary-1b-v2,where,101,76.36,77.07,substitution,0.24496938386245778,0.4936067828614461,0.8964673312086808,2234.0815520737874,0.49892459103935644
Angels_In_Amplifiers_-_I_m_Alright,nvidia/canary-1b-v2,is,102,77.07,77.18,substitution,0.2598671489037,0.4312888521414537,0.7010103876774127,2778.5703010018547,0.5559256627009466
Angels_In_Amplifiers_-_I_m_Alright,nvidia/canary-1b-v2,the,103,77.18,77.25,correct,0.23721061481369865,0.30313746879498166,0.8162933256891038,2353.7586382927884,0.5315892928176456
Angels_In_Amplifiers_-_I_m_Alright,nvidia/canary-1b-v2,pleasure,104,77.25,77.98,correct,0.2194082295665374,0.6866874631780845,0.43117617032466793,2326.9553465947415,0.5439885870004312
Angels_In_Amplifiers_-_I_m_Alright,nvidia/canary-1b-v2,in,105,77.98,78.27,correct,0.34956184960901737,0.7446197308599949,0.5353195304051042,1695.3949338865104,0.38454394321888685
Angels_In_Amplifiers_-_I_m_Alright,nvidia/canary-1b-v2,the,106,78.27,79.5,correct,0.2512520398188354,0.7176769623406848,0.7500346225679368,1830.1966218008558,0.4183052677409093
Angels_In_Amplifiers_-_I_m_Alright,nvidia/canary-1b-v2,pain,107,81.66,81.8,correct,0.21868808777071536,0.2947305180132389,0.9499106295406818,1744.3777104954245,0.43692094553261995
Angels_In_Amplifiers_-_I_m_Alright,nvidia/canary-1b-v2,where,108,81.8,82.03,substitution,0.37852498948574065,1.0145188581943512,0.45175267934799196,1885.1980809833362,0.4192001420259476
Angels_In_Amplifiers_-_I_m_Alright,nvidia/canary-1b-v2,is,109,82.03,82.15,correct,0.2790331244468689,0.3963123485445976,0.7661029100418091,2547.6207445196114,0.5455482942717416
Angels_In_Amplifiers_-_I_m_Alright,nvidia/canary-1b-v2,my,110,82.15,82.25,substitution,0.302987573047479,0.7965418932338556,0.48797740414738655,2189.839188440648,0.5400921354691187
Angels_In_Amplifiers_-_I_m_Alright,nvidia/canary-1b-v2,shelter,111,82.25,82.99,substitution,0.20366947199217975,0.47312556486576796,0.5271907560527325,2655.3521690255975,0.5670809049159289
Angels_In_Amplifiers_-_I_m_Alright,nvidia/canary-1b-v2,in,112,82.99,83.27,substitution,0.37123637382061253,0.7378333422445482,0.5510841055262473,1581.8887307727825,0.35280481894170085
Angels_In_Amplifiers_-_I_m_Alright,nvidia/canary-1b-v2,the,113,83.27,83.36,substitution,0.2609649494290352,0.471177077293396,0.5483926445245743,1234.8540512005593,0.25881084948778155
Angels_In_Amplifiers_-_I_m_Alright,nvidia/canary-1b-v2,rain,114,83.36,84.55,correct,0.21682870388031006,0.7712998887582216,0.6302871757943649,2012.5715515346558,0.4443345327163115
Angels_In_Amplifiers_-_I_m_Alright,nvidia/canary-1b-v2,well,115,85.74,86.2,substitution,0.05743237111717463,0.6160821057856083,0.1728210224956274,1617.2613863608908,0.40941414833068845
Angels_In_Amplifiers_-_I_m_Alright,nvidia/canary-1b-v2,i'm,116,86.23,86.67,substitution,0.28831429158647853,1.2641327402864893,0.33090359903872013,3154.887135761253,0.688527682175239
Angels_In_Amplifiers_-_I_m_Alright,nvidia/canary-1b-v2,alright,117,86.67,87.73,correct,0.22780216668258635,0.7336304636443394,0.6111842743529562,2394.52416976129,0.5506112159867036
Angels_In_Amplifiers_-_I_m_Alright,nvidia/canary-1b-v2,as,118,88.41,88.58,substitution,0.268158863249578,0.38186535552928325,0.7429159848313582,2479.3207205341223,0.5441768373313703
Angels_In_Amplifiers_-_I_m_Alright,nvidia/canary-1b-v2,i,119,88.58,88.62,substitution,0.2922352910041809,0.32501089572906494,0.9085452556610107,1850.3878559346053,0.45451682806015015
Angels_In_Amplifiers_-_I_m_Alright,nvidia/canary-1b-v2,pick,120,88.62,88.89,correct,0.36639160191019376,0.47178502442936104,0.8886269430319468,1740.2629075693628,0.43063857505718867
Angels_In_Amplifiers_-_I_m_Alright,nvidia/canary-1b-v2,up,121,88.89,89.02,substitution,0.18333181217312813,0.3687780958910783,0.7367345571517945,1748.1461709120663,0.4291032950083415
Angels_In_Amplifiers_-_I_m_Alright,nvidia/canary-1b-v2,the,122,89.02,89.12,correct,0.25430425939460594,0.29426756377021474,0.9313832223415375,1913.9839007749827,0.4657771935065587
Angels_In_Amplifiers_-_I_m_Alright,nvidia/canary-1b-v2,pieces,123,89.12,89.8,correct,0.21351837652595076,0.47340737956843965,0.6451584470190413,2582.923689506234,0.5686167221363276
Angels_In_Amplifiers_-_I_m_Alright,nvidia/canary-1b-v2,that,124,89.8,90.18,correct,0.3016626951949937,1.3341033675131344,0.31073825327413424,2051.919641225026,0.49024824656191324
Angels_In_Amplifiers_-_I_m_Alright,nvidia/canary-1b-v2,i've,125,90.18,90.43,substitution,0.20704364031553268,1.0668737601350855,0.23149731976014595,2548.647851401154,0.5811825372554638
Angels_In_Amplifiers_-_I_m_Alright,nvidia/canary-1b-v2,left,126,90.43,90.78,correct,0.23708696778003985,1.0356160809214299,0.4032635856897403,2358.376794916662,0.5858358190609858
Angels_In_Amplifiers_-_I_m_Alright,nvidia/canary-1b-v2,of,127,90.78,90.88,substitution,0.23611142960461703,0.6899094879627228,0.3524274230003357,2077.435535345744,0.4934578998522325
Angels_In_Amplifiers_-_I_m_Alright,nvidia/canary-1b-v2,me,128,90.88,91.2,correct,0.25307325593062807,0.49538537498031343,0.7135580565248217,1894.499015001705,0.4595417933804648
Angels_In_Amplifiers_-_I_m_Alright,nvidia/canary-1b-v2,i'm,129,91.23,91.64,correct,0.2243355197662657,1.17397629334168,0.2479653929106214,3062.7445583817766,0.6681977131149985
Angels_In_Amplifiers_-_I_m_Alright,nvidia/canary-1b-v2,alright,130,91.64,92.68,substitution,0.24364346096159092,1.032127807116402,0.5760120386922998,2224.8272015026155,0.5272324401885271
Angels_In_Amplifiers_-_I_m_Alright,nvidia/canary-1b-v2,being,131,93.68,94.09,deletion,0.4015740409493446,0.9726494704683621,0.5436757587724261,2688.158769538817,0.5318529175387489
Angels_In_Amplifiers_-_I_m_Alright,nvidia/canary-1b-v2,away,132,94.09,94.45,deletion,0.29136089292856365,1.2176169680479245,0.38139686103050524,2177.8531373039596,0.5134134147411737
Angels_In_Amplifiers_-_I_m_Alright,nvidia/canary-1b-v2,from,133,94.48,94.83,deletion,0.32190331472800326,0.9979653434875684,0.4454580564529468,1457.219089995696,0.3449178315125979
Angels_In_Amplifiers_-_I_m_Alright,nvidia/canary-1b-v2,you,134,94.83,95.33,deletion,0.2785053696069453,0.8213483837467653,0.3887956307993995,1834.308627016302,0.41596163698920496
Angels_In_Amplifiers_-_I_m_Alright,nvidia/canary-1b-v2,and,135,96.53,96.74,deletion,0.25763537540383963,0.36292866698425746,0.9776333129924276,2530.56786748598,0.5931065030719923
Angels_In_Amplifiers_-_I_m_Alright,nvidia/canary-1b-v2,i'll,136,96.74,96.98,correct,0.34623446839827077,1.1455357328609184,0.35790326805026446,2289.261424424772,0.5738731037687372
Angels_In_Amplifiers_-_I_m_Alright,nvidia/canary-1b-v2,be,137,96.98,97.19,correct,0.349337056927059,0.9160847054875415,0.4895112171121266,2443.1834506053497,0.5778341293334961
Angels_In_Amplifiers_-_I_m_Alright,nvidia/canary-1b-v2,fine,138,97.19,98.3,correct,0.273770060390234,0.8713233398894469,0.6012723440304398,2451.4563662428604,0.5813662352661292
Angels_In_Amplifiers_-_I_m_Alright,nvidia/canary-1b-v2,cleaning,139,98.68,99.06,substitution,0.34625091403722763,0.6977634760772898,0.5996025048551106,1933.688083215311,0.46685911076409475
Angels_In_Amplifiers_-_I_m_Alright,nvidia/canary-1b-v2,out,140,99.06,99.19,substitution,0.24401403665542604,0.5005254690845807,0.7318082829316457,2518.9663108359846,0.5978804151217143
Angels_In_Amplifiers_-_I_m_Alright,nvidia/canary-1b-v2,the,141,99.19,99.28,correct,0.20913468599319457,0.4531259685754776,0.7074698448181153,2399.624418675124,0.6028149604797364
Angels_In_Amplifiers_-_I_m_Alright,nvidia/canary-1b-v2,corner,142,99.28,99.93,correct,0.24767161034782167,0.6995124853622745,0.642458180726414,1925.56873588814,0.4726307220022443
Angels_In_Amplifiers_-_I_m_Alright,nvidia/canary-1b-v2,put,143,99.96,100.17,substitution,0.4171704332465711,0.9363982279015624,0.554149892019189,1691.810799454639,0.40435234489648236
Angels_In_Amplifiers_-_I_m_Alright,nvidia/canary-1b-v2,it,144,100.17,100.28,correct,0.2428797408938408,0.2692643664777279,0.9300626653891343,1564.1893960711654,0.3682511242536398
Angels_In_Amplifiers_-_I_m_Alright,nvidia/canary-1b-v2,back,145,100.28,100.48,substitution,0.2619205364449458,0.5283094310963695,0.798018753528595,1838.3190117401275,0.44856372611089185
Angels_In_Amplifiers_-_I_m_Alright,nvidia/canary-1b-v2,in,146,100.48,100.66,substitution,0.3666161348422368,0.851991906052544,0.45068658533550443,1750.9098562460774,0.388015940785408
Angels_In_Amplifiers_-_I_m_Alright,nvidia/canary-1b-v2,order,147,100.66,101.42,correct,0.2548605666109702,1.1103967841169455,0.6122797269646715,2206.179467021277,0.5028593725547558
Angels_In_Amplifiers_-_I_m_Alright,nvidia/canary-1b-v2,but,148,101.68,101.78,substitution,0.28990512900054455,0.483619458352526,0.7691035568714142,1878.4975221132227,0.428459070622921
Angels_In_Amplifiers_-_I_m_Alright,nvidia/canary-1b-v2,know,149,101.78,102.03,substitution,0.40173198921339853,1.016070883188929,0.4363475553691387,1760.312116463323,0.41590728983283043
Angels_In_Amplifiers_-_I_m_Alright,nvidia/canary-1b-v2,i,150,102.03,102.15,correct,0.24432791130883352,1.347595248903547,0.18510950250285013,2256.3356657401578,0.5073692947626114
Angels_In_Amplifiers_-_I_m_Alright,nvidia/canary-1b-v2,will,151,102.15,102.38,correct,0.2601206237077713,0.9630737948417664,0.2982089483737946,2148.0923418380103,0.5035003471374512
Angels_In_Amplifiers_-_I_m_Alright,nvidia/canary-1b-v2,always,152,102.38,102.92,correct,0.23494813957456814,0.9011243692899155,0.33338996704857227,2592.881146336317,0.5540179337485361
Angels_In_Amplifiers_-_I_m_Alright,nvidia/canary-1b-v2,have,153,102.92,103.27,correct,0.3338588758518821,1.1880673915147781,0.3736162797400826,2309.339686974306,0.5406608463902223
Angels_In_Amplifiers_-_I_m_Alright,nvidia/canary-1b-v2,this,154,103.27,103.6,correct,0.23222941449946827,0.4260893385443423,0.571541600757175,3071.6586846665455,0.6379391228159269
Angels_In_Amplifiers_-_I_m_Alright,nvidia/canary-1b-v2,too,155,103.6,104.32,substitution,0.354644111238229,0.9455793442634436,0.40640443830918044,2205.637150203306,0.5136945247650146
Angels_In_Amplifiers_-_I_m_Alright,nvidia/canary-1b-v2,a,156,105.12,105.18,correct,0.2860707323998213,0.4019993990659714,0.8138691484928131,1820.277806828728,0.37938033789396286
Angels_In_Amplifiers_-_I_m_Alright,nvidia/canary-1b-v2,little,157,105.18,105.52,correct,0.28555041390496333,0.5464423427710662,0.6449338858192032,1402.9725371464672,0.3283766012739491
Angels_In_Amplifiers_-_I_m_Alright,nvidia/canary-1b-v2,piece,158,105.52,105.78,correct,0.38252780740631037,0.5358766466379166,0.6989557486155937,2552.8281730343865,0.5003848199186653
Angels_In_Amplifiers_-_I_m_Alright,nvidia/canary-1b-v2,of,159,105.78,105.84,substitution,0.27293934353760313,0.2918506520135062,0.9648028782435826,2007.9799359140422,0.45041883417538237
Angels_In_Amplifiers_-_I_m_Alright,nvidia/canary-1b-v2,you,160,105.84,106.47,correct,0.484521866282996,0.5876075094017912,0.8770109879619935,1767.8644275025927,0.39172591926420436
Angels_In_Amplifiers_-_I_m_Alright,nvidia/canary-1b-v2,help,161,106.47,106.67,substitution,0.07531277317067851,0.060384803330120834,1.1984510188517363,1900.3347941488385,0.45450449249018793
Angels_In_Amplifiers_-_I_m_Alright,nvidia/canary-1b-v2,me,162,115.66,115.72,substitution,0.20107465982437134,0.013162500225007534,16.55599594116211,3083.372055245863,0.6498947313853672
Angels_In_Amplifiers_-_I_m_Alright,nvidia/canary-1b-v2,dry,163,116.65,116.78,correct,0.24465314994255702,0.6087921276688576,0.8677133242289226,2458.276268542343,0.5500715712706248
Angels_In_Amplifiers_-_I_m_Alright,nvidia/canary-1b-v2,all,164,116.78,116.84,substitution,0.17371253669261932,0.7209081394331796,0.2521852127143315,1984.965473950007,0.4837578024183001
Angels_In_Amplifiers_-_I_m_Alright,nvidia/canary-1b-v2,my,165,116.84,117.08,correct,0.7353030089978818,0.8671301846150998,0.8382237388028039,953.551601828673,0.1906339101217411
Angels_In_Amplifiers_-_I_m_Alright,nvidia/canary-1b-v2,tears,166,117.08,117.37,substitution,0.30800721049308777,0.3840522151440382,0.8031044378876686,2415.278296635456,0.4300604145973921
Angels_In_Amplifiers_-_I_m_Alright,nvidia/canary-1b-v2,and,167,117.37,117.62,substitution,0.5168469952685493,0.7650809075151171,0.6771888307162693,1583.4516709498128,0.3434912988117763
Angels_In_Amplifiers_-_I_m_Alright,nvidia/canary-1b-v2,help,168,117.62,117.85,correct,0.31681110203266144,0.675956918001175,0.4768114423751831,1597.2928636394054,0.3625913399457932
Angels_In_Amplifiers_-_I_m_Alright,nvidia/canary-1b-v2,me,169,117.85,117.92,substitution,0.2501957267522812,0.5721991724438138,0.434509813785553,1262.787195873998,0.2989479766951667
Angels_In_Amplifiers_-_I_m_Alright,nvidia/canary-1b-v2,allay,170,117.92,118.01,substitution,0.3708560287952423,0.8398123979568481,0.4545058488845825,1519.9975965122644,0.3483178704977036
Angels_In_Amplifiers_-_I_m_Alright,nvidia/canary-1b-v2,all,171,118.01,118.07,correct,0.1972074219956994,0.38851060811430216,0.5553693324327469,1630.4611740351954,0.38815196603536606
Angels_In_Amplifiers_-_I_m_Alright,nvidia/canary-1b-v2,my,172,118.07,118.13,correct,0.0915398257119315,0.09948295195187841,0.8990966081619263,2619.273914737495,0.5690321539129529
Angels_In_Amplifiers_-_I_m_Alright,nvidia/canary-1b-v2,fears,173,118.13,118.49,correct,0.21753975328726646,0.5628445587861233,0.47175625845407826,2674.797680786336,0.5358901994350629
Angels_In_Amplifiers_-_I_m_Alright,nvidia/canary-1b-v2,and,174,118.49,118.91,correct,0.2650291752880034,0.7809763628503551,0.6630613188380781,2231.087867624654,0.495996734370356
Angels_In_Amplifiers_-_I_m_Alright,nvidia/canary-1b-v2,help,175,118.91,119.37,correct,0.33250185936689375,0.30984909445047376,3.302853935658932,2263.2862400226695,0.446483673453331
Angels_In_Amplifiers_-_I_m_Alright,nvidia/canary-1b-v2,me,176,119.37,119.84,substitution,0.11691799657601937,0.9259138791000142,0.13113517679420172,2408.662399083493,0.5297945580061745
Angels_In_Amplifiers_-_I_m_Alright,nvidia/canary-1b-v2,i,177,119.84,119.96,correct,0.12154019464339529,0.7964536207062858,0.15060282764690264,2494.0381466015792,0.597963211791856
Angels_In_Amplifiers_-_I_m_Alright,nvidia/canary-1b-v2,think,178,119.96,120.21,correct,0.07777434454432555,0.8754756259066718,0.09387577770810042,2913.634819799417,0.6614537217787334
Angels_In_Amplifiers_-_I_m_Alright,nvidia/canary-1b-v2,i,179,120.21,120.27,correct,0.07734157570770808,1.1216484308242798,0.07578883373311587,2396.5124041460576,0.5764884948730469
Angels_In_Amplifiers_-_I_m_Alright,nvidia/canary-1b-v2,am,180,120.27,120.41,substitution,0.2132978078443557,0.8427726775407791,0.2635125976521522,1723.7247102311812,0.4174170847982168
Angels_In_Amplifiers_-_I_m_Alright,nvidia/canary-1b-v2,fallin,181,120.41,120.62,correct,0.20283607269326845,0.47554042159269255,1.0516349052389462,2364.2080423806788,0.5664778749148051
Angels_In_Amplifiers_-_I_m_Alright,nvidia/canary-1b-v2,does,182,120.62,120.93,substitution,0.2024958574158304,0.5118218811557573,0.49707675856702466,2754.3731298832477,0.6438765885198817
Angels_In_Amplifiers_-_I_m_Alright,nvidia/canary-1b-v2,anybody,183,120.93,121.5,correct,0.18338445802369424,0.6725753707991492,0.6707049379906347,2716.5594936072034,0.6301549932649059
Angels_In_Amplifiers_-_I_m_Alright,nvidia/canary-1b-v2,hear,184,121.68,121.84,correct,0.16548303928640154,1.035158906545904,0.21085235849022865,2364.2577677141157,0.5514022211233774
Angels_In_Amplifiers_-_I_m_Alright,nvidia/canary-1b-v2,me,185,121.84,122.29,correct,0.1617059573835256,0.881062313001983,0.18878550447371542,2370.619483031274,0.5122895514478489
Angels_In_Amplifiers_-_I_m_Alright,nvidia/canary-1b-v2,callin,186,122.29,122.73,correct,0.1480361846430848,0.5038289429309467,0.5899601819304129,2396.006953849339,0.5280960816890001
Angels_In_Amplifiers_-_I_m_Alright,nvidia/canary-1b-v2,help,187,122.73,123.09,correct,0.15492237645846146,0.8952638678825818,0.23258688759345275,2533.0139145091644,0.5261095769894428
Angels_In_Amplifiers_-_I_m_Alright,nvidia/canary-1b-v2,me,188,123.09,123.15,correct,0.11391510721296072,0.108112882822752,1.0888047069311142,3379.507428060643,0.7012414857745171
Angels_In_Amplifiers_-_I_m_Alright,nvidia/canary-1b-v2,dry,189,123.15,123.24,correct,0.1410630002617836,0.9901115961372853,0.36558229476213455,2496.521317396927,0.5208579123020172
Angels_In_Amplifiers_-_I_m_Alright,nvidia/canary-1b-v2,all,190,123.24,123.4,substitution,0.1354571535355515,1.234684318304062,0.11078374046418402,2356.1783890827774,0.4999036838610967
Angels_In_Amplifiers_-_I_m_Alright,nvidia/canary-1b-v2,my,191,123.4,123.52,substitution,0.1451932809182576,1.08604377082416,0.15618084956492698,2587.141620367868,0.5189908891916275
Angels_In_Amplifiers_-_I_m_Alright,nvidia/canary-1b-v2,tears,192,123.52,124.37,substitution,0.21840392409459405,0.5983949033543468,0.8751690504343613,2594.2716161281787,0.545141158544499
Angels_In_Amplifiers_-_I_m_Alright,nvidia/canary-1b-v2,help,193,124.37,124.49,substitution,0.3223769229192,0.7545955158196963,0.4541350786502545,2829.9930933937994,0.6542704472175012
Angels_In_Amplifiers_-_I_m_Alright,nvidia/canary-1b-v2,me,194,124.49,124.56,substitution,0.1702646878030565,1.0304791529973347,0.18357101248370278,3223.511225566217,0.684656474325392
Angels_In_Amplifiers_-_I_m_Alright,nvidia/canary-1b-v2,allay,195,124.56,124.73,substitution,0.1889293876133467,0.8285860732982033,0.2955966874172813,2540.997984386086,0.5952656661209307
Angels_In_Amplifiers_-_I_m_Alright,nvidia/canary-1b-v2,all,196,124.73,124.79,substitution,0.18194992414542607,1.3255254541124617,0.13740285060235433,2856.346583905568,0.6881693346159798
Angels_In_Amplifiers_-_I_m_Alright,nvidia/canary-1b-v2,my,197,124.79,124.94,substitution,0.23727483609143427,1.1421197214547325,0.22995098592603908,2625.2880847049755,0.6098835398169125
Angels_In_Amplifiers_-_I_m_Alright,nvidia/canary-1b-v2,fears,198,124.94,125.47,substitution,0.24547638692732515,0.7761085395669115,0.36948019124824427,2446.32238177518,0.5552267740512716
Angels_In_Amplifiers_-_I_m_Alright,nvidia/canary-1b-v2,and,199,125.47,125.56,substitution,0.09589964083649895,0.16368237070061945,0.7219415659254248,2509.4228307012922,0.6249618801203641
Angels_In_Amplifiers_-_I_m_Alright,nvidia/canary-1b-v2,help,200,125.56,125.95,substitution,0.307310762149947,1.5039698552517664,0.22815134358547984,2240.6401999988207,0.5315330823262533
Angels_In_Amplifiers_-_I_m_Alright,nvidia/canary-1b-v2,me,201,125.95,126.03,substitution,0.24561510384082794,1.1806038618087769,0.2110623873770237,2280.9768044807724,0.5446813613176346
Angels_In_Amplifiers_-_I_m_Alright,nvidia/canary-1b-v2,i,202,126.03,126.19,deletion,0.2716050065226025,0.9204640272590849,0.3020465295347903,2111.318141881464,0.5423271771934297
Angels_In_Amplifiers_-_I_m_Alright,nvidia/canary-1b-v2,think,203,126.19,126.33,correct,0.22567942179739475,0.17623692122288048,1.9044640976935625,2512.746421083141,0.5954741965979338
Angels_In_Amplifiers_-_I_m_Alright,nvidia/canary-1b-v2,i,204,126.67,126.71,correct,0.39835500717163086,0.6164183139801025,0.6673008561134338,2263.5106115111403,0.5675807118415832
Angels_In_Amplifiers_-_I_m_Alright,nvidia/canary-1b-v2,am,205,126.71,127.21,correct,0.4430900893428109,0.5720046260140159,0.9584729926152663,2324.977020536963,0.4475250786001032
Angels_In_Amplifiers_-_I_m_Alright,nvidia/canary-1b-v2,fallin,206,127.21,127.88,substitution,0.2981341741979122,0.6889195893373754,0.6393848176424702,2227.3938206114244,0.5282290023234155
Angels_In_Amplifiers_-_I_m_Alright,nvidia/canary-1b-v2,does,207,127.88,128.13,substitution,0.24313015543988772,0.4715535978653601,0.6871389837137291,2514.736503836352,0.5686159208416939
Angels_In_Amplifiers_-_I_m_Alright,nvidia/canary-1b-v2,anybody,208,128.13,129.93,correct,0.30058670333475646,0.6470739784906256,0.5959459508870549,2224.862928705284,0.4968944067627655
Angels_In_Amplifiers_-_I_m_Alright,nvidia/canary-1b-v2,hear,209,129.93,130.11,substitution,0.36730285584926603,0.9423584029078483,0.4137777529656887,2375.3865047952136,0.5401726499199867
Angels_In_Amplifiers_-_I_m_Alright,nvidia/canary-1b-v2,me,210,130.11,130.17,correct,0.17975669460637228,0.2682003804615566,0.680513824735369,2413.0232266722683,0.55022103871618
Angels_In_Amplifiers_-_I_m_Alright,nvidia/canary-1b-v2,callin,211,130.17,130.36,substitution,0.25464535640044644,0.8806440870870244,0.353409733961929,2080.743003525509,0.492456780238585
Angels_In_Amplifiers_-_I_m_Alright,nvidia/canary-1b-v2,i'm,212,130.36,130.44,substitution,0.28347385426362354,0.8751758204566108,0.3388150516483519,1544.6036140067865,0.35821958382924396
Angels_In_Amplifiers_-_I_m_Alright,nvidia/canary-1b-v2,alright,213,130.44,130.63,substitution,0.2349569300810496,0.43434654495545794,1.1790816840671359,2258.945549873908,0.5590240898586455
Angels_In_Amplifiers_-_I_m_Alright,nvidia/canary-1b-v2,as,214,130.63,130.91,substitution,0.35080862958585063,0.5961919705713948,0.6246830349968325,2610.3421898297715,0.5580557325193959
Angels_In_Amplifiers_-_I_m_Alright,nvidia/canary-1b-v2,i,215,130.91,131.39,substitution,0.3482351340353489,0.9349530505446287,0.4419918994490917,2361.5990862893323,0.515289615553159
Angels_In_Amplifiers_-_I_m_Alright,nvidia/canary-1b-v2,pick,216,131.39,131.67,substitution,0.18436033615181524,0.1342846679711534,2.10085884217293,2343.2412937013974,0.5821329816695182
Angels_In_Amplifiers_-_I_m_Alright,nvidia/canary-1b-v2,up,217,131.67,131.83,substitution,0.38258348322576946,1.0996699863009982,0.3933962782224019,1763.305227663805,0.4466644740766949
Angels_In_Amplifiers_-_I_m_Alright,nvidia/canary-1b-v2,the,218,131.83,137.79,substitution,0.336531678597725,0.9343738550791046,0.6349000152510414,2475.3990566524144,0.5381029540178727
Angels_In_Amplifiers_-_I_m_Alright,nvidia/canary-1b-v2,pieces,219,138.4,138.56,substitution,0.284676661921872,0.5069433434142007,0.6995703975359598,2458.312302523336,0.589877532588111
Angels_In_Amplifiers_-_I_m_Alright,nvidia/canary-1b-v2,that,220,138.56,140.15,substitution,0.30211786677440006,0.6441560199604048,0.7138872789709192,2374.1409752762256,0.5543457313239226
Angels_In_Amplifiers_-_I_m_Alright,nvidia/canary-1b-v2,i've,221,140.18,140.43,correct,0.23467461445501872,1.0581624986869949,0.3676295820623636,2285.5347832697867,0.5221022441983223
Angels_In_Amplifiers_-_I_m_Alright,nvidia/canary-1b-v2,left,222,140.43,140.76,correct,0.24759608072539172,1.0645713152156935,0.45070998805264634,2286.9610911195437,0.5399370359049903
Angels_In_Amplifiers_-_I_m_Alright,nvidia/canary-1b-v2,of,223,140.76,140.84,correct,0.22727965315183005,0.6127967602676816,0.3842759993341234,1942.415858346129,0.4802306029531691
Angels_In_Amplifiers_-_I_m_Alright,nvidia/canary-1b-v2,me,224,140.84,141.22,correct,0.3131748783801283,0.4611059459192412,0.8271550089120865,1559.7007456738968,0.36142576166561674
Angels_In_Amplifiers_-_I_m_Alright,nvidia/canary-1b-v2,i'm,225,141.25,141.65,substitution,0.2756936103105545,1.2551324905996972,0.321946852078492,2839.047159700437,0.5793693946166472
Angels_In_Amplifiers_-_I_m_Alright,nvidia/canary-1b-v2,alright,226,141.65,142.76,substitution,0.2217668250766622,0.8409210451949043,0.6540064982005528,2302.4116097733995,0.5071423502028489
Angels_In_Amplifiers_-_I_m_Alright,nvidia/canary-1b-v2,being,227,143.72,144.08,substitution,0.42137437982436937,1.1047609662398314,0.43651768259513074,2281.7376698708863,0.5131214123505813
Angels_In_Amplifiers_-_I_m_Alright,nvidia/canary-1b-v2,away,228,144.08,144.47,substitution,0.3132657772579858,1.0545771407873132,0.5505549524759137,2412.2518072288167,0.5646015502685724
Angels_In_Amplifiers_-_I_m_Alright,nvidia/canary-1b-v2,from,229,144.47,144.84,substitution,0.26979179307818413,1.0266235183924437,0.4109369318932295,2267.998331916172,0.5822712644934654
Angels_In_Amplifiers_-_I_m_Alright,nvidia/canary-1b-v2,you,230,144.84,145.31,substitution,0.32734594187315774,0.8676977245246663,0.3950249546883153,2445.9002908486837,0.586166198347129
Angels_In_Amplifiers_-_I_m_Alright,nvidia/canary-1b-v2,and,231,145.31,145.41,substitution,0.31789013495047885,0.45531095812718075,0.7149787247180939,2622.1506908294637,0.6457562794288
Angels_In_Amplifiers_-_I_m_Alright,nvidia/canary-1b-v2,i'll,232,145.41,145.66,substitution,0.14560580546302454,0.12242778077987689,1.951947618808065,3287.6051028671827,0.7250242020402636
Angels_In_Amplifiers_-_I_m_Alright,nvidia/canary-1b-v2,be,233,146.52,146.69,substitution,0.2417129364452864,0.2761368622121058,0.8957730468950773,1455.8253398704828,0.3574457952850743
Angels_In_Amplifiers_-_I_m_Alright,nvidia/canary-1b-v2,fine,234,146.69,146.98,substitution,0.392276463098824,1.0104673472233117,0.46403283113613725,2163.191216802935,0.5139458710327744
Angels_In_Amplifiers_-_I_m_Alright,nvidia/canary-1b-v2,cleaning,235,146.98,147.33,substitution,0.3029209856803601,0.6860617223458413,0.6963278933977469,2152.711789914441,0.4920365061515417
Angels_In_Amplifiers_-_I_m_Alright,nvidia/canary-1b-v2,up,236,147.33,148.26,deletion,0.28200182646512983,1.0137692460604013,0.5463896844536066,2144.7746897745865,0.5045992338657379
Angels_In_Amplifiers_-_I_m_Alright,nvidia/canary-1b-v2,the,237,148.68,149.32,deletion,0.24621945570992387,0.7616468734391357,0.5476927828529606,2502.6581026482986,0.6019682685534159
Angels_In_Amplifiers_-_I_m_Alright,nvidia/canary-1b-v2,corner,238,149.35,149.92,correct,0.23832194290814862,0.8201971772096811,0.7042562471282098,2239.8309624539384,0.5563829930559281
Angels_In_Amplifiers_-_I_m_Alright,nvidia/canary-1b-v2,put,239,149.95,150.15,correct,0.3794073774056001,0.8563525556502017,0.6194148429415443,1948.8759998270916,0.46229738809845666
Angels_In_Amplifiers_-_I_m_Alright,nvidia/canary-1b-v2,it,240,150.15,150.28,substitution,0.2258098304271698,0.4326649005214373,0.8825550595919291,2191.102755879493,0.5096850355466207
Angels_In_Amplifiers_-_I_m_Alright,nvidia/canary-1b-v2,back,241,150.28,150.48,substitution,0.2803636109051497,0.519385422701421,0.8824590820333232,1913.457721586447,0.4919779870821082
Angels_In_Amplifiers_-_I_m_Alright,nvidia/canary-1b-v2,in,242,150.48,150.65,correct,0.45146518004568,1.3360518405311985,0.3460103791011007,1756.1545647905211,0.4067658750634444
Angels_In_Amplifiers_-_I_m_Alright,nvidia/canary-1b-v2,order,243,150.65,150.98,substitution,0.28626807654897374,1.62632407910294,0.20090534248285824,2231.9202585954567,0.5421144970589213
Angels_In_Amplifiers_-_I_m_Alright,nvidia/canary-1b-v2,i,244,150.98,151.37,correct,0.23317964080461237,0.5770878499850284,0.8148569540922032,2431.9591187306787,0.5914647024731303
Angels_In_Amplifiers_-_I_m_Alright,nvidia/canary-1b-v2,know,245,151.72,152.24,substitution,0.3634128190044846,0.9168330579996109,0.4339998649167163,2074.0732829365234,0.4519377404025623
Angels_In_Amplifiers_-_I_m_Alright,nvidia/canary-1b-v2,i,246,152.24,152.28,substitution,0.5020900319019953,0.917132556438446,0.5440113693475723,1531.5884612671077,0.33082395792007446
Angels_In_Amplifiers_-_I_m_Alright,nvidia/canary-1b-v2,will,247,152.28,152.37,substitution,0.4544797524809837,0.9094385921955108,0.4870147317647934,1531.2924220004911,0.3526157945394516
Angels_In_Amplifiers_-_I_m_Alright,nvidia/canary-1b-v2,always,248,152.37,152.92,deletion,0.292463335643212,0.9487245241800945,0.39621939435601233,2247.171765494588,0.4603360518813133
Angels_In_Amplifiers_-_I_m_Alright,nvidia/canary-1b-v2,have,249,152.92,153.22,deletion,0.26403884544517053,0.7869582979968099,0.4572096114808863,2472.550169469989,0.5852436901945056
Angels_In_Amplifiers_-_I_m_Alright,nvidia/canary-1b-v2,this,250,153.22,153.61,deletion,0.23813569580399713,0.4253843475219815,0.6876569792281749,3334.4591423311917,0.6267313867114311
Angels_In_Amplifiers_-_I_m_Alright,nvidia/canary-1b-v2,too,251,153.61,153.91,deletion,0.1974412053823471,0.5939363259257693,0.3434519885164319,3108.0944505267366,0.6263282100359598
Angels_In_Amplifiers_-_I_m_Alright,nvidia/canary-1b-v2,oh,252,153.94,157.29,unknown,0.3341960149021122,0.9860614484082387,0.7857684039994658,2780.2575631595814,0.5856280267738098
Angels_In_Amplifiers_-_I_m_Alright,nvidia/canary-1b-v2,yeah,253,157.32,157.76,unknown,0.5288641440371672,0.6236319483723491,1.9802003931254148,2162.8906880372783,0.44490333708624047
Angels_In_Amplifiers_-_I_m_Alright,nvidia/canary-1b-v2,i'm,254,158.4,158.45,unknown,0.4296867113028254,0.4865725098976067,0.9271770971161979,1884.3001846356567,0.42915686539241243
Angels_In_Amplifiers_-_I_m_Alright,nvidia/canary-1b-v2,alright,255,158.45,158.6,unknown,0.34680376245695,0.394654277492972,0.8901625591165879,2694.0859562706823,0.6034190830062417
Angels_In_Amplifiers_-_I_m_Alright,nvidia/canary-1b-v2,as,256,158.6,158.66,unknown,0.2634353744132178,0.2532532608934811,1.1211677363940649,2032.3390919758083,0.4907001852989197
Angels_In_Amplifiers_-_I_m_Alright,nvidia/canary-1b-v2,i,257,158.66,158.69,unknown,0.15546842105686665,0.10444739833474159,2.0934618413448334,2279.594076055659,0.5013424456119537
Angels_In_Amplifiers_-_I_m_Alright,nvidia/canary-1b-v2,pick,258,158.69,158.89,unknown,0.4867024240286454,0.7023541263264158,1.0110244958297065,1646.0115159344762,0.4114957438862842
Angels_In_Amplifiers_-_I_m_Alright,nvidia/canary-1b-v2,up,259,158.89,159.02,unknown,0.24258247315883635,0.3252304695546627,0.8304019649823506,1693.5973898497234,0.4313494006792704
Angels_In_Amplifiers_-_I_m_Alright,nvidia/canary-1b-v2,the,260,159.02,159.11,unknown,0.31163824424147607,0.36711430586874483,0.8846572756767273,1754.490312419603,0.42525974214076995
Angels_In_Amplifiers_-_I_m_Alright,nvidia/canary-1b-v2,pieces,261,159.11,159.79,unknown,0.2621453330927604,0.4622566449279721,0.7363267315400613,2769.781968035532,0.5682644521867907
Angels_In_Amplifiers_-_I_m_Alright,nvidia/canary-1b-v2,that,262,159.79,160.36,unknown,0.392091125129692,1.3199912100549667,0.36657317463428746,2352.8337531057737,0.5272634394707219
Angels_In_Amplifiers_-_I_m_Alright,nvidia/canary-1b-v2,i've,263,160.36,160.44,unknown,0.3189338876141442,0.3713315957122379,0.861368457476298,1358.2592300888818,0.34736525019009906
Angels_In_Amplifiers_-_I_m_Alright,nvidia/canary-1b-v2,left,264,160.44,160.79,unknown,0.32675432511850405,0.8813135752356366,1.2500637793227245,2191.0944041696807,0.5276227695377249
Angels_In_Amplifiers_-_I_m_Alright,nvidia/canary-1b-v2,of,265,160.79,160.93,unknown,0.26117559615522623,0.6528306491672993,0.4542654873803258,2034.3789588054474,0.5161728709936142
Angels_In_Amplifiers_-_I_m_Alright,nvidia/canary-1b-v2,me,266,160.93,161.23,unknown,0.2430205379020084,0.3723465221172029,0.9805603153777845,2108.7550475788757,0.5194483309081106
Angels_In_Amplifiers_-_I_m_Alright,nvidia/canary-1b-v2,i'm,267,161.26,161.71,unknown,0.35763996322544256,1.3348773657059183,0.29014373068906824,2730.7918824045964,0.603193826213175
Angels_In_Amplifiers_-_I_m_Alright,nvidia/canary-1b-v2,alright,268,161.71,162.67,unknown,0.3484380579399831,0.9860270883417824,0.7936603798015603,2221.3820544833275,0.5400136037937646
Angels_In_Amplifiers_-_I_m_Alright,nvidia/canary-1b-v2,being,269,163.67,164.07,unknown,0.6778618577261304,1.073449261183309,0.8412342965602875,2343.149731519057,0.43263140112854714
Angels_In_Amplifiers_-_I_m_Alright,nvidia/canary-1b-v2,away,270,164.07,164.45,unknown,0.5518418784652438,1.222656478839261,0.6312960187594095,2097.32530378921,0.4280664168653034
Angels_In_Amplifiers_-_I_m_Alright,nvidia/canary-1b-v2,from,271,164.48,164.83,unknown,0.3544635039411093,1.1492521276599483,0.37345351514063385,1636.258447321923,0.3604856031505685
Angels_In_Amplifiers_-_I_m_Alright,nvidia/canary-1b-v2,you,272,164.83,165.34,unknown,0.43028256643031326,0.8331094682216644,0.5639997007591384,1781.4780335343733,0.38570695370435715
Angels_In_Amplifiers_-_I_m_Alright,nvidia/canary-1b-v2,and,273,165.34,166.61,unknown,0.20098852459341288,0.7006090904914719,0.8815724804230473,2578.145271493251,0.5774783034096745
Angels_In_Amplifiers_-_I_m_Alright,nvidia/canary-1b-v2,i'll,274,166.69,166.96,unknown,0.42786917338768643,0.8182096426685651,0.7996650377909342,2224.8269610551356,0.5403864999612172
Angels_In_Amplifiers_-_I_m_Alright,nvidia/canary-1b-v2,be,275,166.96,167.17,unknown,0.39209132479584735,0.6625968619533207,0.7678221282751664,2414.7685621883816,0.567857923715011
Angels_In_Amplifiers_-_I_m_Alright,nvidia/canary-1b-v2,fine,276,167.17,168.32,unknown,0.36338128359808075,0.9150542579891701,1.0443770420407095,2169.216268092024,0.5145632780848011
Angels_In_Amplifiers_-_I_m_Alright,nvidia/canary-1b-v2,cleaning,277,168.68,169.06,unknown,0.4379671123765764,0.726805331628947,0.6941810654742377,2007.300617442116,0.46685390671094257
Angels_In_Amplifiers_-_I_m_Alright,nvidia/canary-1b-v2,up,278,169.06,169.18,unknown,0.480307773901866,0.46076961205555844,1.6402207200343792,1684.6480897113565,0.3766926091450911
Angels_In_Amplifiers_-_I_m_Alright,nvidia/canary-1b-v2,the,279,169.18,169.32,unknown,0.17026681103743613,0.2483740400057286,1.0552582331001759,2114.0765178787105,0.5298675000667572
Angels_In_Amplifiers_-_I_m_Alright,nvidia/canary-1b-v2,corner,280,169.32,169.93,unknown,0.3386387292182807,0.7760092409496958,0.7473087511730917,1735.6142593043169,0.41664063478961133
Angels_In_Amplifiers_-_I_m_Alright,nvidia/canary-1b-v2,putting,281,169.96,170.29,unknown,0.5627725244396262,0.6869158097025421,0.8583470963769488,1622.4611667454096,0.3703246009018686
Angels_In_Amplifiers_-_I_m_Alright,nvidia/canary-1b-v2,back,282,170.29,170.47,unknown,0.3582639515399933,0.4880993366241455,0.9699936479330062,1780.6966661106412,0.4253882929682732
Angels_In_Amplifiers_-_I_m_Alright,nvidia/canary-1b-v2,in,283,170.47,170.65,unknown,0.59170061647892,1.2928802251815796,0.4675914362072945,1473.1220493107044,0.31103520318865774
Angels_In_Amplifiers_-_I_m_Alright,nvidia/canary-1b-v2,order,284,170.65,171.31,unknown,0.377484913294514,1.2816901639000409,0.5669240814944109,1821.6810164499168,0.41531738514701527
Angels_In_Amplifiers_-_I_m_Alright,nvidia/canary-1b-v2,but,285,171.7,171.8,unknown,0.31169080423812073,0.38779934247334796,0.9335978627204895,1552.6717204789138,0.38288258016109467
Angels_In_Amplifiers_-_I_m_Alright,nvidia/canary-1b-v2,know,286,171.8,172.04,unknown,0.4673857998389464,1.0305331418147454,0.4712861105799675,1717.865127108818,0.3948265944535916
Angels_In_Amplifiers_-_I_m_Alright,nvidia/canary-1b-v2,i,287,172.04,172.15,unknown,0.40337472007824826,1.2935216701947725,0.3144123943952414,1878.8776334007914,0.3807952885444348
Angels_In_Amplifiers_-_I_m_Alright,nvidia/canary-1b-v2,will,288,172.15,172.4,unknown,0.4095623088734491,0.8159159219690731,0.5552219195025307,1804.8736722733388,0.4028681165405682
Angels_In_Amplifiers_-_I_m_Alright,nvidia/canary-1b-v2,always,289,172.4,172.92,unknown,0.2702872024050781,0.8541710967464107,0.41876947560480665,2461.2600186177774,0.550607966525214
Angels_In_Amplifiers_-_I_m_Alright,nvidia/canary-1b-v2,have,290,172.92,173.28,unknown,0.4423473969101906,1.1512849450111389,0.5179948654025793,2286.553164367914,0.5401303641498089
Angels_In_Amplifiers_-_I_m_Alright,nvidia/canary-1b-v2,this,291,173.28,173.6,unknown,0.28977752583367483,0.4633327384080206,0.7142901624952044,2921.530156049402,0.6408493518829346
Angels_In_Amplifiers_-_I_m_Alright,nvidia/canary-1b-v2,too,292,173.6,174.33,unknown,0.4515913641905483,0.8658745320914667,0.5416102009483531,2131.9837806899336,0.5104195709469952
Angels_In_Amplifiers_-_I_m_Alright,nvidia/canary-1b-v2,a,293,175.1,175.17,unknown,0.25117634423077106,0.27359592355787754,0.9952831417322159,1717.509188719712,0.44350507482886314
Angels_In_Amplifiers_-_I_m_Alright,nvidia/canary-1b-v2,little,294,175.17,175.57,unknown,0.3225228708576072,0.43183773645961826,1.2208135297352618,1557.0338088699418,0.3528077128258618
Angels_In_Amplifiers_-_I_m_Alright,nvidia/canary-1b-v2,piece,295,175.57,175.81,unknown,0.3606093258217529,0.47764320602571525,0.8572202832610519,2510.9058388718745,0.5331406626436446
Angels_In_Amplifiers_-_I_m_Alright,nvidia/canary-1b-v2,of,296,175.81,175.88,unknown,0.3727853372693062,0.3408941999077797,1.1138497367501259,1480.940574813789,0.3678293749690056
Angels_In_Amplifiers_-_I_m_Alright,nvidia/canary-1b-v2,you,297,175.88,176.45,unknown,0.27265988885154646,0.479945155236149,0.8919044925320533,1627.756864024493,0.37184267707409396
BKS_-_Bulldozer,nvidia/canary-1b-v2,burning,0,27.47,28.22,substitution,0.12451140623953608,0.2961442932302569,0.5324998142910592,2815.7039499566727,0.5764605855500257
BKS_-_Bulldozer,nvidia/canary-1b-v2,in,1,28.22,28.53,correct,0.1583720925537979,0.32655855268239975,0.5093385355875772,2669.4482049218886,0.5349704211249071
BKS_-_Bulldozer,nvidia/canary-1b-v2,the,2,28.53,28.7,correct,0.06691572854393407,0.1957123759447744,1.6338243951138698,3130.3328533757904,0.6433466359188682
BKS_-_Bulldozer,nvidia/canary-1b-v2,early,3,28.75,29.54,substitution,0.20427138866747127,0.3915546089410782,0.5880926456521539,2518.8423588387423,0.4742227929479936
BKS_-_Bulldozer,nvidia/canary-1b-v2,morning,4,29.54,30.13,substitution,0.1611799083184451,0.3301836854079738,0.5520298026967794,2456.746719878283,0.49028747621923685
BKS_-_Bulldozer,nvidia/canary-1b-v2,heat,5,30.13,30.76,substitution,0.12234625576630882,0.19793316252205684,0.6326707251693892,3056.5046721867193,0.6147912589536197
BKS_-_Bulldozer,nvidia/canary-1b-v2,determined,6,33.34,34.25,correct,0.13217511039455326,0.2821515539318931,0.7992731080371507,2915.911062684477,0.5941786170005798
BKS_-_Bulldozer,nvidia/canary-1b-v2,to,7,34.25,34.67,correct,0.10442994632150816,0.18393032511939172,0.6431253652857698,2999.3598409273427,0.6681820361510568
BKS_-_Bulldozer,nvidia/canary-1b-v2,stay,8,34.67,35.14,correct,0.17603488982308144,0.30629068645922575,0.637285021298072,2984.5763099123665,0.5579702509384529
BKS_-_Bulldozer,nvidia/canary-1b-v2,on,9,35.14,35.43,correct,0.2812970532104373,0.40190136432647705,0.7044739406555891,2034.8155064811951,0.34632612438872457
BKS_-_Bulldozer,nvidia/canary-1b-v2,my,10,35.43,35.63,substitution,0.18371121077374977,0.34557746892625635,0.5445359322157773,2639.0460125548557,0.4449600665406747
BKS_-_Bulldozer,nvidia/canary-1b-v2,feet,11,35.63,36.34,correct,0.0989780007293085,0.19795519372678133,0.8734414664568839,2822.3580170802766,0.5599971688413
BKS_-_Bulldozer,nvidia/canary-1b-v2,it's,12,38.78,38.9,correct,0.06700921723885196,0.21936163013534887,0.3537997677922249,2676.4917559597297,0.6302453385932105
BKS_-_Bulldozer,nvidia/canary-1b-v2,hard,13,38.9,39.12,correct,0.1361597590148449,0.31112868649264175,0.4449582410355409,3001.7953963334585,0.6773640612761179
BKS_-_Bulldozer,nvidia/canary-1b-v2,to,14,39.12,39.2,correct,0.10790456235408782,0.32032710313796997,0.3766119346022606,2446.81480426565,0.5717120409011841
BKS_-_Bulldozer,nvidia/canary-1b-v2,be,15,39.2,39.61,correct,0.16446911775403553,0.2775540825393465,0.8861651841137145,2675.264641730403,0.5297562128967709
BKS_-_Bulldozer,nvidia/canary-1b-v2,a,16,39.61,39.66,correct,0.10754732725520928,0.18411543282369772,0.7582671989997228,3543.212468398089,0.6504567364851633
BKS_-_Bulldozer,nvidia/canary-1b-v2,tree,17,39.66,40.33,correct,0.14084624845741522,0.23051836318336427,0.6884452212187979,2865.7014558423116,0.5953998747799132
BKS_-_Bulldozer,nvidia/canary-1b-v2,in,18,40.33,40.47,substitution,0.1117433700710535,0.35141742415726185,0.31757645681500435,2369.8258549082148,0.479077928699553
BKS_-_Bulldozer,nvidia/canary-1b-v2,the,19,40.47,40.55,correct,0.17509881258010865,0.3753441870212555,0.48271900564432146,1590.267408904629,0.4010368973016739
BKS_-_Bulldozer,nvidia/canary-1b-v2,desert,20,40.55,41.02,correct,0.2373958740237297,0.2606378092485316,1.201885981594815,2507.5680395574004,0.5147436725742677
BKS_-_Bulldozer,nvidia/canary-1b-v2,expediency,21,41.14,42.3,correct,0.14854515145622915,0.2960645128792572,0.6746652161161746,3148.846228126367,0.5843306498662117
BKS_-_Bulldozer,nvidia/canary-1b-v2,makes,22,42.3,42.61,correct,0.10900462993553707,0.2761144080332347,0.45588107321943555,3088.289166180075,0.5997214453560965
BKS_-_Bulldozer,nvidia/canary-1b-v2,sense,23,42.61,43.08,correct,0.17321613284887052,0.2976037821933335,0.6483526206484028,3142.8917196514685,0.6794436959659352
BKS_-_Bulldozer,nvidia/canary-1b-v2,if,24,43.08,43.23,substitution,0.11468750632861081,0.12521545906715534,3.17890402674675,2381.01913957902,0.5240079795613009
BKS_-_Bulldozer,nvidia/canary-1b-v2,you,25,43.23,43.32,substitution,0.1432540513575077,0.24484649300575256,0.6568751037120819,2153.2937739202025,0.5381657838821411
BKS_-_Bulldozer,nvidia/canary-1b-v2,let,26,43.32,43.6,correct,0.21899265050888062,0.27566039201713377,1.5363481198587725,2239.8411396588876,0.5317101795827189
BKS_-_Bulldozer,nvidia/canary-1b-v2,it,27,43.6,43.87,correct,0.13598958694686492,0.16818123075645416,2.57697343925635,2519.227823551499,0.5171575635671616
BKS_-_Bulldozer,nvidia/canary-1b-v2,reasoning,28,43.93,44.88,correct,0.15423860787911323,0.3086663080058377,1.9590272359477663,2915.814477930787,0.6081608261876893
BKS_-_Bulldozer,nvidia/canary-1b-v2,like,29,44.88,45.24,correct,0.10190977805700058,0.2813661489635706,0.6230262456796108,3275.190353489509,0.6486646043948638
BKS_-_Bulldozer,nvidia/canary-1b-v2,that,30,45.24,45.8,correct,0.1844765239807426,0.2657726167082848,1.1932805898736736,2892.0828815127666,0.6307792160354677
BKS_-_Bulldozer,nvidia/canary-1b-v2,could,31,45.8,46.03,substitution,0.1815439383685589,0.2511849662661552,1.0995861387252808,2838.2910751600325,0.6068938624858856
BKS_-_Bulldozer,nvidia/canary-1b-v2,mean,32,46.03,46.45,correct,0.17584336727209712,0.3325451929932055,0.6218716353178024,2655.8241049325156,0.6025155471718829
BKS_-_Bulldozer,nvidia/canary-1b-v2,your,33,46.45,46.74,substitution,0.19551813416182995,0.31403419002890587,0.6274455031380057,2973.2411461088495,0.5775503600016236
BKS_-_Bulldozer,nvidia/canary-1b-v2,life,34,46.74,47.48,correct,0.13983539706096054,0.24367642995275673,3.151309289969504,2752.341440862133,0.5915574356913567
BKS_-_Bulldozer,nvidia/canary-1b-v2,a,35,49.46,49.55,correct,0.054168970747427506,0.28155306667428126,0.44980170916427265,4231.221651589599,0.7580606883222406
BKS_-_Bulldozer,nvidia/canary-1b-v2,look,36,49.55,49.76,correct,0.0976826018937256,0.18450291492247387,1.7541880989852159,2983.9025721647045,0.6318731955859972
BKS_-_Bulldozer,nvidia/canary-1b-v2,conveying,37,49.76,50.24,substitution,0.12161536013277677,0.3004047487584802,0.7339951779979926,2537.3558079415357,0.5376330642746046
BKS_-_Bulldozer,nvidia/canary-1b-v2,hope,38,50.24,50.58,correct,0.18231519718507402,0.21014487147821406,3.002769979207139,2376.4890849422195,0.5604636480933741
BKS_-_Bulldozer,nvidia/canary-1b-v2,to,39,50.58,50.76,substitution,0.10885909553617239,0.26566577079938725,1.2103533364832402,3190.6895775469798,0.6492611944675446
BKS_-_Bulldozer,nvidia/canary-1b-v2,the,40,50.76,50.88,correct,0.2606985079390662,0.30036927866084234,1.1356496683188848,2018.0721040926016,0.5164457197700228
BKS_-_Bulldozer,nvidia/canary-1b-v2,merciless,41,50.88,51.55,substitution,0.1694544508225388,0.33151801825604504,0.5478235149963034,2985.5460894934895,0.6159019598530399
BKS_-_Bulldozer,nvidia/canary-1b-v2,cloudless,42,51.55,52.18,deletion,0.20489311168956406,0.26761116818798814,1.2632479056277697,2528.713304763311,0.5301232933998108
BKS_-_Bulldozer,nvidia/canary-1b-v2,sky,43,52.18,52.37,correct,0.17089727419343861,0.2488028362224048,0.8379372541200031,2926.945542794536,0.686927929520607
BKS_-_Bulldozer,nvidia/canary-1b-v2,my,44,52.37,53.76,correct,0.27600549716477424,0.40829030925020476,0.8001704420019317,2234.636320606798,0.38720348097333973
BKS_-_Bulldozer,nvidia/canary-1b-v2,leaves,45,54.97,55.51,correct,0.12094750798354714,0.30509035560791775,0.4949049520290504,2483.7237062227227,0.567150727672092
BKS_-_Bulldozer,nvidia/canary-1b-v2,are,46,55.51,55.55,correct,0.1182398870587349,0.18387563526630402,0.6722831964492798,3124.402860677854,0.6681337833404541
BKS_-_Bulldozer,nvidia/canary-1b-v2,brown,47,55.55,56.2,substitution,0.12268667119954313,0.2923792583069631,0.6102028363517352,2695.600735625605,0.5737916510019984
BKS_-_Bulldozer,nvidia/canary-1b-v2,and,48,56.2,56.34,substitution,0.10821402166038752,0.48051200434565544,0.22200732585042715,2213.5182177884863,0.4441865021362901
BKS_-_Bulldozer,nvidia/canary-1b-v2,my,49,56.34,56.44,correct,0.23477192098895708,0.44431642691294354,0.5239809677004814,2106.612755950167,0.5273739658296108
BKS_-_Bulldozer,nvidia/canary-1b-v2,rootstock,50,56.44,57.26,correct,0.14333622563969006,0.21410618774031967,4.039842365140265,2370.2250672323316,0.5420437448404052
BKS_-_Bulldozer,nvidia/canary-1b-v2,is,51,57.26,57.46,correct,0.16776800414790277,0.22423742598165636,0.7854422797327456,3169.027104387016,0.6095713156720867
BKS_-_Bulldozer,nvidia/canary-1b-v2,bone,52,57.46,58.7,correct,0.18550863234620346,0.3848450762548841,0.5552958740775746,2032.2567298164963,0.4213492268682423
BKS_-_Bulldozer,nvidia/canary-1b-v2,dry,53,58.7,59.67,correct,0.15637052048427555,0.2643791575683281,1.0879709201936538,2283.1676788247546,0.48993679565879017
BKS_-_Bulldozer,nvidia/canary-1b-v2,but,54,60.78,61.0,correct,0.11311120757212241,0.2218553846081098,0.7486117879549662,3186.434689461625,0.671707364420096
BKS_-_Bulldozer,nvidia/canary-1b-v2,i,55,61.0,61.11,correct,0.14264938636468008,0.2924145869910717,0.6716162310196803,2967.48292024487,0.7054195862550002
BKS_-_Bulldozer,nvidia/canary-1b-v2,can,56,61.11,61.28,substitution,0.23418116079349266,0.2953402202478365,1.4010831494080394,2208.2977586878733,0.5077256419156727
BKS_-_Bulldozer,nvidia/canary-1b-v2,hear,57,61.28,61.67,substitution,0.17398031281177387,0.37381854480089144,0.4951392902537834,2485.8200808377137,0.5677191226981407
BKS_-_Bulldozer,nvidia/canary-1b-v2,a,58,61.67,61.71,correct,0.13707730621099473,0.32907081246376035,0.4456966698169708,3604.9477962154842,0.7495162963867188
BKS_-_Bulldozer,nvidia/canary-1b-v2,sound,59,61.71,62.39,substitution,0.12705200910568237,0.3144969405376748,0.40944997558038526,2941.6628673117134,0.6436699053196058
BKS_-_Bulldozer,nvidia/canary-1b-v2,in,60,62.39,62.53,correct,0.15588177647441626,0.36824058182537556,0.4472697004675865,2360.048882634125,0.45766584761440754
BKS_-_Bulldozer,nvidia/canary-1b-v2,the,61,62.53,62.61,correct,0.2849659636616707,0.4048103988170624,0.7290874630212784,1724.0596699417533,0.3694360226392746
BKS_-_Bulldozer,nvidia/canary-1b-v2,distance,62,62.61,63.38,correct,0.18548930009984108,0.19859154566740952,1.213178457984005,2508.468466369295,0.5515340681535652
BKS_-_Bulldozer,nvidia/canary-1b-v2,and,63,63.58,63.73,correct,0.09653757205780815,0.17997505702078342,2.546619706294116,2586.577647167547,0.561370355241439
BKS_-_Bulldozer,nvidia/canary-1b-v2,now,64,63.73,63.97,substitution,0.14617537320763976,0.34559202359782326,0.4325290830047042,3235.327591345905,0.7052437883836252
BKS_-_Bulldozer,nvidia/canary-1b-v2,i,65,63.97,64.02,correct,0.09440355747938156,0.30010170489549637,0.4655496800939242,3052.1979763594427,0.697087307771047
BKS_-_Bulldozer,nvidia/canary-1b-v2,feel,66,64.02,64.42,correct,0.18912831050428477,0.2686871350319548,1.0391007323156705,2942.6248641716716,0.5121049332347783
BKS_-_Bulldozer,nvidia/canary-1b-v2,that,67,64.42,64.63,correct,0.1444903657488201,0.3605293923098108,0.48264985045661096,2891.364976519245,0.5014014010844023
BKS_-_Bulldozer,nvidia/canary-1b-v2,i've,68,64.63,64.74,correct,0.1634871300596457,0.23954053738942513,1.0497550070285797,1790.6233550156378,0.4577041405897874
BKS_-_Bulldozer,nvidia/canary-1b-v2,got,69,64.74,65.07,correct,0.13625676391853225,0.23455878714513448,1.16114440601733,2562.968005431028,0.5439506197969118
BKS_-_Bulldozer,nvidia/canary-1b-v2,no,70,65.07,65.3,correct,0.12657500918094927,0.31030732937730277,0.447093804868368,1772.7846127814178,0.39197171192902786
BKS_-_Bulldozer,nvidia/canary-1b-v2,resistance,71,65.3,66.13,correct,0.1550495983258392,0.25136211455872887,0.8445043135225103,3016.83051077628,0.6118689430563637
BKS_-_Bulldozer,nvidia/canary-1b-v2,it's,72,66.3,66.43,deletion,0.059205791513834684,0.09146348486787506,1.5667533980948585,3930.4892151231074,0.6842033054147448
BKS_-_Bulldozer,nvidia/canary-1b-v2,gonna,73,66.43,66.78,deletion,0.13407847466759193,0.275258414590588,0.788316703759707,3163.9917923297367,0.6127664492680476
BKS_-_Bulldozer,nvidia/canary-1b-v2,come,74,66.78,67.21,deletion,0.17107809644113195,0.29400039274007717,0.8391029226019028,2532.9232227913403,0.5464361855324279
BKS_-_Bulldozer,nvidia/canary-1b-v2,and,75,67.21,67.36,deletion,0.1408410677138497,0.33147478103637695,0.4701477376853718,3004.5257828615077,0.5794642988373252
BKS_-_Bulldozer,nvidia/canary-1b-v2,it's,76,67.36,67.49,deletion,0.16610633528658322,0.22823222886238778,0.9085426309279033,2328.785521611591,0.5805863525186267
BKS_-_Bulldozer,nvidia/canary-1b-v2,gonna,77,67.49,67.78,deletion,0.19290579645894468,0.3322041913634166,0.7565350462682545,2274.6540864402705,0.5299934223294258
BKS_-_Bulldozer,nvidia/canary-1b-v2,run,78,67.78,68.59,deletion,0.22567665881731294,0.4045720362866467,0.5717265529727394,2068.8999100515425,0.4638455232436007
BKS_-_Bulldozer,nvidia/canary-1b-v2,me,79,68.59,68.83,deletion,0.24478329144991362,0.40367832206762755,0.6184583398012015,2316.408626842708,0.5611165865109518
BKS_-_Bulldozer,nvidia/canary-1b-v2,down,80,68.83,69.65,deletion,0.22672985895965878,0.30145853021171654,1.203991955585694,2396.7443245624145,0.5439287923025281
BKS_-_Bulldozer,nvidia/canary-1b-v2,like,81,70.5,70.84,deletion,0.16236911009292346,0.18554680534588122,1.7939653944324803,2342.995693878702,0.5040353464113699
BKS_-_Bulldozer,nvidia/canary-1b-v2,a,82,70.84,70.89,deletion,0.14382397010922432,0.1534773694972197,0.9653808375199636,1804.6578227648454,0.42918041348457336
BKS_-_Bulldozer,nvidia/canary-1b-v2,bulldozer,83,70.89,71.74,correct,0.1269768189598361,0.2513587920896142,0.8365200368444556,2552.1993116340605,0.5049388625699541
BKS_-_Bulldozer,nvidia/canary-1b-v2,bulldozer,84,71.74,72.2,substitution,0.23518916517496108,0.263786099627614,1.7755386465787888,2284.644359047338,0.509925588965416
BKS_-_Bulldozer,nvidia/canary-1b-v2,it's,85,76.38,77.22,correct,0.42568288139171073,0.5993100041316615,0.7927453074190352,2290.0212740673983,0.5381150192684597
BKS_-_Bulldozer,nvidia/canary-1b-v2,gonna,86,77.22,77.35,correct,0.4503072778383891,0.6582421243190766,0.7081517736117046,2352.8354099886824,0.5677143971125285
BKS_-_Bulldozer,nvidia/canary-1b-v2,run,87,77.35,78.65,correct,0.37567077832562584,0.5448241438184466,0.7014668090002877,2223.828681973731,0.5405309770788466
BKS_-_Bulldozer,nvidia/canary-1b-v2,me,88,78.65,78.71,correct,0.3481445908546448,0.46003582222121103,0.8286005769457135,1928.953088714766,0.4791488136563982
BKS_-_Bulldozer,nvidia/canary-1b-v2,down,89,78.71,79.14,correct,0.20581599340793935,0.16628744192124206,2.832547686201461,2318.6741902888093,0.5687760812170962
BKS_-_Bulldozer,nvidia/canary-1b-v2,it's,90,81.83,90.86,correct,0.35672721708448474,0.42850428162127174,0.8701548206917478,2012.944460675375,0.4221723338905954
BKS_-_Bulldozer,nvidia/canary-1b-v2,gonna,91,90.86,91.1,correct,0.35222664365062006,0.44169185117438986,0.7976678896833349,2421.8095708014166,0.5985641810629103
BKS_-_Bulldozer,nvidia/canary-1b-v2,run,92,91.1,91.79,correct,0.36127907843203155,0.2824248734962296,1.5358040356958234,1924.039689007635,0.4733929050129813
BKS_-_Bulldozer,nvidia/canary-1b-v2,me,93,91.79,91.85,correct,0.33452283032238483,0.1359635628759861,2.5012282729148865,1855.8180572040915,0.42037880048155785
BKS_-_Bulldozer,nvidia/canary-1b-v2,down,94,91.85,92.39,correct,0.20079936453237615,0.076986101318496,4.602985406744069,2117.1669501269853,0.4870569998848027
BKS_-_Bulldozer,nvidia/canary-1b-v2,my,95,93.54,93.68,substitution,0.18126643961295485,0.19720206639613025,1.8004943691194057,1739.1638367358114,0.4209653753787279
BKS_-_Bulldozer,nvidia/canary-1b-v2,fight,96,93.68,93.98,correct,0.19066706446535658,0.2299896530581243,0.9592810688596783,2976.5739945518853,0.618403513323177
BKS_-_Bulldozer,nvidia/canary-1b-v2,is,97,93.98,94.15,correct,0.2027332437665839,0.27500718753588826,0.7407905035897305,3775.301893043193,0.598396571058976
BKS_-_Bulldozer,nvidia/canary-1b-v2,all,98,94.15,94.37,correct,0.14210627168416978,0.34430140554904937,0.42359938979148865,2528.522210455882,0.4903454077243805
BKS_-_Bulldozer,nvidia/canary-1b-v2,gone,99,94.37,94.84,correct,0.15572990922659052,0.29233522859274175,0.6347477997050566,2451.920544817914,0.48457839734414043
BKS_-_Bulldozer,nvidia/canary-1b-v2,and,100,94.84,95.02,correct,0.11182469129562378,0.30365973636507987,0.36711414605379106,3198.482404406076,0.5624922558665275
BKS_-_Bulldozer,nvidia/canary-1b-v2,i,101,95.02,95.08,correct,0.0889463946223259,0.278139665722847,0.38951155969074797,2502.2046441855614,0.5525206497737339
BKS_-_Bulldozer,nvidia/canary-1b-v2,got,102,95.08,95.41,correct,0.10933217225042549,0.1940957896814153,0.7648489386648745,2170.9820620077403,0.4962131223968557
BKS_-_Bulldozer,nvidia/canary-1b-v2,nothing,103,95.41,95.73,correct,0.09128600811319691,0.22430697735399008,0.7858906558581761,2169.3466334629165,0.5091990015336445
BKS_-_Bulldozer,nvidia/canary-1b-v2,left,104,95.73,96.14,correct,0.23795741042968901,0.23430816368305718,1.6569869274442846,2300.759095191673,0.5640395493669943
BKS_-_Bulldozer,nvidia/canary-1b-v2,to,105,96.14,96.22,substitution,0.16511757746338845,0.19534615725278853,0.8708495676517487,3395.294090025811,0.6689423561096192
BKS_-_Bulldozer,nvidia/canary-1b-v2,give,106,96.22,97.0,correct,0.09685795685453784,0.24379025683516548,0.7174477751056353,2591.173605062594,0.602508582174778
BKS_-_Bulldozer,nvidia/canary-1b-v2,this,107,99.51,99.8,correct,0.21555517497472465,0.2710047014988959,0.8068978376686573,2891.9871373389633,0.5551685173995793
BKS_-_Bulldozer,nvidia/canary-1b-v2,is,108,99.8,99.9,correct,0.2515350530544917,0.3772159939010938,0.6656102736790975,3789.7073251312736,0.6672055373589197
BKS_-_Bulldozer,nvidia/canary-1b-v2,surely,109,99.9,100.24,substitution,0.17778210281520276,0.33474152575473526,0.5412566017460179,3003.8853715900577,0.5871334494771184
BKS_-_Bulldozer,nvidia/canary-1b-v2,not,110,100.24,100.46,correct,0.09735064262834688,0.1562169698687891,1.0454944719870884,2338.5433256051383,0.4994543033341567
BKS_-_Bulldozer,nvidia/canary-1b-v2,the,111,100.46,100.55,correct,0.15750599042935806,0.30760716782374814,1.2528950599106876,2179.261189257156,0.5297104093161497
BKS_-_Bulldozer,nvidia/canary-1b-v2,way,112,100.55,100.95,correct,0.13839644141668497,0.28696405714334444,0.4849570393562317,2761.6806299617765,0.5471516036710073
BKS_-_Bulldozer,nvidia/canary-1b-v2,we,113,100.95,101.1,correct,0.09315891191363335,0.29049192193676443,0.3466988538994509,2808.0754821128953,0.6155730976777918
BKS_-_Bulldozer,nvidia/canary-1b-v2,were,114,101.1,101.27,correct,0.1457966037094593,0.32769197374582293,0.4552923761308193,1957.857334608963,0.45439534783363345
BKS_-_Bulldozer,nvidia/canary-1b-v2,meant,115,101.27,101.63,correct,0.21556693067153296,0.3433714274985668,0.696318772358772,2313.87494016811,0.5035434235364963
BKS_-_Bulldozer,nvidia/canary-1b-v2,to,116,101.63,101.75,correct,0.15461003354617528,0.32401325340781895,0.49814524395125254,3223.2617255294485,0.6928994698183877
BKS_-_Bulldozer,nvidia/canary-1b-v2,live,117,101.75,102.67,correct,0.1292982709904512,0.3190470501366589,1.1849809248339047,2287.748797138775,0.495391693982211
BKS_-_Bulldozer,nvidia/canary-1b-v2,wearing,118,105.03,105.45,substitution,0.16453261002898217,0.2784898752967517,0.6168880177868737,2163.071398699725,0.4342227710617913
BKS_-_Bulldozer,nvidia/canary-1b-v2,down,119,105.45,105.86,substitution,0.22324531608157688,0.36151038391722573,0.6352098988162147,2527.1599438314856,0.4623179786735111
BKS_-_Bulldozer,nvidia/canary-1b-v2,our,120,105.86,106.1,correct,0.2206784815148071,0.35217144974955805,0.6260737103444559,2816.1726112772926,0.44854082111959104
BKS_-_Bulldozer,nvidia/canary-1b-v2,human,121,106.1,106.7,substitution,0.1180330196252236,0.2760623364494397,0.4705008857525312,2577.69580196672,0.5266488464979026
BKS_-_Bulldozer,nvidia/canary-1b-v2,resources,122,106.7,107.53,correct,0.12826901410570304,0.2580338284540712,0.6484675226586588,2688.850685584193,0.6107163308711534
BKS_-_Bulldozer,nvidia/canary-1b-v2,we,123,107.72,107.86,correct,0.08053053286857903,0.23273318191058934,0.4988817172124982,1858.0774620213178,0.4531382732093334
BKS_-_Bulldozer,nvidia/canary-1b-v2,got,124,107.86,108.05,substitution,0.13685786422519458,0.22201776504516602,0.7743925736064002,2922.5497782865036,0.6739604231857118
BKS_-_Bulldozer,nvidia/canary-1b-v2,no,125,108.05,108.15,substitution,0.12018385467429955,0.26646241669853526,0.4891550888617833,2910.4850121293384,0.6236066420873007
BKS_-_Bulldozer,nvidia/canary-1b-v2,time,126,108.15,108.53,substitution,0.1439539728368201,0.27689738648875456,0.6160378252587667,2696.7133614591226,0.5816628264217842
BKS_-_Bulldozer,nvidia/canary-1b-v2,to,127,108.53,108.7,substitution,0.09439179869858842,0.22744230798592693,0.6529761482226221,2843.0502959819532,0.6186565458774567
BKS_-_Bulldozer,nvidia/canary-1b-v2,be,128,108.7,108.8,substitution,0.23525464658935866,0.24548128371437392,0.9711426173647245,1939.9305359275852,0.47202548136313754
BKS_-_Bulldozer,nvidia/canary-1b-v2,scared,129,108.8,109.29,correct,0.13807343726731697,0.34054316376458926,0.5474777963926207,2849.7758454074715,0.6176564648466291
BKS_-_Bulldozer,nvidia/canary-1b-v2,or,130,109.29,109.37,correct,0.1599007524549961,0.3837952896952629,0.6331915259361267,2183.0496530584464,0.48848195672035216
BKS_-_Bulldozer,nvidia/canary-1b-v2,be,131,109.37,109.49,substitution,0.17125864785451156,0.1961689221744354,1.1663993895053864,1692.0850191259353,0.41188634358919585
BKS_-_Bulldozer,nvidia/canary-1b-v2,cautious,132,109.49,110.27,substitution,0.1843766376376152,0.2532867785378852,1.025693444294088,2662.6957598904273,0.5943096942761366
BKS_-_Bulldozer,nvidia/canary-1b-v2,who,133,110.59,110.93,substitution,0.12821665386090408,0.35067538725765973,0.4659771548735129,3117.1515992124273,0.582416491734015
BKS_-_Bulldozer,nvidia/canary-1b-v2,keep,134,110.93,111.28,correct,0.1633665976114571,0.22104643701918816,1.404408896439954,2667.5246598257786,0.5096156699092764
BKS_-_Bulldozer,nvidia/canary-1b-v2,the,135,111.28,111.38,substitution,0.12105747871100903,0.18796707573346794,1.3202283531427383,3177.473050153165,0.6299045259753863
BKS_-_Bulldozer,nvidia/canary-1b-v2,desert,136,111.38,111.96,correct,0.15571376294015893,0.27349976852299673,0.8160387414788443,2716.061982061848,0.539881273867592
BKS_-_Bulldozer,nvidia/canary-1b-v2,from,137,112.3,112.68,correct,0.19937075071391605,0.2560488443289484,0.902767131725947,2119.3438049365373,0.46512255179030554
BKS_-_Bulldozer,nvidia/canary-1b-v2,the,138,112.68,112.8,correct,0.25273617676326204,0.20174401998519897,1.2942718395165034,1871.7431078781563,0.4409147266830717
BKS_-_Bulldozer,nvidia/canary-1b-v2,door,139,112.8,113.54,correct,0.23472569618798508,0.17073114349542162,1.4714143608189836,2008.6767403848548,0.43467121656182445
BKS_-_Bulldozer,nvidia/canary-1b-v2,they're,140,115.65,115.76,correct,0.07996054273098707,0.2773031829856336,0.5862943232059479,2994.512561335385,0.650077889362971
BKS_-_Bulldozer,nvidia/canary-1b-v2,moving,141,115.76,116.24,correct,0.1668963051186158,0.3429887138593655,0.5664274159532326,2331.3532418755626,0.4773032774145787
BKS_-_Bulldozer,nvidia/canary-1b-v2,in,142,116.24,116.35,correct,0.2040979266166687,0.3881309161392542,0.6045821630037748,2570.0535360843714,0.49786412715911865
BKS_-_Bulldozer,nvidia/canary-1b-v2,closer,143,116.35,116.78,substitution,0.1839490789682307,0.2688055337267987,0.8187134684400356,2787.761859018224,0.5948426171820215
BKS_-_Bulldozer,nvidia/canary-1b-v2,with,144,116.78,117.0,substitution,0.10961891703307629,0.22102828562259674,0.7746758353710175,2549.3548010550694,0.5217008364200592
BKS_-_Bulldozer,nvidia/canary-1b-v2,the,145,117.0,117.23,substitution,0.1454417537152767,0.16447189427912234,1.2730986070632935,2274.0270598863135,0.5275967764854431
BKS_-_Bulldozer,nvidia/canary-1b-v2,ugly,146,117.23,117.47,correct,0.1525517671748444,0.2563541941344738,0.6411115328470866,2386.8926109164886,0.5039980919272812
BKS_-_Bulldozer,nvidia/canary-1b-v2,ravenous,147,117.47,118.2,correct,0.1518745055087866,0.24843396523442024,0.641563818240777,2843.258528988344,0.5604236034246591
BKS_-_Bulldozer,nvidia/canary-1b-v2,machines,148,118.2,119.17,substitution,0.18907809576817922,0.3339849283120462,0.5956026528562818,2408.705752297166,0.5303114461047309
BKS_-_Bulldozer,nvidia/canary-1b-v2,laying,149,121.25,121.64,correct,0.09901524698805242,0.27547015710955575,0.44539888770807357,2740.9817179611687,0.5843962615444547
BKS_-_Bulldozer,nvidia/canary-1b-v2,down,150,121.64,122.01,correct,0.2228769912588887,0.34628604243441324,0.646615594625473,2599.62138058916,0.512885710815104
BKS_-_Bulldozer,nvidia/canary-1b-v2,roads,151,122.01,122.38,correct,0.19198180455714464,0.3004218615591526,0.6645428590476513,2559.0202229155266,0.5421250306069851
BKS_-_Bulldozer,nvidia/canary-1b-v2,where,152,122.38,122.53,correct,0.114386746988577,0.3106108627775136,0.46435337294550505,2868.991348156545,0.5944479747730143
BKS_-_Bulldozer,nvidia/canary-1b-v2,the,153,122.53,122.62,correct,0.20445480265400626,0.24491792781786484,1.1151030388745395,2328.9623229593763,0.45035124637863855
BKS_-_Bulldozer,nvidia/canary-1b-v2,grass,154,122.62,123.07,correct,0.19565157630309768,0.2790481178280042,0.792151969306323,3084.2318543762126,0.5840718329561
BKS_-_Bulldozer,nvidia/canary-1b-v2,used,155,123.07,123.25,substitution,0.19249555449932815,0.23256704788655042,0.8532380402088166,3644.9702488502394,0.6686494946479797
BKS_-_Bulldozer,nvidia/canary-1b-v2,to,156,123.25,123.32,correct,0.30034761627515155,0.3225202328628964,0.9175256292025248,2335.347506188337,0.46813279390335083
BKS_-_Bulldozer,nvidia/canary-1b-v2,be,157,123.32,123.63,correct,0.1840365708750837,0.22506184722570813,0.92178053540342,2618.8583132961257,0.4988008777008337
BKS_-_Bulldozer,nvidia/canary-1b-v2,so,158,123.63,125.06,correct,0.19996026172941805,0.48229646375950647,0.45953790677918327,2253.2312799791403,0.43474136078669356
BKS_-_Bulldozer,nvidia/canary-1b-v2,green,159,125.09,125.73,correct,0.13920299219233648,0.23536026999354362,1.5691602187497276,2197.4793391893145,0.4938424353088651
BKS_-_Bulldozer,nvidia/canary-1b-v2,who,160,127.11,127.4,correct,0.19321220385609195,0.3573838307056576,0.6118116229772568,2211.077878431249,0.5141280209645629
BKS_-_Bulldozer,nvidia/canary-1b-v2,is,161,127.4,127.52,correct,0.11745525630457061,0.24640018971902983,0.6809906214475632,2943.2335541253638,0.675726626600538
BKS_-_Bulldozer,nvidia/canary-1b-v2,gonna,162,127.52,127.93,correct,0.1362631291320378,0.33306810209019616,0.5181523930620063,2485.365156527355,0.5346776775338433
BKS_-_Bulldozer,nvidia/canary-1b-v2,stop,163,127.93,128.33,substitution,0.10548552447421984,0.22227084697012536,1.7900193922898986,3236.191142391499,0.6891329694877971
BKS_-_Bulldozer,nvidia/canary-1b-v2,the,164,128.54,128.79,substitution,0.22471446504018136,0.2868065285895552,0.8231896332332066,2763.0053986301464,0.47898373220648083
BKS_-_Bulldozer,nvidia/canary-1b-v2,erosion,165,128.79,129.66,correct,0.1658088422598357,0.22798630337607353,1.4756394998824343,2377.736183337361,0.5164806094575436
BKS_-_Bulldozer,nvidia/canary-1b-v2,there's,166,129.8,129.91,deletion,0.09870035903385052,0.14183454918496025,1.3172088723916273,2729.106314269183,0.5695370344015268
BKS_-_Bulldozer,nvidia/canary-1b-v2,just,167,129.91,130.11,deletion,0.13419103876433588,0.2016571628099138,0.7177843952720816,3718.503069607177,0.713112557476217
BKS_-_Bulldozer,nvidia/canary-1b-v2,no,168,130.11,130.22,deletion,0.11304895436534515,0.3780091404914856,0.30053815933374256,2261.0939672145023,0.5139287870663863
BKS_-_Bulldozer,nvidia/canary-1b-v2,way,169,130.22,130.56,deletion,0.13922519981861115,0.3310211670358439,0.4640860823360649,2539.7252038653246,0.5501702613121754
BKS_-_Bulldozer,nvidia/canary-1b-v2,to,170,130.56,130.73,deletion,0.09027442679201302,0.13284260492869898,1.459335063633166,2902.492983477435,0.6282304399891904
BKS_-_Bulldozer,nvidia/canary-1b-v2,contain,171,130.73,131.33,deletion,0.15217971343260545,0.25245815528413423,1.7411849462068998,2628.9262160832704,0.5750031338288234
BKS_-_Bulldozer,nvidia/canary-1b-v2,this,172,131.33,131.49,deletion,0.11852352445324262,0.21719201281666756,0.5929641690519121,2743.64058050807,0.6595214406649271
BKS_-_Bulldozer,nvidia/canary-1b-v2,explosion,173,131.49,132.36,deletion,0.16248464659649006,0.21562300565741718,1.5248053486042834,2652.4111510267417,0.5933565015488482
BKS_-_Bulldozer,nvidia/canary-1b-v2,it's,174,132.53,132.67,deletion,0.030700697097927332,0.0873331252951175,1.9749472653493285,2588.651708419944,0.6517311837524176
BKS_-_Bulldozer,nvidia/canary-1b-v2,gonna,175,132.67,133.0,correct,0.1488191195142766,0.2836926206687672,0.8422890003356669,2956.802484120146,0.6247329538067182
BKS_-_Bulldozer,nvidia/canary-1b-v2,come,176,133.0,133.42,correct,0.14996601511602817,0.3066361883412237,0.6845977562277213,2734.1041225276776,0.5829492690770522
BKS_-_Bulldozer,nvidia/canary-1b-v2,and,177,133.42,133.58,substitution,0.11057186168101099,0.2898002142707507,0.3964499317937427,2863.530781446993,0.5502381788359748
BKS_-_Bulldozer,nvidia/canary-1b-v2,it's,178,133.58,133.71,correct,0.1541774481534958,0.2280004493892193,0.7440233906110127,2831.1397055459456,0.6603304942448934
BKS_-_Bulldozer,nvidia/canary-1b-v2,gonna,179,133.71,133.99,correct,0.18293385640267404,0.34257509331068686,0.690669342394798,2327.451046622801,0.5390755995627372
BKS_-_Bulldozer,nvidia/canary-1b-v2,run,180,133.99,134.75,correct,0.2659267930359375,0.40814523017261084,0.6436217107423922,2183.0260244428623,0.41862141649897505
BKS_-_Bulldozer,nvidia/canary-1b-v2,me,181,134.75,135.0,substitution,0.2567086113350732,0.3933334153677736,0.6613020503095218,2693.811853487044,0.46288036182522774
BKS_-_Bulldozer,nvidia/canary-1b-v2,down,182,135.0,135.94,substitution,0.15855108291869707,0.28556622218082445,0.6190665538358217,2491.6330193718413,0.5131433812698515
BKS_-_Bulldozer,nvidia/canary-1b-v2,like,183,136.69,137.05,correct,0.11331630440858695,0.14795712610252965,2.5697978326143365,3001.604775764218,0.6783077923151163
BKS_-_Bulldozer,nvidia/canary-1b-v2,a,184,137.05,137.08,correct,0.10771467722952366,0.11040682811290026,0.9924778938293457,2477.4331630348497,0.5811010226607323
BKS_-_Bulldozer,nvidia/canary-1b-v2,bulldozer,185,137.08,138.06,substitution,0.13369066531787505,0.2551380717942386,0.8785666225934928,3191.676257955038,0.6741794665467065
BKS_-_Bulldozer,nvidia/canary-1b-v2,bulldozer,186,138.06,138.39,substitution,0.3203347503311104,0.22850977065455583,3.337090300189124,2459.641979492145,0.5602748220165571
BKS_-_Bulldozer,nvidia/canary-1b-v2,it's,187,142.57,143.42,correct,0.40929775903730287,0.5990239877567586,1.1533598494918451,2241.7743150108854,0.5543776705213215
BKS_-_Bulldozer,nvidia/canary-1b-v2,gonna,188,143.42,144.88,correct,0.3679925438303214,0.5598981210436577,0.6727425648997991,2309.073092759151,0.571128099392622
BKS_-_Bulldozer,nvidia/canary-1b-v2,run,189,144.88,144.99,substitution,0.353411119717818,0.4524555802345276,0.7990438708892236,2282.1414373576,0.5313676847861364
BKS_-_Bulldozer,nvidia/canary-1b-v2,me,190,144.99,145.05,correct,0.2751135937869549,0.38433287665247917,0.761892594397068,2438.724624902938,0.5927524119615555
BKS_-_Bulldozer,nvidia/canary-1b-v2,down,191,145.05,145.32,correct,0.25566154461482477,0.19110571156288014,1.5402877680186569,2690.7190607624366,0.6452912379955423
BKS_-_Bulldozer,nvidia/canary-1b-v2,it's,192,148.02,157.04,correct,0.34545685664623943,0.4228444690748407,0.9018738103618503,2079.063771626426,0.46291396812548397
BKS_-_Bulldozer,nvidia/canary-1b-v2,gonna,193,157.04,157.82,correct,0.37186004642178033,0.4177122908480027,0.8976267639328451,1894.0748283074038,0.45891486476449406
BKS_-_Bulldozer,nvidia/canary-1b-v2,run,194,157.82,157.96,correct,0.20615639630705118,0.19585685431957245,1.0560234636068344,1373.3735192604606,0.3430581521242857
BKS_-_Bulldozer,nvidia/canary-1b-v2,me,195,157.96,158.02,correct,0.17909401868070876,0.18308226551328385,0.9782120670591082,1962.4420560231738,0.48390893425260273
BKS_-_Bulldozer,nvidia/canary-1b-v2,down,196,158.02,158.53,correct,0.11287752962247892,0.09939378568140621,4.764229984716936,2247.998278117932,0.5395227242599834
BKS_-_Bulldozer,nvidia/canary-1b-v2,your,197,165.72,166.09,substitution,0.17808420883446205,0.28796803696853357,0.8350346629939428,3206.6447163263097,0.6798096241020575
BKS_-_Bulldozer,nvidia/canary-1b-v2,words,198,166.09,166.5,correct,0.18431556820869446,0.28258555365933313,0.671882645951377,2688.8532579122575,0.6029161499606238
BKS_-_Bulldozer,nvidia/canary-1b-v2,will,199,166.5,166.68,correct,0.21377133652567865,0.3433013089001179,0.6332752838730812,2733.015444943119,0.5882892295718193
BKS_-_Bulldozer,nvidia/canary-1b-v2,spinning,200,166.68,167.51,correct,0.27208721361468347,0.2696746138834886,1.662794344713179,2359.2955443754595,0.4947478419609284
BKS_-_Bulldozer,nvidia/canary-1b-v2,like,201,167.51,167.77,substitution,0.2501845493398864,0.2610105700020132,1.3472447066471493,2466.532246687725,0.5508953312347675
BKS_-_Bulldozer,nvidia/canary-1b-v2,a,202,167.77,167.88,substitution,0.34267701323215777,0.27515530285353845,2.4752898583045373,2093.616983581059,0.41684609193068284
BKS_-_Bulldozer,nvidia/canary-1b-v2,kite,203,167.88,168.54,correct,0.18150805645215679,0.24292875302981742,6.2330753412884725,2666.96999211653,0.6049912416599166
BKS_-_Bulldozer,nvidia/canary-1b-v2,caught,204,168.54,168.99,substitution,0.2591788539168786,0.3641411802750461,0.7852823636969741,2627.0190972248975,0.5865310625154145
BKS_-_Bulldozer,nvidia/canary-1b-v2,in,205,168.99,169.18,correct,0.21535460509005047,0.42657514555113657,0.5180135113852364,2660.3722846887795,0.5241833400158655
BKS_-_Bulldozer,nvidia/canary-1b-v2,a,206,169.18,169.32,correct,0.1338927815668285,0.31581055745482445,0.423108609393239,2754.938393620135,0.6463649664074183
BKS_-_Bulldozer,nvidia/canary-1b-v2,gale,207,169.32,170.19,substitution,0.20703128309167446,0.3068467752532439,0.8426104355999764,2131.716674068956,0.4543086027211331
BKS_-_Bulldozer,nvidia/canary-1b-v2,knives,208,170.85,171.36,correct,0.14072986096143722,0.3464508070187135,0.42729305164380504,3021.400551276836,0.6502045539292423
BKS_-_Bulldozer,nvidia/canary-1b-v2,would,209,171.36,171.61,correct,0.16748660669795104,0.11740374641626009,12.794934919902257,2942.9430747697397,0.6569172559039933
BKS_-_Bulldozer,nvidia/canary-1b-v2,cut,210,171.61,172.0,correct,0.1735085036960386,0.2119534237343552,3.8360585407132195,2634.3487977318787,0.6161879315262749
BKS_-_Bulldozer,nvidia/canary-1b-v2,the,211,172.0,172.08,correct,0.17123305946588516,0.15234590135514736,1.988916426897049,2656.4678399951226,0.5979571282863617
BKS_-_Bulldozer,nvidia/canary-1b-v2,cloth,212,172.08,172.65,correct,0.19868843275748316,0.247766138329247,1.5458628339845626,2613.82810883215,0.5454257550786753
BKS_-_Bulldozer,nvidia/canary-1b-v2,to,213,172.65,172.83,substitution,0.16119646493877685,0.16558151089009784,1.8889087722415017,2576.602275855479,0.6071216960748037
BKS_-_Bulldozer,nvidia/canary-1b-v2,take,214,172.83,173.36,substitution,0.23393602133320088,0.19466953660900654,18.171449086122344,2448.69751005843,0.5508808995548048
BKS_-_Bulldozer,nvidia/canary-1b-v2,the,215,173.36,173.47,substitution,0.18565888416308624,0.21898008037645084,7.534186179821308,2617.5450863842275,0.5711937111157638
BKS_-_Bulldozer,nvidia/canary-1b-v2,wind,216,173.47,174.1,correct,0.17027994026156032,0.3484455934342216,0.5513460528762901,2583.1572253756713,0.5889538154006004
BKS_-_Bulldozer,nvidia/canary-1b-v2,out,217,174.1,174.47,correct,0.27802899552554616,0.3534768198321505,0.8482438543947731,2576.598665878063,0.5921552290276784
BKS_-_Bulldozer,nvidia/canary-1b-v2,of,218,174.47,174.69,correct,0.16532370758553347,0.2524459756289919,0.9198808707296848,2550.1180977062563,0.6210107964773973
BKS_-_Bulldozer,nvidia/canary-1b-v2,my,219,174.69,175.26,correct,0.18756065301356778,0.2653506739485648,0.768701821565628,2568.197743011681,0.6034117014177384
BKS_-_Bulldozer,nvidia/canary-1b-v2,sails,220,175.26,176.25,substitution,0.22181952901393454,0.29619885820059855,0.8319957250746611,2917.802890711298,0.5583211272676415
BKS_-_Bulldozer,nvidia/canary-1b-v2,your,221,176.75,177.15,correct,0.2669306613591521,0.3771563777050307,0.7853759118290835,1777.553311209171,0.4324061246805413
BKS_-_Bulldozer,nvidia/canary-1b-v2,words,222,177.15,177.5,correct,0.05089482058508274,0.3840550708178526,0.15693688516815504,2719.4531378560882,0.5901807393783178
BKS_-_Bulldozer,nvidia/canary-1b-v2,could,223,177.5,177.81,correct,0.03793470117756549,0.18908718661131227,0.4315176482367165,1684.5824653799018,0.41298886344713326
BKS_-_Bulldozer,nvidia/canary-1b-v2,break,224,177.81,178.23,correct,0.04943318421061596,0.22729886481133493,0.36387242247229035,2619.5227323543004,0.5971329413030458
BKS_-_Bulldozer,nvidia/canary-1b-v2,a,225,178.23,178.26,substitution,0.16045130044221878,0.19278985634446144,0.832400843501091,1459.776443562641,0.30674635991454124
BKS_-_Bulldozer,nvidia/canary-1b-v2,bone,226,178.26,179.07,substitution,0.04811405786580738,0.26736646256912716,0.20400923075175834,2636.651714422176,0.5447793862000964
BKS_-_Bulldozer,nvidia/canary-1b-v2,your,227,179.55,179.96,substitution,0.28838528311726724,0.40213661691681907,0.897387273948301,1824.5261898451288,0.4190168313004754
BKS_-_Bulldozer,nvidia/canary-1b-v2,words,228,179.96,180.29,correct,0.046581939690642886,0.44443826667136616,0.12588279683970743,3021.6264657302595,0.636039809220367
BKS_-_Bulldozer,nvidia/canary-1b-v2,flow,229,180.29,180.6,correct,0.029750092646905354,0.3177768792424883,0.1455248502748353,2924.549283353094,0.6333202174731664
BKS_-_Bulldozer,nvidia/canary-1b-v2,like,230,180.6,181.05,substitution,0.02919727520142891,0.21827610344530976,0.23725069914849437,3320.2681446784345,0.6614231972061858
BKS_-_Bulldozer,nvidia/canary-1b-v2,a,231,181.05,181.1,correct,0.04453087753305832,0.19813906649748483,0.21994285782178244,3803.182618519402,0.6891025801499685
BKS_-_Bulldozer,nvidia/canary-1b-v2,stone,232,181.1,182.03,correct,0.09754624174907804,0.33548491198569536,0.431168480142951,3087.055374060348,0.5548731961846352
BKS_-_Bulldozer,nvidia/canary-1b-v2,your,233,182.3,182.65,substitution,0.3057324549085216,0.306405171751976,1.1740095768319934,2074.376069376113,0.4580312982985848
BKS_-_Bulldozer,nvidia/canary-1b-v2,words,234,182.65,183.01,correct,0.06518096630461515,0.299130455031991,0.259470172598958,2973.763165913683,0.5852596785873174
BKS_-_Bulldozer,nvidia/canary-1b-v2,could,235,183.01,183.24,correct,0.025537265352904796,0.2955071051418781,0.18745542593300343,2896.4423868455774,0.6303540110588074
BKS_-_Bulldozer,nvidia/canary-1b-v2,run,236,183.24,183.76,correct,0.0265912549210745,0.28424271620940744,0.09982479301591714,2946.5078109338633,0.588902825849098
BKS_-_Bulldozer,nvidia/canary-1b-v2,right,237,183.76,184.11,correct,0.02665700721799543,0.32822707726767186,0.09255477197860416,2999.5179624544976,0.662034768022989
BKS_-_Bulldozer,nvidia/canary-1b-v2,over,238,184.11,184.46,correct,0.030937233155495243,0.23180665899264186,0.15269452931457445,3544.217102457476,0.6665055492990896
BKS_-_Bulldozer,nvidia/canary-1b-v2,me,239,184.46,186.71,substitution,0.2557569370523899,0.5695707314508616,0.8170692583399195,2156.0916343095573,0.4988026308568187
BKS_-_Bulldozer,nvidia/canary-1b-v2,like,240,186.75,187.08,substitution,0.37168695280949277,0.24460892663854691,2.553570161263148,1779.8763905887674,0.4654826894402504
BKS_-_Bulldozer,nvidia/canary-1b-v2,a,241,187.08,187.71,correct,0.233824660494814,0.17653641810038073,1.479710107340532,1663.2248363988847,0.40893637629992824
BKS_-_Bulldozer,nvidia/canary-1b-v2,reeling,242,242.64,243.35,substitution,0.2701613527613801,0.314172499147909,1.1835050668035234,3083.759176816837,0.568105862512217
BKS_-_Bulldozer,nvidia/canary-1b-v2,in,243,243.35,243.72,substitution,0.3027098996564746,0.31989850923419,2.46232235673815,2490.682133030238,0.5062789268791675
BKS_-_Bulldozer,nvidia/canary-1b-v2,the,244,243.72,243.89,substitution,0.09266274834149762,0.21341052822964757,3.5375627941991152,3071.307738839029,0.604843523941542
BKS_-_Bulldozer,nvidia/canary-1b-v2,early,245,243.94,244.66,correct,0.17856541037177429,0.4180424738770876,0.4669302919736275,2561.4737673154023,0.4725778962557132
BKS_-_Bulldozer,nvidia/canary-1b-v2,evening,246,244.66,245.37,substitution,0.16906173720857814,0.25179415105498937,0.7370557571320158,2501.840741245772,0.5506185234377259
BKS_-_Bulldozer,nvidia/canary-1b-v2,haze,247,245.37,246.25,substitution,0.20952492901369146,0.2794666893388096,0.775970629955593,3144.195694638705,0.5991503731200569
BKS_-_Bulldozer,nvidia/canary-1b-v2,safe,248,248.41,248.85,substitution,0.14899395670120916,0.21537726322033754,1.3116082989921172,3132.8304964341473,0.6506744641810656
BKS_-_Bulldozer,nvidia/canary-1b-v2,from,249,248.85,249.25,substitution,0.12358451998511026,0.2640702433364336,0.7542395511165608,2344.769467707348,0.5851313430209493
BKS_-_Bulldozer,nvidia/canary-1b-v2,the,250,249.25,249.32,correct,0.0879295596645938,0.38343605233563316,0.2541172065668636,3421.5854845209324,0.6446411344740126
BKS_-_Bulldozer,nvidia/canary-1b-v2,sun's,251,249.32,249.93,correct,0.11073522831341534,0.27665334725470253,0.4058535783128305,3000.0849025394023,0.6783894487854206
BKS_-_Bulldozer,nvidia/canary-1b-v2,derisive,252,249.93,250.93,substitution,0.11762469860716401,0.24027680804970386,1.526863876486493,2686.459913119579,0.5969559280114753
BKS_-_Bulldozer,nvidia/canary-1b-v2,gaze,253,250.93,252.22,correct,0.15904805766378374,0.4242429876743595,0.6819654651683011,2932.747085896535,0.5404086867682367
BKS_-_Bulldozer,nvidia/canary-1b-v2,loose,254,254.0,254.38,correct,0.3300109561078432,0.37042062079942806,0.9917208890362483,2417.517749743968,0.5613369618247195
BKS_-_Bulldozer,nvidia/canary-1b-v2,tongues,255,254.38,254.83,correct,0.04687393456697464,0.31201620954944165,0.22646229965042095,2712.1538155204817,0.5961420767161311
BKS_-_Bulldozer,nvidia/canary-1b-v2,are,256,254.83,254.9,correct,0.009344154917117622,0.0706584229030543,0.4884454723861482,2634.8718996254374,0.614497313896815
BKS_-_Bulldozer,nvidia/canary-1b-v2,always,257,254.97,255.67,correct,0.021220482438557633,0.28822691939575107,0.10302677527560215,2939.074739837056,0.5983321478492335
BKS_-_Bulldozer,nvidia/canary-1b-v2,a,258,255.67,255.71,correct,0.007955890242010355,0.09756600335240365,0.13087788745760917,3003.8959842762265,0.6461522579193115
BKS_-_Bulldozer,nvidia/canary-1b-v2,killer,259,255.71,256.08,substitution,0.02151584532111883,0.17491768847969247,0.23686768441665462,3265.6652655848425,0.6658411338561918
BKS_-_Bulldozer,nvidia/canary-1b-v2,imagination's,260,256.71,257.75,substitution,0.2480949775448867,0.31064280761139734,0.8945943344650524,2699.9125462682205,0.5218896558508277
BKS_-_Bulldozer,nvidia/canary-1b-v2,a,261,257.75,257.82,substitution,0.12721155676990747,0.26680378057062626,0.48281246796250343,4101.8720560652655,0.757083997130394
BKS_-_Bulldozer,nvidia/canary-1b-v2,surrogate,262,257.82,258.44,correct,0.08172040655096965,0.22737643484081796,0.3685211701624429,3210.7657680273114,0.5501436942548894
BKS_-_Bulldozer,nvidia/canary-1b-v2,filler,263,258.44,259.04,correct,0.02745807832106948,0.09788520985211317,0.31539991669929945,3323.2450409119024,0.7067008788769061
BKS_-_Bulldozer,nvidia/canary-1b-v2,who'll,264,259.59,259.93,correct,0.2556923392253953,0.36531747172813156,1.0341959829266008,2198.822391123582,0.46865758058187124
BKS_-_Bulldozer,nvidia/canary-1b-v2,fix,265,259.93,260.34,correct,0.1584611177444458,0.2360009809748994,1.3603306829929351,2885.914815398078,0.6113542139530181
BKS_-_Bulldozer,nvidia/canary-1b-v2,the,266,260.34,260.42,correct,0.13361159414052964,0.23280088007450103,0.6396850913763046,2926.6083871941164,0.6452615678310394
BKS_-_Bulldozer,nvidia/canary-1b-v2,damage,267,260.42,261.15,correct,0.13263147916549292,0.29279486276209354,0.8907721982552455,2997.8850269217023,0.6305086677655195
BKS_-_Bulldozer,nvidia/canary-1b-v2,once,268,261.25,261.73,substitution,0.1283075618915833,0.23694289296578902,0.806177804676386,2889.5876797629658,0.6707172932533118
BKS_-_Bulldozer,nvidia/canary-1b-v2,it's,269,261.73,262.0,correct,0.2118381361166636,0.25724359626571336,1.3897676150004068,2637.8642643332805,0.642786368727684
BKS_-_Bulldozer,nvidia/canary-1b-v2,done,270,262.0,262.57,correct,0.3518406330577789,0.31312866358747404,1.3237761225431197,2193.852219497703,0.5153854128814512
BKS_-_Bulldozer,nvidia/canary-1b-v2,stamping,271,264.65,265.13,deletion,0.10613907164392564,0.2835785885556386,0.4753169675286,2955.4410093132947,0.5728195917147857
BKS_-_Bulldozer,nvidia/canary-1b-v2,down,272,265.13,265.43,deletion,0.1183078693169536,0.3090325802790396,0.5609664271275202,3067.5169725462656,0.6228337215654778
BKS_-_Bulldozer,nvidia/canary-1b-v2,tough,273,265.43,265.83,deletion,0.15282566472887993,0.2018814871764996,0.8431158655069091,3006.4877300534167,0.6853913156823679
BKS_-_Bulldozer,nvidia/canary-1b-v2,on,274,265.83,266.03,correct,0.17793559486215765,0.3346537690271031,0.5256162577054717,2730.9089613484452,0.5854971165006811
BKS_-_Bulldozer,nvidia/canary-1b-v2,a,275,266.03,266.08,correct,0.17145281781752905,0.304704209168752,0.6101145595312119,2330.337553674624,0.5725668569405874
BKS_-_Bulldozer,nvidia/canary-1b-v2,ground,276,266.08,266.56,correct,0.14911097513054902,0.35545475612271504,0.5122436583042145,2683.6034772730936,0.5792041027321005
BKS_-_Bulldozer,nvidia/canary-1b-v2,that's,277,266.56,266.73,correct,0.13524466047161504,0.2434018944439135,0.6868606045057899,3410.348460518639,0.7183765800375688
BKS_-_Bulldozer,nvidia/canary-1b-v2,drying,278,266.73,267.32,deletion,0.2400427795946598,0.3512892825237941,0.832501178374514,2352.9141088349575,0.5049524535425007
BKS_-_Bulldozer,nvidia/canary-1b-v2,hard,279,267.32,268.5,deletion,0.18303934255922874,0.2949517378574384,4.409189113129781,2294.910902710715,0.4970316023338498
BKS_-_Bulldozer,nvidia/canary-1b-v2,you're,280,270.16,270.24,deletion,0.020757681586676173,0.019668365518252056,1.1124334865146213,1735.5428803559003,0.45532289147377014
BKS_-_Bulldozer,nvidia/canary-1b-v2,pushing,281,270.24,270.59,correct,0.12926264788563313,0.3160898311210698,0.5886284477616611,2566.993115924589,0.5976562421572836
BKS_-_Bulldozer,nvidia/canary-1b-v2,for,282,270.59,270.77,substitution,0.08369942204583258,0.20200430619574727,0.7322073550451369,2895.8555819337885,0.6430756392933074
BKS_-_Bulldozer,nvidia/canary-1b-v2,a,283,270.77,270.9,substitution,0.08735838133309569,0.2091536968946457,0.428588299879006,2789.097932192409,0.5866829114300864
BKS_-_Bulldozer,nvidia/canary-1b-v2,mile,284,270.9,271.34,substitution,0.16675698151811957,0.2966101421043277,0.7373724787806472,2364.629317362269,0.527925631031394
BKS_-_Bulldozer,nvidia/canary-1b-v2,when,285,271.34,271.5,deletion,0.1363275966754085,0.4297971482339658,0.3591754197290069,2460.487320507898,0.5353328052319979
BKS_-_Bulldozer,nvidia/canary-1b-v2,you,286,271.5,271.58,deletion,0.16772127151489258,0.4808702932463752,0.3460839208629396,2625.9065815381055,0.6206785572899712
BKS_-_Bulldozer,nvidia/canary-1b-v2,know,287,271.58,271.93,deletion,0.16372422364197278,0.41890377551317215,0.45040436167466014,2404.1194201591093,0.5510762663264024
BKS_-_Bulldozer,nvidia/canary-1b-v2,i,288,271.93,271.96,deletion,0.11695204675197601,0.15024647638201713,1.9482657134532928,2282.9552314457437,0.5698009610176087
BKS_-_Bulldozer,nvidia/canary-1b-v2,only,289,271.96,272.27,correct,0.11481912916197497,0.19892702692681374,0.8340942368787878,2183.5220625173215,0.5121133292422575
BKS_-_Bulldozer,nvidia/canary-1b-v2,gave,290,272.27,272.72,correct,0.20492887086406045,0.26564838691633574,1.0317042092887723,2318.1659160282466,0.5130119348058895
BKS_-_Bulldozer,nvidia/canary-1b-v2,a,291,272.72,272.78,deletion,0.10692924473966871,0.26924513493265423,0.40137360777173725,3106.966082435959,0.6823171717779977
BKS_-_Bulldozer,nvidia/canary-1b-v2,yard,292,272.78,273.64,deletion,0.21409205050878627,0.2680967789023153,0.8025039200500775,2048.227911109129,0.48819002877640466
BKS_-_Bulldozer,nvidia/canary-1b-v2,it's,293,276.02,276.15,deletion,0.07819185326141971,0.1472088165049042,0.567654516015734,3169.271930564013,0.6720956244638988
BKS_-_Bulldozer,nvidia/canary-1b-v2,gonna,294,276.15,276.43,deletion,0.12359848486319665,0.26854875683784485,0.549722385021948,2726.0873607321555,0.565948357505183
BKS_-_Bulldozer,nvidia/canary-1b-v2,take,295,276.43,276.76,deletion,0.1714906151834372,0.2409823689408399,0.9131885879748577,3077.6157551543315,0.6572615705631875
BKS_-_Bulldozer,nvidia/canary-1b-v2,some,296,276.76,276.96,deletion,0.09091671623966911,0.33246451209891925,0.30537121472033585,3438.438043405967,0.7332585914568468
BKS_-_Bulldozer,nvidia/canary-1b-v2,time,297,276.96,277.48,deletion,0.09397479299721974,0.3127244596502611,0.33902987012905733,3082.950613256223,0.6073425561189651
BKS_-_Bulldozer,nvidia/canary-1b-v2,to,298,277.48,277.71,deletion,0.09747641992110473,0.20815749953572565,0.5007288713867848,3075.638419588445,0.6752892572146195
BKS_-_Bulldozer,nvidia/canary-1b-v2,repair,299,277.71,277.99,deletion,0.26746944506322184,0.2603652513315601,1.9716961883729505,2270.2915810508275,0.547410229521413
BKS_-_Bulldozer,nvidia/canary-1b-v2,it,300,277.99,278.02,deletion,0.15742336213588715,0.4002523645758629,0.41226527839899063,2885.2978953468737,0.6909888833761215
BKS_-_Bulldozer,nvidia/canary-1b-v2,until,301,278.02,278.31,deletion,0.18809272884391248,0.318001622101292,0.7067513428628445,2396.943722348765,0.5586922718212008
BKS_-_Bulldozer,nvidia/canary-1b-v2,then,302,278.31,278.42,deletion,0.19226161447855142,0.18686436002071088,1.285248414828227,2378.0819321246145,0.5568947173081912
BKS_-_Bulldozer,nvidia/canary-1b-v2,we,303,278.42,278.48,deletion,0.2551279834338597,0.14221217802592687,1.7879654339381628,2368.933975670814,0.6173004593167987
BKS_-_Bulldozer,nvidia/canary-1b-v2,just,304,278.48,278.6,deletion,0.09611379887376513,0.02112770947860554,14.688502362796239,2840.565713773519,0.6872502948556628
BKS_-_Bulldozer,nvidia/canary-1b-v2,until,305,278.92,279.26,correct,0.14290031307452433,0.2870858712373553,0.7090025705260199,2765.8410291943537,0.6289855378705103
BKS_-_Bulldozer,nvidia/canary-1b-v2,then,306,279.26,279.59,correct,0.21652152492768234,0.3386328702585565,1.0601428093181715,2741.572101669165,0.6175318534175555
BKS_-_Bulldozer,nvidia/canary-1b-v2,we'll,307,279.59,279.68,unknown,0.09962768310850317,0.20532690259543332,0.6154748147184198,2642.236299899114,0.5882535495541312
BKS_-_Bulldozer,nvidia/canary-1b-v2,just,308,279.68,280.11,unknown,0.12197196650061201,0.2201049659956009,0.9217837953821142,3333.0397015519816,0.7005207259604271
BKS_-_Bulldozer,nvidia/canary-1b-v2,have,309,280.26,280.44,unknown,0.149128957092762,0.1850327515276149,4.1089996039867405,2845.935215144139,0.6694433093070984
BKS_-_Bulldozer,nvidia/canary-1b-v2,to,310,280.44,280.54,unknown,0.1398916436980168,0.19858890814551464,3.015517108142376,2801.616210015213,0.570771224796772
BKS_-_Bulldozer,nvidia/canary-1b-v2,wear,311,280.54,281.15,unknown,0.2187805502590808,0.29459051110527734,0.7939050005692424,2166.6180334536593,0.5144626407912283
BKS_-_Bulldozer,nvidia/canary-1b-v2,it,312,281.15,281.32,unknown,0.10818406753242016,0.09475009550193422,2.358259502210115,2848.5421433785914,0.6768962772268998
BKS_-_Bulldozer,nvidia/canary-1b-v2,never,313,281.57,281.96,unknown,0.11838645980294261,0.25730470092856284,0.685673204206285,2645.2536119426586,0.4871361386917886
BKS_-_Bulldozer,nvidia/canary-1b-v2,gonna,314,281.96,282.23,unknown,0.15612966753542423,0.2480425278345744,1.0894803980986276,2380.1101747519924,0.5298792938391368
BKS_-_Bulldozer,nvidia/canary-1b-v2,let,315,282.23,282.45,unknown,0.09432737842202187,0.2202973537892103,0.9052597856521607,3195.901234539053,0.6355595254898071
BKS_-_Bulldozer,nvidia/canary-1b-v2,it,316,282.54,283.14,unknown,0.17432223254671464,0.3122731352010025,1.1557586201108418,2764.9115802867386,0.6228012873576237
BKS_-_Bulldozer,nvidia/canary-1b-v2,run,317,283.26,283.76,unknown,0.24153961317130812,0.25282548083406353,1.137867041208126,2412.599180295501,0.5625791726288972
BKS_-_Bulldozer,nvidia/canary-1b-v2,me,318,283.76,283.85,unknown,0.3826786807992242,0.23870539258826862,1.8070895292542197,2098.6165756693945,0.5403311686082319
BKS_-_Bulldozer,nvidia/canary-1b-v2,down,319,283.85,284.63,unknown,0.23466052194791182,0.2878207618015863,1.0254213043621607,2412.6199251373496,0.5600764623710087
BKS_-_Bulldozer,nvidia/canary-1b-v2,like,320,285.65,286.0,unknown,0.308774066206656,0.2277740332861676,5.207680841809825,2253.1450778181083,0.5366654301944532
BKS_-_Bulldozer,nvidia/canary-1b-v2,a,321,286.0,286.04,unknown,0.20643371641635894,0.146941439807415,1.6365392684936524,1952.130606318474,0.49605714082717894
BKS_-_Bulldozer,nvidia/canary-1b-v2,bulldozer,322,286.04,286.9,unknown,0.19200178610301147,0.26443315591783295,1.0249602437339804,2554.154529699629,0.5407261534403729
BKS_-_Bulldozer,nvidia/canary-1b-v2,bulldozer,323,286.9,287.39,unknown,0.23369847153717616,0.3180894950088465,0.8821147798367266,2474.7121327045843,0.5437352179356341
BKS_-_Bulldozer,nvidia/canary-1b-v2,never,324,291.47,291.99,unknown,0.4113586956102933,0.4945161145380033,1.1503652674811227,2128.8558436734747,0.5398084090224334
BKS_-_Bulldozer,nvidia/canary-1b-v2,let,325,291.99,294.27,unknown,0.3902932181954384,0.5084117908473508,0.8861354700610286,2368.4235712086925,0.5472251476078737
BKS_-_Bulldozer,nvidia/canary-1b-v2,it,326,296.99,305.79,unknown,0.3740315130733429,0.4648739899409578,0.8680970896748786,1971.4336354826974,0.4340783384410625
BKS_-_Bulldozer,nvidia/canary-1b-v2,run,327,305.79,305.91,unknown,0.2890484907797405,0.28472986604486195,1.0155984503882272,2341.6739947282003,0.4820473577295031
BKS_-_Bulldozer,nvidia/canary-1b-v2,me,328,305.91,305.97,unknown,0.1819513248545783,0.1776505559682846,1.0363809551511491,2961.195894118472,0.6474403483527047
BKS_-_Bulldozer,nvidia/canary-1b-v2,down,329,305.97,307.42,unknown,0.23634797926896658,0.22887006968383689,3.7291992348738208,2270.2402681529925,0.5678881647495123
BKS_-_Bulldozer,nvidia/canary-1b-v2,never,330,319.14,319.48,unknown,0.420586534045838,0.4444916526963179,1.4551090324247204,2232.8801462773004,0.5565227149306117
BKS_-_Bulldozer,nvidia/canary-1b-v2,let,331,319.48,320.05,unknown,0.3470249988379017,0.48833771512633367,0.8189413898414181,2505.7952271984864,0.6107695698738098
BKS_-_Bulldozer,nvidia/canary-1b-v2,it,332,320.05,320.16,unknown,0.10027089829628284,0.014513556487285174,12.540335765251747,2960.5298113689682,0.6975090641241807
BKS_-_Bulldozer,nvidia/canary-1b-v2,run,333,321.82,322.25,unknown,0.22008389297952044,0.26485772747942743,1.0021491152174928,2112.725605296184,0.4375531318339896
BKS_-_Bulldozer,nvidia/canary-1b-v2,me,334,322.25,322.32,unknown,0.40760622546076775,0.4571680352091789,0.8916272670030594,1374.6501509973664,0.2561776954680681
BKS_-_Bulldozer,nvidia/canary-1b-v2,down,335,322.32,322.44,unknown,0.21399222474013055,0.29262627980538775,0.764423885515758,2853.699886390627,0.5292338005134037
BKS_-_Bulldozer,nvidia/canary-1b-v2,never,336,322.5,323.32,unknown,0.32111957957121456,0.5335193662480875,0.60469546710903,2350.650699647133,0.43107437444004143
BKS_-_Bulldozer,nvidia/canary-1b-v2,let,337,323.32,323.76,unknown,0.30743848501394194,0.5142794121056795,0.5986024923622608,1887.3104102925354,0.3716516898324092
BKS_-_Bulldozer,nvidia/canary-1b-v2,it,338,323.76,323.79,unknown,0.45729364454746246,0.4967764988541603,0.9243750274181366,1916.5659278326098,0.47414905577898026
BKS_-_Bulldozer,nvidia/canary-1b-v2,run,339,323.79,323.89,unknown,0.4441694791118304,0.4276195541024208,1.0462450136741002,1590.4961053314955,0.36471807211637497
BKS_-_Bulldozer,nvidia/canary-1b-v2,me,340,323.89,323.95,unknown,0.297861037509782,0.3523594779627664,0.833928006035941,2310.1031884495574,0.5379479399749211
BKS_-_Bulldozer,nvidia/canary-1b-v2,down,341,323.95,324.04,unknown,0.18416964330456473,0.283854758197611,0.6503660733049567,2944.2387369835737,0.6641848683357239
BKS_-_Bulldozer,nvidia/canary-1b-v2,never,342,324.63,324.98,unknown,0.3399431376080764,0.4662558799854627,1.1250630162264172,1970.7904128788302,0.4766281843185425
BKS_-_Bulldozer,nvidia/canary-1b-v2,let,343,324.98,325.65,unknown,0.333267443244242,0.44179860612429267,2.400587656017807,2599.110966372201,0.5989796084662279
BKS_-_Bulldozer,nvidia/canary-1b-v2,it,344,325.65,325.75,unknown,0.12192674539983273,0.12031118168185155,1.4674278845389683,3021.8429864218447,0.662518136203289
BKS_-_Bulldozer,nvidia/canary-1b-v2,run,345,326.62,327.17,unknown,0.23850785307586192,0.25361511381343005,1.9185933192571005,3082.2297984977236,0.7181800405184428
BKS_-_Bulldozer,nvidia/canary-1b-v2,me,346,327.45,327.9,unknown,0.2878140777271862,0.293945275596343,1.0050271824002266,2462.84184526105,0.5518577930827936
BKS_-_Bulldozer,nvidia/canary-1b-v2,down,347,327.9,329.49,unknown,0.2290371622214889,0.22669857953626074,1.9634855954270614,2438.924129825715,0.5990721734992245
BKS_-_Too_Much,nvidia/canary-1b-v2,she's,0,20.9,21.32,correct,0.18927559548098108,0.4855341916174992,0.5899560846712278,2863.122010712231,0.6305796270785125
BKS_-_Too_Much,nvidia/canary-1b-v2,got,1,21.32,21.62,correct,0.17548496163252628,0.9387297492587205,0.3261698292511882,2864.0108746785136,0.6437069322123672
BKS_-_Too_Much,nvidia/canary-1b-v2,a,2,21.62,21.69,correct,0.1768441591411829,0.8649026528000832,0.20536933280527592,2747.773328225827,0.6286576092243195
BKS_-_Too_Much,nvidia/canary-1b-v2,mask,3,21.69,22.3,substitution,0.13588103146828484,0.7837749751369384,0.3626368103379553,2799.634363591652,0.6134744042699988
BKS_-_Too_Much,nvidia/canary-1b-v2,painted,4,22.3,22.69,correct,0.17115037823312504,0.670643053515706,0.6037940778011499,2514.0109912082266,0.5493955549805664
BKS_-_Too_Much,nvidia/canary-1b-v2,deftly,5,22.69,23.75,substitution,0.17207372757165054,0.7351546117120928,0.754486329265331,2108.936987536406,0.4415350169466253
BKS_-_Too_Much,nvidia/canary-1b-v2,like,6,23.75,24.01,correct,0.08969637623120999,0.44002055042776567,0.29282122439351577,2219.5605900712776,0.5375189205695843
BKS_-_Too_Much,nvidia/canary-1b-v2,curtains,7,24.9,25.46,correct,0.12558564425756533,0.6156825705974673,0.7040016733109951,2387.418301660894,0.5425039432942868
BKS_-_Too_Much,nvidia/canary-1b-v2,across,8,25.46,26.13,correct,0.09151227955948817,0.4661059467861914,0.5856127625662987,2708.551256292376,0.5976697533097985
BKS_-_Too_Much,nvidia/canary-1b-v2,her,9,26.13,26.45,substitution,0.14660423653466362,0.6467955289142472,0.4208584896155766,2905.0415996675897,0.6350428121430534
BKS_-_Too_Much,nvidia/canary-1b-v2,face,10,26.45,27.79,correct,0.10722560412250459,0.38626490779926015,0.9845962652729617,2336.252005220969,0.5230144565511081
BKS_-_Too_Much,nvidia/canary-1b-v2,sun,11,28.58,29.03,correct,0.20707853906312768,0.644335535183853,0.733776258266702,2661.5315388732456,0.5005058512395743
BKS_-_Too_Much,nvidia/canary-1b-v2,is,12,29.03,29.22,correct,0.18583758920431137,0.707071800317083,0.3352247668164117,2829.899930318022,0.4690588414669037
BKS_-_Too_Much,nvidia/canary-1b-v2,hiding,13,29.22,29.72,correct,0.24628589221022346,0.9912654676220634,0.2901041033593091,1786.6262528089624,0.3756528244777159
BKS_-_Too_Much,nvidia/canary-1b-v2,beautiful,14,29.72,30.35,substitution,0.21177528563010342,0.7223000092541471,0.6831845693728503,2087.720908827673,0.4112662377164644
BKS_-_Too_Much,nvidia/canary-1b-v2,black,15,30.35,30.84,correct,0.08226151694104357,0.5655770893032961,1.3673538806725223,2189.5610438145673,0.48764475252268447
BKS_-_Too_Much,nvidia/canary-1b-v2,eyes,16,30.95,31.37,correct,0.12029113733898038,1.0015261542537939,0.12955912064922892,2190.41500303136,0.46078006340109784
BKS_-_Too_Much,nvidia/canary-1b-v2,and,17,31.37,32.09,correct,0.12437905197019701,0.4437478231749945,0.6685405073614864,2743.7392104193796,0.5806955261663957
BKS_-_Too_Much,nvidia/canary-1b-v2,everything's,18,32.61,33.41,correct,0.1925249193296876,0.5549065799582317,1.7782062792847322,3189.230473322019,0.6304785318152849
BKS_-_Too_Much,nvidia/canary-1b-v2,right,19,33.41,33.87,substitution,0.13104648664593696,0.8310090416669845,0.21603246666491033,2677.085024169679,0.6063647156953812
BKS_-_Too_Much,nvidia/canary-1b-v2,in,20,33.87,34.07,correct,0.18521689915138742,0.7739561251972032,0.26816166742988257,2665.7118383401275,0.5951765594275101
BKS_-_Too_Much,nvidia/canary-1b-v2,its,21,34.07,34.25,correct,0.12430857438594103,0.27277210117317735,0.7934325218200684,3463.8263203689544,0.680465753376484
BKS_-_Too_Much,nvidia/canary-1b-v2,place,22,34.25,35.37,correct,0.14197306674905122,0.5289386209837782,1.0374008594701687,2594.50561044978,0.5330357703069846
BKS_-_Too_Much,nvidia/canary-1b-v2,he,23,35.86,36.09,correct,0.3072936549782753,0.41627873860299586,13.025463305711746,1832.671929518319,0.43159894824028017
BKS_-_Too_Much,nvidia/canary-1b-v2,says,24,36.09,36.44,correct,0.17040021639121206,0.53105197611608,0.39685006949462387,2567.6076104705185,0.5132666904675333
BKS_-_Too_Much,nvidia/canary-1b-v2,you,25,36.44,36.62,correct,0.4006868678899038,1.339279035727183,0.34824443856875104,2620.601014193138,0.5983185157889411
BKS_-_Too_Much,nvidia/canary-1b-v2,just,26,36.62,36.93,correct,0.223769438398235,0.5480725503362277,0.7299921788713511,3103.1078760744463,0.6906835401759428
BKS_-_Too_Much,nvidia/canary-1b-v2,can't,27,36.93,37.2,correct,0.10135544153551261,0.9174350763360659,0.1460067595044772,2198.3857819583723,0.5308894743522008
BKS_-_Too_Much,nvidia/canary-1b-v2,walk,28,37.2,37.69,substitution,0.0457875724389868,0.989697127972009,0.06946470050738668,2113.5145407235414,0.507496085369362
BKS_-_Too_Much,nvidia/canary-1b-v2,out,29,37.69,37.96,correct,0.05815667938441038,1.0908366640408833,0.06550060988714297,2189.13287490103,0.5336287458737691
BKS_-_Too_Much,nvidia/canary-1b-v2,and,30,37.96,38.19,correct,0.1005547209084034,1.2463197445869445,0.08049496591091156,1689.3419613370309,0.385068923830986
BKS_-_Too_Much,nvidia/canary-1b-v2,leave,31,38.19,38.63,correct,0.23773693176917732,1.0922870635986328,0.27599755961758393,2525.837287740736,0.560366990044713
BKS_-_Too_Much,nvidia/canary-1b-v2,me,32,38.63,39.16,substitution,0.2413560301065445,1.0096482490671093,0.2506731902730876,2982.027248182827,0.6850528162101219
BKS_-_Too_Much,nvidia/canary-1b-v2,you,33,39.16,39.46,correct,0.17218962853605096,0.38142337717793207,0.5083499279889193,2580.3740153474555,0.6246357126669451
BKS_-_Too_Much,nvidia/canary-1b-v2,gotta,34,39.46,39.61,correct,0.15347937450689428,0.03537954198306098,6.63041280297672,2663.7566079772546,0.6441287854138542
BKS_-_Too_Much,nvidia/canary-1b-v2,pay,35,40.15,40.21,correct,0.07727541914209723,0.11595870304154232,1.279982641339302,1970.6078702400255,0.46454431116580963
BKS_-_Too_Much,nvidia/canary-1b-v2,your,36,40.21,40.5,correct,0.34127886639907956,0.8274343935772777,0.5319902133196592,2646.71397288648,0.591487274505198
BKS_-_Too_Much,nvidia/canary-1b-v2,debt,37,40.5,41.01,correct,0.16866557611660524,0.6533776148476383,0.38217418681491505,2117.0851575303936,0.48168614289977335
BKS_-_Too_Much,nvidia/canary-1b-v2,you,38,41.01,41.07,correct,0.20235816708632878,0.8123980419976371,0.2779602599995477,1558.9704385926893,0.3796057275363377
BKS_-_Too_Much,nvidia/canary-1b-v2,made,39,41.07,41.35,correct,0.12354094054429762,1.1819651424884796,0.12264313717042247,2497.243168562162,0.5129862523848011
BKS_-_Too_Much,nvidia/canary-1b-v2,your,40,41.35,41.92,substitution,0.21672685167962505,0.8520022210094237,0.26000106647129984,1745.1036462417694,0.3154374070225223
BKS_-_Too_Much,nvidia/canary-1b-v2,bed,41,41.92,43.3,correct,0.1968525498602036,0.5842093811810922,0.5927918413402261,2174.8330085754023,0.4996356469755237
BKS_-_Too_Much,nvidia/canary-1b-v2,now,42,43.75,43.82,correct,0.08875943968693416,0.04338752975066503,2.096977260377672,2170.4113868202653,0.4757168193658193
BKS_-_Too_Much,nvidia/canary-1b-v2,you,43,43.99,44.4,correct,0.12831907818714777,0.5164373111393716,1.287478255894449,2082.8348446536506,0.49081384009785123
BKS_-_Too_Much,nvidia/canary-1b-v2,lie,44,44.4,44.47,substitution,0.21439243853092194,0.8937216550111771,0.2384939268231392,1721.254176093742,0.3586680106818676
BKS_-_Too_Much,nvidia/canary-1b-v2,in,45,44.47,44.67,correct,0.21960798447782343,0.6576080098748207,0.46416146985509177,1984.520549071079,0.455476003614339
BKS_-_Too_Much,nvidia/canary-1b-v2,it,46,44.67,44.7,correct,0.1894951730966568,0.5935082197189331,0.3185319840908051,2183.9980724295356,0.5243307709693908
BKS_-_Too_Much,nvidia/canary-1b-v2,and,47,44.7,44.86,correct,0.12162934243679047,0.1904299184679985,0.8693734208742777,1493.2600470085608,0.37055575516488815
BKS_-_Too_Much,nvidia/canary-1b-v2,don't,48,44.86,45.32,correct,0.12435175865888595,0.7492502474784851,0.27692445456981657,1939.5061373396518,0.46245635390281675
BKS_-_Too_Much,nvidia/canary-1b-v2,you,49,45.32,45.83,correct,0.16148448572917418,0.6560632667758248,0.2681771302765066,2215.34916393805,0.4904724947430871
BKS_-_Too_Much,nvidia/canary-1b-v2,ever,50,45.83,46.5,correct,0.10453463835667258,0.8538053356755321,0.6129226785102119,2014.9676993844164,0.45662943130894884
BKS_-_Too_Much,nvidia/canary-1b-v2,forget,51,46.53,46.74,correct,0.06999605586347372,0.0709002116776031,2.4780094856801242,3280.328858902833,0.6199625108553015
BKS_-_Too_Much,nvidia/canary-1b-v2,that,52,47.75,49.54,substitution,0.13597432465758175,0.6107822258394057,0.43616561696399003,2871.9359434798753,0.5987653033031771
BKS_-_Too_Much,nvidia/canary-1b-v2,i,53,49.57,49.6,correct,0.06867690291255713,0.12446827255189419,0.554898664355278,2538.6369365368682,0.5687078088521957
BKS_-_Too_Much,nvidia/canary-1b-v2,can,54,49.6,50.44,correct,0.11915040871762968,0.36629615313179054,1.2514297218358779,2117.250410316932,0.5082251892967539
BKS_-_Too_Much,nvidia/canary-1b-v2,settle,55,51.07,51.81,correct,0.38642991445958613,0.6923766232095658,2.4109815120697022,1755.4489879595549,0.45781319588422775
BKS_-_Too_Much,nvidia/canary-1b-v2,this,56,52.07,52.32,correct,0.15293627701423787,0.17209741497343337,2.6373771164152355,4118.535502528416,0.7631635290605051
BKS_-_Too_Much,nvidia/canary-1b-v2,with,57,52.32,52.41,correct,0.8126184371384707,1.0551834187724374,0.7868934923952277,1905.3931665446196,0.38335745984857733
BKS_-_Too_Much,nvidia/canary-1b-v2,a,58,52.41,53.38,correct,0.441506204338601,0.8970939486215894,0.5410708253486798,2028.8734341033328,0.4107252170260136
BKS_-_Too_Much,nvidia/canary-1b-v2,blind,59,53.41,53.98,correct,0.3026751416628478,0.9418428747868929,0.366668378720518,1626.184538787165,0.3255862376240433
BKS_-_Too_Much,nvidia/canary-1b-v2,one,60,53.98,54.09,substitution,0.24713745942482582,1.1743398079505334,0.22365976755435651,1541.399173948617,0.2976142775553923
BKS_-_Too_Much,nvidia/canary-1b-v2,and,61,54.09,54.91,correct,0.20315797074457234,0.9230088977289669,0.3225635813360804,2015.346315690721,0.48274984453501324
BKS_-_Too_Much,nvidia/canary-1b-v2,you,62,55.47,55.88,correct,0.3172568758328756,1.1484374284744263,0.2903452038764954,2455.450639119821,0.5717933628294203
BKS_-_Too_Much,nvidia/canary-1b-v2,know,63,55.88,56.1,correct,0.2944193445146084,1.2311222876111667,0.2452896007647117,2622.6044088534313,0.5968652665615082
BKS_-_Too_Much,nvidia/canary-1b-v2,you'll,64,56.1,56.37,correct,0.41460795601209005,1.3069101572036743,0.31749068995316826,2373.8043536499636,0.5915102303028107
BKS_-_Too_Much,nvidia/canary-1b-v2,hang,65,56.37,56.65,correct,0.32622871331630215,1.0235718238738276,0.32327495611483054,2311.8647766254876,0.554896455618643
BKS_-_Too_Much,nvidia/canary-1b-v2,on,66,56.65,56.85,correct,0.2664510553533381,1.0406913682818413,0.3200668794187633,2246.513518378839,0.5362183587117628
BKS_-_Too_Much,nvidia/canary-1b-v2,to,67,56.85,57.18,correct,0.3452801873555055,0.762572439337099,0.5478243501605214,2521.9630224388666,0.5994271837376259
BKS_-_Too_Much,nvidia/canary-1b-v2,a,68,57.18,57.23,substitution,0.2437552809715271,0.8064232394099236,0.7141456082463264,2131.7532884600173,0.5417396972576777
BKS_-_Too_Much,nvidia/canary-1b-v2,touch,69,57.23,58.51,correct,0.23787858900006698,0.6614421729025417,0.6519091858164124,2407.7826710258437,0.5399945626656214
BKS_-_Too_Much,nvidia/canary-1b-v2,you,70,59.24,59.39,correct,0.28245959211798277,0.42991477982414994,7.069469104794895,1595.6653933673574,0.3475766313426635
BKS_-_Too_Much,nvidia/canary-1b-v2,never,71,59.39,59.85,correct,0.38329638063907623,0.9695159491896629,0.48955446034669875,1785.5261847391814,0.39583829253911973
BKS_-_Too_Much,nvidia/canary-1b-v2,break,72,59.85,60.3,correct,0.2770554564741193,0.7238645444110948,0.7003846487828663,2391.466185315633,0.5832227778678037
BKS_-_Too_Much,nvidia/canary-1b-v2,free,73,60.3,60.83,correct,0.16866008449217368,0.9135895024599701,0.41855051522624903,2638.2709761720175,0.6249145685598768
BKS_-_Too_Much,nvidia/canary-1b-v2,cause,74,60.83,61.17,correct,0.3092619992188505,0.6813861582730267,0.7682392951604482,2457.3023213707406,0.5889435265515301
BKS_-_Too_Much,nvidia/canary-1b-v2,you,75,61.17,61.29,correct,0.2812162808009556,1.187079335962023,0.24611260635512217,2093.79284808281,0.5094117777688163
BKS_-_Too_Much,nvidia/canary-1b-v2,know,76,61.29,61.62,correct,0.2764365201195081,0.9911828802691566,0.3021206822660234,1647.3270648851349,0.3881031879120403
BKS_-_Too_Much,nvidia/canary-1b-v2,deep,77,61.62,61.9,correct,0.2629322025083726,0.6856421565096225,1.6227069948950121,2091.5302811964093,0.4901013614669923
BKS_-_Too_Much,nvidia/canary-1b-v2,inside,78,61.9,63.3,correct,0.273900306224823,0.6705387100577355,0.6362091055015723,2282.424295852883,0.5569813000162442
BKS_-_Too_Much,nvidia/canary-1b-v2,girl,79,63.3,63.88,correct,0.2898257940061509,0.7384285147279679,5.715761075890254,2579.5549995927895,0.5563465659580533
BKS_-_Too_Much,nvidia/canary-1b-v2,you,80,64.0,64.15,correct,0.13538342801963582,0.35482030887129334,3.8105939977309284,1537.2356300878291,0.31738439202308655
BKS_-_Too_Much,nvidia/canary-1b-v2,love,81,64.15,64.47,substitution,0.12513691463640758,0.5830076272998538,0.22970613070896695,2013.1016985725823,0.3991756613765444
BKS_-_Too_Much,nvidia/canary-1b-v2,me,82,64.47,64.66,correct,0.12019214144145901,0.3363330831581896,0.39356682855974545,1498.483012297281,0.30353043567050586
BKS_-_Too_Much,nvidia/canary-1b-v2,too,83,64.66,64.96,correct,0.10334803745376342,0.21265556731007315,0.528740155877489,2525.440340526455,0.4788652735226082
BKS_-_Too_Much,nvidia/canary-1b-v2,much,84,64.96,66.03,correct,0.0854959294685851,0.1755677659897154,3.3933625793975333,1925.5870565294176,0.41193273035080535
BKS_-_Too_Much,nvidia/canary-1b-v2,she,85,68.76,68.96,substitution,0.3939934264529835,0.456409126075662,11.291361812163483,2135.786801520971,0.5266124538399957
BKS_-_Too_Much,nvidia/canary-1b-v2,met,86,68.96,69.34,substitution,0.30289093405008316,0.8746324004161925,0.3963570825400807,2245.7289698748477,0.4373500203447683
BKS_-_Too_Much,nvidia/canary-1b-v2,him,87,69.34,69.51,correct,0.29964080296064677,0.7246328921694505,0.47904874933393377,2416.606757385233,0.48544584606823166
BKS_-_Too_Much,nvidia/canary-1b-v2,last,88,69.51,70.04,substitution,0.24039044074322047,0.6675199642123884,0.560532072657033,2973.090100026187,0.5975673643120548
BKS_-_Too_Much,nvidia/canary-1b-v2,year,89,70.04,70.36,substitution,0.41985297865337795,0.7590437407294909,0.5666695493790839,1821.6123241050648,0.3141479479769866
BKS_-_Too_Much,nvidia/canary-1b-v2,at,90,70.36,70.53,substitution,0.18075237001635527,0.3019624579403746,2.0270846062584926,1714.3427491534956,0.3888982754004629
BKS_-_Too_Much,nvidia/canary-1b-v2,the,91,70.53,70.6,substitution,0.5011569005437195,0.783181931823492,0.8933968022465706,1683.2422375507863,0.33606486581265926
BKS_-_Too_Much,nvidia/canary-1b-v2,local,92,70.6,71.62,substitution,0.2806360048326579,0.7113638820465316,0.5937817424535752,1417.5087379172699,0.27031602466648275
BKS_-_Too_Much,nvidia/canary-1b-v2,lookin',93,71.62,71.94,correct,0.08942934881363596,0.22735449634492397,1.0629035600594112,1622.5107175636422,0.40163327540670124
BKS_-_Too_Much,nvidia/canary-1b-v2,so,94,72.3,72.36,correct,0.06557675983224596,0.012166646442243032,6.232087680271694,3369.495740761328,0.6836937495640346
BKS_-_Too_Much,nvidia/canary-1b-v2,lonely,95,72.76,73.11,correct,0.1683090156630466,0.4488872108049691,1.5809086992552406,1633.6150973599063,0.39813296222373057
BKS_-_Too_Much,nvidia/canary-1b-v2,and,96,73.15,73.42,correct,0.18159001308182876,0.46855396777391434,0.6801634406050047,2288.570748782032,0.5340633749961853
BKS_-_Too_Much,nvidia/canary-1b-v2,lost,97,73.42,74.21,correct,0.21273699779720867,0.9184829329743105,0.27700007987373015,2055.0224509261743,0.4741658757714664
BKS_-_Too_Much,nvidia/canary-1b-v2,and,98,74.21,74.63,correct,0.16477196453058202,0.6621467516474102,0.25197357490010885,2185.7601044343537,0.4810637844645459
BKS_-_Too_Much,nvidia/canary-1b-v2,looking,99,74.63,75.58,substitution,0.19164292872244237,0.6199625607799081,0.7176673003271514,2086.6603479902024,0.446961991927203
BKS_-_Too_Much,nvidia/canary-1b-v2,like,100,76.55,76.91,substitution,0.19573290087282658,0.4561800512079245,0.7783110925020316,1760.2402226951817,0.38558637178861177
BKS_-_Too_Much,nvidia/canary-1b-v2,life,101,77.0,77.97,correct,0.20546875679149076,0.8021841822550274,0.5564869235341365,2480.54856576493,0.5397569044278219
BKS_-_Too_Much,nvidia/canary-1b-v2,had,102,77.97,78.14,correct,0.1892913146630714,0.4457396626423456,2.0815219494857287,2768.2043740618096,0.6518749955453371
BKS_-_Too_Much,nvidia/canary-1b-v2,sure,103,78.14,78.37,correct,0.14932730220831358,0.7210461712227418,0.2917335583613469,2478.5499400644676,0.5331726223230362
BKS_-_Too_Much,nvidia/canary-1b-v2,changed,104,78.37,78.98,correct,0.13052437945523046,0.4634869431390667,2.369207026944919,2748.2450889583074,0.597363373095339
BKS_-_Too_Much,nvidia/canary-1b-v2,him,105,78.98,79.04,correct,0.15732840022870473,0.9046197533607483,0.1780647092631885,2086.107977872049,0.4817913600376674
BKS_-_Too_Much,nvidia/canary-1b-v2,and,106,79.04,79.87,substitution,0.190900527810057,0.5395915618269808,2.5521852623257373,1793.87126365492,0.4262731757428911
BKS_-_Too_Much,nvidia/canary-1b-v2,only,107,80.63,80.97,correct,0.14579929169770833,0.8450953686559523,0.19352559644628214,2197.7081217343334,0.514476142219595
BKS_-_Too_Much,nvidia/canary-1b-v2,she,108,80.97,81.23,correct,0.3259177179685954,0.34060887915307075,1.046756652922466,2582.73032869203,0.58894999582192
BKS_-_Too_Much,nvidia/canary-1b-v2,could,109,81.23,81.49,correct,0.17036451219484725,0.34467860092890673,1.0359632948349262,1830.2145621190045,0.44312191112288113
BKS_-_Too_Much,nvidia/canary-1b-v2,make,110,81.49,81.81,correct,0.20891709455421992,0.6007970478385687,0.7560671929802213,1866.1135218179977,0.38425159496920447
BKS_-_Too_Much,nvidia/canary-1b-v2,up,111,81.81,82.05,substitution,0.2646133418160456,0.5095834368494926,2.0612050747429884,1772.1371669722478,0.3972120329185768
BKS_-_Too_Much,nvidia/canary-1b-v2,the,112,82.05,82.13,correct,0.227675655649768,0.5282444018456671,1.3775340418020885,1587.6816449937442,0.38631172478199005
BKS_-_Too_Much,nvidia/canary-1b-v2,cost,113,82.13,83.19,correct,0.21790644732352935,0.46740791796739295,2.7745535473028817,1807.7008165361847,0.36309212433141574
BKS_-_Too_Much,nvidia/canary-1b-v2,she,114,83.89,84.13,correct,0.18404968469761884,0.517947636401424,0.48778837002240694,2941.7801601663377,0.6279415167295016
BKS_-_Too_Much,nvidia/canary-1b-v2,said,115,84.13,84.4,substitution,0.22639300574858984,0.5649683085580667,0.7113869935274124,2678.026619387366,0.6285022209088008
BKS_-_Too_Much,nvidia/canary-1b-v2,i,116,84.43,84.63,correct,0.32956462774587714,0.99226364882096,0.9249691639257513,2526.4702168654408,0.6120457869508992
BKS_-_Too_Much,nvidia/canary-1b-v2,only,117,84.63,85.75,substitution,0.24150396746893724,1.2872325092554093,0.19463627453272542,2465.586126727009,0.5816886405150096
BKS_-_Too_Much,nvidia/canary-1b-v2,wanna,118,85.75,85.87,substitution,0.12222439210329737,0.9177577644586563,0.17987483686634473,2048.6872147679614,0.495087342602866
BKS_-_Too_Much,nvidia/canary-1b-v2,be,119,85.87,86.06,correct,0.13336217545327686,1.1433874169985454,0.15458969949256807,2702.243568552739,0.5847750050680978
BKS_-_Too_Much,nvidia/canary-1b-v2,near,120,86.06,86.5,correct,0.2608312740921974,1.2326932934423287,0.2242246150660018,2449.6114482946864,0.5467247466246287
BKS_-_Too_Much,nvidia/canary-1b-v2,you,121,86.5,87.71,correct,0.304581079316827,0.6295304796336075,1.9143763130673996,2456.474213283157,0.5573844176072341
BKS_-_Too_Much,nvidia/canary-1b-v2,for,122,88.14,88.56,correct,0.22846194822341204,0.993231197728006,0.7406726298124894,2371.3228344721592,0.5421388382497041
BKS_-_Too_Much,nvidia/canary-1b-v2,every,123,88.56,88.91,substitution,0.37525496239724915,1.1592333999119306,0.431713390899332,2150.360525288801,0.5162810330328188
BKS_-_Too_Much,nvidia/canary-1b-v2,hour,124,88.91,89.67,correct,0.17995453853069282,0.8982225720111917,0.2623664197034952,2729.9310054062325,0.6390740471642192
BKS_-_Too_Much,nvidia/canary-1b-v2,of,125,89.67,89.76,correct,0.07502877542918379,0.5104337741028179,0.15990803932601755,2887.2058325855114,0.6495032743974165
BKS_-_Too_Much,nvidia/canary-1b-v2,the,126,89.76,89.86,correct,0.08500221806267898,0.4868645506600539,0.20942964839438596,2731.0068208980792,0.6192051023244858
BKS_-_Too_Much,nvidia/canary-1b-v2,day,127,89.86,90.51,deletion,0.24357538502663373,0.9117982103356294,0.3498680823615619,2668.516262916501,0.5875542048897062
BKS_-_Too_Much,nvidia/canary-1b-v2,he,128,90.51,91.43,correct,0.25418194616683804,0.46671801934846574,7.824150890412957,2647.6397209580828,0.6081540473181792
BKS_-_Too_Much,nvidia/canary-1b-v2,looked,129,91.96,92.44,correct,0.2044655785251122,0.6769569733878598,2.941216945504913,2025.1049828860923,0.4943223549769475
BKS_-_Too_Much,nvidia/canary-1b-v2,right,130,92.47,93.02,correct,0.23215483961006006,0.5855060692566136,2.783406583716472,2078.3026390133487,0.5100577419002851
BKS_-_Too_Much,nvidia/canary-1b-v2,through,131,93.02,93.49,correct,0.5110625199535314,0.9052960164114541,0.6327205791192896,1596.8312729046645,0.3470689590070762
BKS_-_Too_Much,nvidia/canary-1b-v2,already,132,93.49,93.96,correct,0.39694225642026637,1.0063990249353296,0.39241351011921377,1876.8591733165076,0.3104402954671897
BKS_-_Too_Much,nvidia/canary-1b-v2,melted,133,93.96,94.56,substitution,0.28777436923522215,0.7268598604660768,0.4577830585149618,1970.4701395534453,0.38831168757035184
BKS_-_Too_Much,nvidia/canary-1b-v2,at,134,94.56,94.71,correct,0.28082657824544344,0.9407760141526952,0.3159440764609505,2240.3537451103944,0.4976659066536847
BKS_-_Too_Much,nvidia/canary-1b-v2,heart,135,94.71,95.65,correct,0.19294638017026505,0.5708630449774832,0.9495290297240314,1888.47930666529,0.43169297056623024
BKS_-_Too_Much,nvidia/canary-1b-v2,but,136,96.21,96.5,correct,0.17639834783039987,0.1704642331751529,5.7301512393169105,3386.0387803611866,0.720599265769124
BKS_-_Too_Much,nvidia/canary-1b-v2,there,137,96.5,96.74,correct,0.187308346422819,0.9082624290425044,0.5276288352906704,2929.254027901505,0.6809213963838724
BKS_-_Too_Much,nvidia/canary-1b-v2,was,138,96.74,96.95,correct,0.1294264905154705,0.511265524973472,0.3882780860488613,3430.0071614675494,0.6926029945413271
BKS_-_Too_Much,nvidia/canary-1b-v2,nothing,139,96.95,97.18,correct,0.08345205217599869,0.4851438494026661,0.8330040502548218,3435.4482823315484,0.7219591093063354
BKS_-_Too_Much,nvidia/canary-1b-v2,to,140,97.23,97.54,substitution,0.09729746345649748,0.672768809750457,0.3065553167287041,3251.1737300632026,0.6713234080987818
BKS_-_Too_Much,nvidia/canary-1b-v2,say,141,97.54,98.54,substitution,0.18220583941334875,0.5546800842352002,0.4343501141068534,2304.951885424738,0.5156971592212392
BKS_-_Too_Much,nvidia/canary-1b-v2,now,142,98.54,98.64,correct,0.292010838786761,0.1047430489367495,11.757643073797226,1849.512047096687,0.49486224601666134
BKS_-_Too_Much,nvidia/canary-1b-v2,it,143,99.27,99.75,correct,0.329662357720564,0.6226106746614261,1.4245212572925496,1502.8382624250755,0.32590985719887716
BKS_-_Too_Much,nvidia/canary-1b-v2,didn't,144,99.75,100.24,correct,0.2727824979514446,0.6648267132388253,0.7457128231817821,2544.007900180062,0.5172347893130105
BKS_-_Too_Much,nvidia/canary-1b-v2,take,145,100.24,100.57,correct,0.3555100816819403,0.7883033731745349,0.571468816863166,2494.8990115146717,0.5206748959090974
BKS_-_Too_Much,nvidia/canary-1b-v2,a,146,100.57,100.62,correct,0.3049953952431679,0.7833636899789175,0.39670013387997943,2095.5064309017566,0.4063919236262639
BKS_-_Too_Much,nvidia/canary-1b-v2,long,147,100.62,100.96,correct,0.27769431314970316,1.0249677067132372,0.3209233825144015,1892.0314254412472,0.3771355716805709
BKS_-_Too_Much,nvidia/canary-1b-v2,till,148,100.96,101.24,correct,0.23570730288823447,0.8657830126583577,0.43243613590796787,2649.688041672104,0.6045992195606231
BKS_-_Too_Much,nvidia/canary-1b-v2,he,149,101.24,101.46,correct,0.3380419737100601,0.8034298396110535,0.418705427646637,2319.466357492998,0.5115690636634826
BKS_-_Too_Much,nvidia/canary-1b-v2,hit,150,101.46,101.72,deletion,0.2373019128010191,0.8463427198344263,0.3471275670775052,2224.6691569389563,0.5468367502607149
BKS_-_Too_Much,nvidia/canary-1b-v2,her,151,101.72,102.66,deletion,0.25381576055937477,0.8314351513981819,1.1789617905817409,2322.0481159406613,0.5499377410010536
BKS_-_Too_Much,nvidia/canary-1b-v2,she,152,102.94,103.0,deletion,0.15640343725681305,0.10864505757178579,2.1914842213903154,2329.6965429242873,0.5802972997937884
BKS_-_Too_Much,nvidia/canary-1b-v2,while,153,103.0,103.25,deletion,0.38849611207842827,0.8403104543685913,0.5027446576527187,2144.3537769135005,0.5343697826777186
BKS_-_Too_Much,nvidia/canary-1b-v2,he,154,103.25,103.34,deletion,0.24448433816432952,0.7384300649166107,0.36935879439115527,2445.1732121667187,0.6080165565013885
BKS_-_Too_Much,nvidia/canary-1b-v2,was,155,103.34,103.62,deletion,0.21297693685177835,0.524079046903118,0.5183729793756239,2763.029670183364,0.6335811018943787
BKS_-_Too_Much,nvidia/canary-1b-v2,leaning,156,103.62,104.01,deletion,0.4115961194038391,1.2033546989740327,0.3698264862908873,2821.4082924523987,0.6168536717115447
BKS_-_Too_Much,nvidia/canary-1b-v2,on,157,104.01,104.42,deletion,0.46783650086985695,1.2207783036761815,0.3949089099963506,2227.292037009016,0.5171104888121287
BKS_-_Too_Much,nvidia/canary-1b-v2,his,158,104.42,104.59,deletion,0.25177057793265895,0.922752962300652,0.29646002226754237,2818.328173968424,0.676942063005347
BKS_-_Too_Much,nvidia/canary-1b-v2,liquid,159,104.59,105.21,correct,0.3171009449149246,0.7176829667122506,0.9055325070868677,1978.7629772232403,0.46474161054661023
BKS_-_Too_Much,nvidia/canary-1b-v2,crutch,160,105.21,106.37,correct,0.290429110378027,0.8148639134168625,0.5505987992286682,2214.068484034183,0.4417590388059616
BKS_-_Too_Much,nvidia/canary-1b-v2,she,161,106.72,106.89,correct,0.18780871657164475,0.4236990466811939,0.7989458441734314,3160.3465595435105,0.626862413004825
BKS_-_Too_Much,nvidia/canary-1b-v2,said,162,106.89,107.28,correct,0.19769104535496512,0.8198812895042952,0.3465094798526099,3062.9590818040697,0.619259387254715
BKS_-_Too_Much,nvidia/canary-1b-v2,i,163,107.28,107.37,correct,0.1783297762274742,0.8266288995742798,0.25664652436971663,2328.248760562578,0.543272978067398
BKS_-_Too_Much,nvidia/canary-1b-v2,got,164,107.37,107.72,substitution,0.19895034808761033,0.4562593080724279,1.3024973670641582,2671.0423035748922,0.6060974964728723
BKS_-_Too_Much,nvidia/canary-1b-v2,to,165,107.72,107.89,correct,0.2547090179041812,0.9896051240594763,0.4833252931896009,3301.218966560855,0.713706025951787
BKS_-_Too_Much,nvidia/canary-1b-v2,forgive,166,107.89,108.68,correct,0.2776928922709297,0.9744933266850079,0.9106231938390171,2683.543855901018,0.6370951999636257
BKS_-_Too_Much,nvidia/canary-1b-v2,you,167,108.68,108.99,substitution,0.33275145555243774,1.3566918758785023,0.2492623434347265,2467.8480647198617,0.5870678468662149
BKS_-_Too_Much,nvidia/canary-1b-v2,and,168,108.99,109.19,correct,0.2868003100156784,1.4236236702312122,0.20159696516665546,2394.5512045001396,0.5799091377041556
BKS_-_Too_Much,nvidia/canary-1b-v2,it's,169,109.19,109.32,correct,0.13938556710879008,0.4712135061621666,0.5104354272286097,2817.1244666271764,0.6902737259864807
BKS_-_Too_Much,nvidia/canary-1b-v2,probably,170,109.32,109.8,correct,0.2839963257593929,0.9147373015447607,0.6258255375443764,1995.7423433828371,0.47342169284820557
BKS_-_Too_Much,nvidia/canary-1b-v2,my,171,109.8,110.25,correct,0.31260466286722494,1.0873627244513862,0.4297299266469722,2250.492523305357,0.5347993799618312
BKS_-_Too_Much,nvidia/canary-1b-v2,fault,172,110.33,110.85,correct,0.3677358759034957,0.793418960778841,1.05581671372056,1780.497521416048,0.4420678269650255
BKS_-_Too_Much,nvidia/canary-1b-v2,and,173,111.1,111.35,substitution,0.23068438496972835,0.2411598503323538,1.4583421455962318,1422.9183710435516,0.3491750274385725
BKS_-_Too_Much,nvidia/canary-1b-v2,boy,174,111.35,111.82,correct,0.22979774311477064,0.984728974764984,0.737612314814446,2163.483703394031,0.4726622963652891
BKS_-_Too_Much,nvidia/canary-1b-v2,i,175,112.12,112.19,correct,0.15530091058462858,0.6292438264936209,0.26623693108558655,2285.6358208006986,0.5150528363883495
BKS_-_Too_Much,nvidia/canary-1b-v2,love,176,112.19,112.56,correct,0.07502167272131617,0.5921161927101088,0.15947389602661133,2997.5078782943087,0.6237343099059128
BKS_-_Too_Much,nvidia/canary-1b-v2,you,177,112.56,112.68,substitution,0.05179781147411892,0.34794377109834124,0.2047089444739478,3215.0165739802455,0.6326379903725216
BKS_-_Too_Much,nvidia/canary-1b-v2,too,178,112.68,113.03,substitution,0.0664880707810976,0.2826603528259224,0.6533751528906194,3977.4388500909317,0.734699862568002
BKS_-_Too_Much,nvidia/canary-1b-v2,much,179,113.03,114.13,correct,0.12280516869435876,0.18190196086652577,3.054488543294749,3203.395261465816,0.6615350365133609
BKS_-_Too_Much,nvidia/canary-1b-v2,she's,180,153.28,153.52,correct,0.16710527048066812,0.26974110339802726,0.7188922663529714,2629.15319485875,0.5582139790058136
BKS_-_Too_Much,nvidia/canary-1b-v2,going,181,153.52,154.08,correct,0.2531817788105519,0.8798056024996961,0.4636243486502131,2701.4372545879264,0.5396864546127007
BKS_-_Too_Much,nvidia/canary-1b-v2,away,182,154.08,154.65,correct,0.22942428571767495,0.9511938007151495,0.2693383566668776,2220.5291404649934,0.4694551366274474
BKS_-_Too_Much,nvidia/canary-1b-v2,down,183,154.65,155.03,correct,0.23290803283452988,0.7481309235805557,0.44100098507035346,2217.5617245676794,0.5100572577544621
BKS_-_Too_Much,nvidia/canary-1b-v2,the,184,155.03,155.13,substitution,0.26153588977952796,0.6832402075330416,0.3689111185570558,1511.5265317523365,0.3543243333697319
BKS_-_Too_Much,nvidia/canary-1b-v2,road,185,155.13,155.62,substitution,0.19438945220888787,0.7623008632997297,0.39142500890313453,1364.5069967652057,0.30252677708301906
BKS_-_Too_Much,nvidia/canary-1b-v2,now,186,155.62,156.6,correct,0.21360907339895108,0.6826195680395752,0.46782689829761126,1654.3122129180217,0.3597553431425454
BKS_-_Too_Much,nvidia/canary-1b-v2,into,187,157.37,157.84,correct,0.37301188210646313,0.5428605336768955,0.8175738056500753,2813.4172805083244,0.5182889384381911
BKS_-_Too_Much,nvidia/canary-1b-v2,the,188,157.84,157.99,correct,0.4337410378982039,0.5431542944382218,0.8520517840104944,1824.538231487255,0.3758177161216736
BKS_-_Too_Much,nvidia/canary-1b-v2,great,189,157.99,158.57,correct,0.21331435010310204,0.5483497895876921,1.9725636948668768,2036.80311712447,0.4479289783371819
BKS_-_Too_Much,nvidia/canary-1b-v2,beyond,190,158.57,160.2,substitution,0.2769459766046754,0.6791409700868073,0.7447594560083302,2507.7427349293976,0.5061702338614683
BKS_-_Too_Much,nvidia/canary-1b-v2,who,191,161.12,161.48,correct,0.3175905506389263,0.9082741918675123,3.1230803315456095,2090.746378693404,0.5138401152231754
BKS_-_Too_Much,nvidia/canary-1b-v2,knows,192,161.48,161.91,correct,0.38297402288051363,0.9018281248021633,0.4681386028198486,2538.2157314240008,0.5908392648747627
BKS_-_Too_Much,nvidia/canary-1b-v2,what,193,161.91,162.31,substitution,0.3079905516721986,0.8040340580046177,0.5380819212983955,2214.8311375053913,0.5418547154827551
BKS_-_Too_Much,nvidia/canary-1b-v2,she,194,162.31,162.61,correct,0.17418719083070755,0.8026790149284132,0.22193796255371787,2843.5467465322076,0.6120186303601121
BKS_-_Too_Much,nvidia/canary-1b-v2,will,195,162.61,162.8,correct,0.3666919945251374,0.7372456718058813,0.5433889173326039,1740.9767281352013,0.45104133940878366
BKS_-_Too_Much,nvidia/canary-1b-v2,find,196,162.8,163.46,correct,0.3197710340921308,0.7111509096034816,0.6045562316414336,1771.8111128198457,0.39190974159979486
BKS_-_Too_Much,nvidia/canary-1b-v2,there,197,163.46,164.44,substitution,0.45612179617977366,0.8417672200374445,0.6554890767020999,1869.6201134155865,0.3637209562760479
BKS_-_Too_Much,nvidia/canary-1b-v2,who,198,164.98,165.31,correct,0.2609063078825538,0.7918399482764102,0.6810094536961736,2205.8590216218236,0.5396669386206446
BKS_-_Too_Much,nvidia/canary-1b-v2,knows,199,165.31,165.75,correct,0.29207312998672325,0.7903964458964765,0.4438875938455264,2700.575129440016,0.6325658746063709
BKS_-_Too_Much,nvidia/canary-1b-v2,where,200,165.75,166.14,correct,0.28077422898440135,0.9961025643916357,0.3575990977031844,2175.50001104725,0.5130486552204404
BKS_-_Too_Much,nvidia/canary-1b-v2,she,201,166.14,166.49,correct,0.2871539157472159,0.6740750278297224,0.46929355828385605,2803.686776201181,0.5876302138755196
BKS_-_Too_Much,nvidia/canary-1b-v2,belongs,202,166.49,167.87,correct,0.2619060331192993,0.7915009190578439,0.6183087070716308,1823.412004287984,0.42599181350845616
BKS_-_Too_Much,nvidia/canary-1b-v2,she,203,168.14,168.32,substitution,0.3181309061391013,0.3373835541618367,2.425065244947161,2509.1378581835925,0.6009342940080733
BKS_-_Too_Much,nvidia/canary-1b-v2,said,204,168.32,168.67,substitution,0.21282018877957998,0.735031827499992,0.36734758023368685,2926.3969519462826,0.4800320401003486
BKS_-_Too_Much,nvidia/canary-1b-v2,she's,205,168.67,168.89,correct,0.1573683707974851,0.39478392510985333,0.4734299269815286,2399.259378197247,0.5595204544564089
BKS_-_Too_Much,nvidia/canary-1b-v2,gonna,206,168.89,169.3,correct,0.3700672573513455,0.8496685903519392,1.3190528604719374,2279.7745154117665,0.5392142752806346
BKS_-_Too_Much,nvidia/canary-1b-v2,kick,207,169.3,169.65,correct,0.3073761723935604,0.4011219593843347,1.1462720585496802,2277.278885233309,0.5357413017436078
BKS_-_Too_Much,nvidia/canary-1b-v2,over,208,169.65,170.35,correct,0.3538094534489669,1.1467275911648023,0.33944111140935046,1869.5435248858917,0.40422941058089856
BKS_-_Too_Much,nvidia/canary-1b-v2,the,209,170.35,170.48,correct,0.23861587742964427,0.5742234299580257,0.47231696049372357,1991.0340897649078,0.46282625595728555
BKS_-_Too_Much,nvidia/canary-1b-v2,traces,210,170.48,171.98,substitution,0.23348997843376598,0.8249817839852587,0.5535086492851654,2877.4469420163387,0.5970157159041174
BKS_-_Too_Much,nvidia/canary-1b-v2,and,211,172.56,172.75,correct,0.12897796361219316,0.4078468881724846,1.3185819061029525,2346.156932157587,0.5496726561160314
BKS_-_Too_Much,nvidia/canary-1b-v2,this,212,172.75,172.96,substitution,0.3590264040976763,0.5720563406745592,0.8504055961966515,2983.8227146726736,0.6320933637519678
BKS_-_Too_Much,nvidia/canary-1b-v2,time,213,172.96,173.4,correct,0.2954358712155768,1.0140674094411921,0.45894197992821956,2994.250640445947,0.671690877447737
BKS_-_Too_Much,nvidia/canary-1b-v2,she's,214,173.4,173.69,correct,0.17874077707529068,0.483131286338903,0.503870096988976,3886.7982409349715,0.73161799646914
BKS_-_Too_Much,nvidia/canary-1b-v2,gonna,215,173.69,174.14,substitution,0.27079057016847086,1.056366607242701,0.3833080670055078,2276.6827423891864,0.5503531688330124
BKS_-_Too_Much,nvidia/canary-1b-v2,be,216,174.14,174.28,substitution,0.22263233689591289,0.6966851390898228,0.37439456209540367,2039.776476806944,0.497271278873086
BKS_-_Too_Much,nvidia/canary-1b-v2,strong,217,174.28,175.9,correct,0.24662390297771186,0.7146588330232035,0.7916836240168276,2229.0884200041633,0.5046703883971291
BKS_-_Too_Much,nvidia/canary-1b-v2,but,218,175.95,176.28,correct,0.19860382720425324,0.31443587854202537,1.5457506236192342,2207.3558234643992,0.48328305176786474
BKS_-_Too_Much,nvidia/canary-1b-v2,she's,219,176.28,176.57,correct,0.13132726936601102,0.3519851961173117,0.3995297639630735,3374.9821359915913,0.6624431498348713
BKS_-_Too_Much,nvidia/canary-1b-v2,looking,220,176.57,176.91,correct,0.19502364320529475,0.5448491794837488,1.0008671050136153,2550.7588162738944,0.5392919150558678
BKS_-_Too_Much,nvidia/canary-1b-v2,in,221,176.91,177.31,correct,0.20785921608859842,0.946041768247431,0.225006382743066,2955.9075944851866,0.6422037617726759
BKS_-_Too_Much,nvidia/canary-1b-v2,all,222,177.31,177.79,correct,0.14809709171263072,1.0052022607280657,0.16429427079856396,2258.7709926380894,0.5039571168331
BKS_-_Too_Much,nvidia/canary-1b-v2,the,223,177.79,177.92,correct,0.27387605657180153,0.787002581357956,0.4938478797674179,2453.924844352447,0.606587149699529
BKS_-_Too_Much,nvidia/canary-1b-v2,wrong,224,177.92,178.42,substitution,0.17660264063764503,0.7416937373302601,0.2566639557480812,1663.8660118904427,0.40893364394152604
BKS_-_Too_Much,nvidia/canary-1b-v2,faces,225,178.42,179.83,correct,0.1975774227191281,0.6296860024977525,0.9730851853525402,2641.4081928406754,0.5627402304024096
BKS_-_Too_Much,nvidia/canary-1b-v2,and,226,180.22,180.35,correct,0.11256520176927248,0.32327312119305135,0.943258248269558,2337.999005531045,0.5446607450644175
BKS_-_Too_Much,nvidia/canary-1b-v2,she,227,180.35,180.68,correct,0.2705861207925611,0.7293019658989377,0.40083641020788086,3159.2148763087275,0.6467138628164927
BKS_-_Too_Much,nvidia/canary-1b-v2,is,228,180.68,180.91,correct,0.25478794884223205,0.592699201634297,0.5754921144017806,3331.173023559544,0.7348147355593168
BKS_-_Too_Much,nvidia/canary-1b-v2,just,229,180.91,181.15,correct,0.2313892925874545,0.3359950272939526,1.207539519438377,3789.5317579649245,0.70613000026116
BKS_-_Too_Much,nvidia/canary-1b-v2,too,230,181.15,181.47,unknown,0.24345012179442815,0.537822887301445,0.4772335052490234,2570.057287334003,0.4821357343878065
BKS_-_Too_Much,nvidia/canary-1b-v2,far,231,181.47,181.99,unknown,0.05710117146372795,0.6136588978401402,0.3094263117956488,2975.5313528250213,0.6160984384386163
BKS_-_Too_Much,nvidia/canary-1b-v2,gone,232,181.99,183.02,unknown,0.12981405760253872,0.3699045949699441,0.9064339263750626,1608.816957526629,0.36951848636339374
BKS_-_Too_Much,nvidia/canary-1b-v2,well,233,183.67,184.08,unknown,0.27342716852823895,0.7902946900990274,0.5256508375207584,1689.0798524939173,0.4453185922569699
BKS_-_Too_Much,nvidia/canary-1b-v2,it,234,184.08,184.18,unknown,0.2646341716701334,0.6353716227141294,0.5300042954358187,1789.256321273534,0.47939877618442883
BKS_-_Too_Much,nvidia/canary-1b-v2,never,235,184.18,184.65,unknown,0.34668968048165827,0.8329724304231942,0.5131286023294225,2435.3988719640142,0.564803764516232
BKS_-_Too_Much,nvidia/canary-1b-v2,takes,236,184.65,185.12,unknown,0.28943570961172765,0.6505997440992639,0.6499298879733453,3172.6846352439193,0.7077637979617486
BKS_-_Too_Much,nvidia/canary-1b-v2,long,237,185.12,185.49,unknown,0.3046214886009693,1.1068689260631799,0.32816177532076835,2186.655217202838,0.5183817446231842
BKS_-_Too_Much,nvidia/canary-1b-v2,till,238,185.49,185.72,unknown,0.2689390308581866,0.88594206651816,0.47510523005173755,2639.3647677189806,0.628559960768773
BKS_-_Too_Much,nvidia/canary-1b-v2,they,239,185.72,185.93,unknown,0.3917656203974848,1.0283928332121477,0.4145379805046579,2227.0736860166876,0.569482551968616
BKS_-_Too_Much,nvidia/canary-1b-v2,leave,240,185.93,186.4,unknown,0.27394440624059413,1.1886615642145568,0.25116102981801125,2312.7759301937535,0.5398776104637221
BKS_-_Too_Much,nvidia/canary-1b-v2,her,241,186.4,187.48,unknown,0.28668650353712766,0.8830418530851603,0.558533354566015,1914.618320402962,0.42948024077662106
BKS_-_Too_Much,nvidia/canary-1b-v2,stinging,242,187.95,188.76,unknown,0.19093359528448095,0.7590608860482462,0.4855019402774898,3173.632334262544,0.5726020434363321
BKS_-_Too_Much,nvidia/canary-1b-v2,from,243,188.76,188.98,unknown,0.17191510585447153,0.5804299685793618,1.0604862303783495,2335.0440341538974,0.5362550728023052
BKS_-_Too_Much,nvidia/canary-1b-v2,the,244,188.98,189.06,unknown,0.15277440026402472,0.8769292235374451,0.1773904010653496,2452.074423601839,0.534754467010498
BKS_-_Too_Much,nvidia/canary-1b-v2,loneliest,245,189.06,190.05,unknown,0.23297657364996793,0.8971137682881172,0.6902316609554202,2422.714772493288,0.549800245282806
BKS_-_Too_Much,nvidia/canary-1b-v2,touch,246,190.05,191.01,unknown,0.2467614260402698,0.9782441882868704,1.943039970490539,2796.1095966683765,0.6250180121764396
BKS_-_Too_Much,nvidia/canary-1b-v2,will,247,191.28,191.64,unknown,0.34180212039978075,0.6017257918794758,1.6399535317069445,2312.887203326778,0.5826373283679669
BKS_-_Too_Much,nvidia/canary-1b-v2,she,248,191.64,191.97,unknown,0.18932334333658218,0.43447464316462475,1.0043732900586393,2976.7295549218197,0.6752436376280255
BKS_-_Too_Much,nvidia/canary-1b-v2,ever,249,191.97,192.41,unknown,0.3134008500104149,0.8977036848664284,0.7628665907929341,2600.002709698553,0.5959512864549955
BKS_-_Too_Much,nvidia/canary-1b-v2,break,250,192.41,192.83,unknown,0.3527099250451378,0.7454328909516335,0.8376604435236558,2235.2525892856734,0.5352085427097653
BKS_-_Too_Much,nvidia/canary-1b-v2,free,251,192.83,193.24,unknown,0.2485861536529329,0.7739501542515225,0.5232408864630593,2281.4260891516064,0.5245976467927297
BKS_-_Too_Much,nvidia/canary-1b-v2,or,252,193.24,193.36,unknown,0.28026979842356275,1.3188416021210807,0.22397094326359884,1896.0045249455875,0.4009992097105299
BKS_-_Too_Much,nvidia/canary-1b-v2,just,253,193.36,193.67,unknown,0.3197101595647195,0.616432125954067,0.597041212460574,3380.2957945133744,0.6369072689729578
BKS_-_Too_Much,nvidia/canary-1b-v2,surrender,254,193.67,194.55,unknown,0.2949904120282123,1.0944143345481472,0.28355057890477936,1873.1927316069848,0.4022652012737174
BKS_-_Too_Much,nvidia/canary-1b-v2,again,255,194.55,195.54,unknown,0.30346337628533254,0.8279018644243479,0.4268012839668202,2154.3283767950256,0.5058202338668535
BKS_-_Too_Much,nvidia/canary-1b-v2,you,256,195.54,195.69,unknown,0.2482523699017132,0.7579523132127874,0.3959563847850351,1848.1354398326046,0.4540288308087517
BKS_-_Too_Much,nvidia/canary-1b-v2,know,257,195.69,196.31,unknown,0.2171151489019394,0.8606210749651959,0.9851107650728368,2512.7512747201204,0.5385049532598524
BKS_-_Too_Much,nvidia/canary-1b-v2,it,258,196.53,196.7,unknown,0.1107123356900717,0.6073741803043767,0.23175855177013496,1257.7494654600807,0.2994367495963448
BKS_-_Too_Much,nvidia/canary-1b-v2,happens,259,196.7,197.45,unknown,0.06630170508575292,0.44823367176232515,0.42845167330017797,2486.623014596873,0.5147852500279745
BKS_-_Too_Much,nvidia/canary-1b-v2,too,260,197.45,197.95,unknown,0.12033616033969102,0.42608988601541903,0.5125195279510485,2564.1261326225545,0.5440127231456615
BKS_-_Too_Much,nvidia/canary-1b-v2,much,261,197.95,199.07,unknown,0.12953190714859766,0.36487862859200304,2.11338825117458,2600.4547226023687,0.5704081413174463
Bobby_Nobody_-_Stitch_Up,nvidia/canary-1b-v2,took,0,23.44,23.73,correct,0.3536996991315391,0.40110041767184157,1.0186351221054792,2996.798379441987,0.5191403944045305
Bobby_Nobody_-_Stitch_Up,nvidia/canary-1b-v2,you,1,23.73,24.01,correct,0.6590752404543662,0.8815632746104272,0.7527736579218218,1875.4908547979633,0.3014792141414458
Bobby_Nobody_-_Stitch_Up,nvidia/canary-1b-v2,out,2,24.01,24.29,correct,0.5558845420678457,0.8789306412140528,0.640531434615453,1576.479048440461,0.23986660291751224
Bobby_Nobody_-_Stitch_Up,nvidia/canary-1b-v2,again,3,24.29,24.71,correct,0.3403291930647,0.6520260373616348,1.175366721075514,1793.61748585509,0.35662808949532715
Bobby_Nobody_-_Stitch_Up,nvidia/canary-1b-v2,on,4,24.71,24.85,correct,0.2884549153968692,0.6010379083454609,0.5644528474658728,1528.4134614978307,0.32195606734603643
Bobby_Nobody_-_Stitch_Up,nvidia/canary-1b-v2,friday,5,24.85,26.56,substitution,0.21299507742261756,0.38672562326183135,1.0044336647362164,1667.1584356735323,0.4005225713810195
Bobby_Nobody_-_Stitch_Up,nvidia/canary-1b-v2,yeah,6,26.56,27.11,substitution,0.1012273627822682,0.11372129341303291,0.9509422986184136,1643.6785751602117,0.40835153829243226
Bobby_Nobody_-_Stitch_Up,nvidia/canary-1b-v2,though,7,27.21,27.65,substitution,0.3227235133526847,0.7526381766219856,0.9444830392797788,1714.6044163251308,0.4152076182266076
Bobby_Nobody_-_Stitch_Up,nvidia/canary-1b-v2,in,8,27.65,27.76,correct,0.13265485144578493,0.520028007718233,0.2799028903245926,1438.4151626788698,0.3514689734348884
Bobby_Nobody_-_Stitch_Up,nvidia/canary-1b-v2,felt,9,27.76,28.06,correct,0.10055234006634264,0.48205018131005944,0.5630703896961429,2441.2655625663333,0.5956367949644724
Bobby_Nobody_-_Stitch_Up,nvidia/canary-1b-v2,you,10,28.06,28.25,substitution,0.2293122410774231,0.4825711725723176,0.5577652411801475,2018.2571376400942,0.3836168675195603
Bobby_Nobody_-_Stitch_Up,nvidia/canary-1b-v2,didn't,11,28.25,28.72,substitution,0.25793931750105875,0.5926287791454324,1.2267590165138245,1982.0475061492434,0.4672023437771143
Bobby_Nobody_-_Stitch_Up,nvidia/canary-1b-v2,wanna,12,28.72,29.36,substitution,0.17790266050808673,0.4489845761462398,0.7416935487501863,1578.8789351782013,0.35952440552089526
Bobby_Nobody_-_Stitch_Up,nvidia/canary-1b-v2,uh,13,29.51,29.72,substitution,0.1567323620741566,0.17492471425794065,0.9986288001139959,1235.3203336582621,0.2820981579522292
Bobby_Nobody_-_Stitch_Up,nvidia/canary-1b-v2,huh,14,29.72,29.86,deletion,0.1890730713494122,0.260001877322793,0.8986575696617365,1446.2685980719225,0.3581372145563364
Bobby_Nobody_-_Stitch_Up,nvidia/canary-1b-v2,must,15,29.86,30.23,correct,0.1506344646215439,0.15506256488151848,1.4613946124911308,1234.2869063943876,0.28518015556037424
Bobby_Nobody_-_Stitch_Up,nvidia/canary-1b-v2,have,16,30.23,30.51,substitution,0.05497640818958321,0.047158754370625944,1.284564027863164,2200.593737577373,0.5765242576599121
Bobby_Nobody_-_Stitch_Up,nvidia/canary-1b-v2,rubbed,17,30.51,30.67,correct,0.03596701012510392,0.04081693710759282,0.9857185184955597,1571.5820545439567,0.38698937909470665
Bobby_Nobody_-_Stitch_Up,nvidia/canary-1b-v2,you,18,30.67,30.77,correct,0.04172295766572157,0.04005773893247048,1.0515450437863667,1998.1281713729138,0.5137794613838196
Bobby_Nobody_-_Stitch_Up,nvidia/canary-1b-v2,up,19,30.77,30.83,correct,0.02989314469907965,0.02948848983006818,1.0111883112362452,2342.263713020681,0.584022513457707
Bobby_Nobody_-_Stitch_Up,nvidia/canary-1b-v2,the,20,31.06,32.51,correct,0.19387333637043352,0.6415096556497437,0.5376758840295577,2165.6424192467607,0.5079588110408475
Bobby_Nobody_-_Stitch_Up,nvidia/canary-1b-v2,wrong,21,32.54,33.09,substitution,0.2802734777331352,0.7253560026486715,0.4260841411848863,1179.0166815107007,0.27173658137520157
Bobby_Nobody_-_Stitch_Up,nvidia/canary-1b-v2,way,22,33.09,33.35,substitution,0.30268090552297133,0.5546549193817993,0.5967745297941668,2086.0511276382904,0.5148121026055567
Bobby_Nobody_-_Stitch_Up,nvidia/canary-1b-v2,woah,23,33.35,37.05,substitution,0.19909661414361077,0.38284783084593904,1.3672946498741076,1895.9089240445944,0.41731094985823086
Bobby_Nobody_-_Stitch_Up,nvidia/canary-1b-v2,oh,24,37.21,37.61,substitution,0.13125649597062622,0.7964832685714545,0.19056298150572665,1799.6618826636045,0.4504366146270619
Bobby_Nobody_-_Stitch_Up,nvidia/canary-1b-v2,and,25,37.64,37.91,correct,0.3468198418617249,0.6921853373448054,0.5387005055944125,1407.6083914376343,0.318512129286925
Bobby_Nobody_-_Stitch_Up,nvidia/canary-1b-v2,it's,26,37.91,38.08,correct,0.3107821035541986,0.4542358599995312,0.700496685348059,2398.662611991911,0.6025893437234979
Bobby_Nobody_-_Stitch_Up,nvidia/canary-1b-v2,something,27,38.08,39.07,correct,0.27287464639363446,0.6933598840417706,0.5759661391934502,2037.7229806992182,0.46342315782453414
Bobby_Nobody_-_Stitch_Up,nvidia/canary-1b-v2,that's,28,39.07,39.59,substitution,0.18356011927660024,0.5172469267355544,0.450099822932056,1913.4187847311514,0.44474756930555615
Bobby_Nobody_-_Stitch_Up,nvidia/canary-1b-v2,a,29,39.59,39.9,substitution,0.3634864287717002,0.9322335583823068,0.46629098440919603,1981.733967591216,0.4399631687573024
Bobby_Nobody_-_Stitch_Up,nvidia/canary-1b-v2,matter,30,39.9,40.61,substitution,0.22907852332450843,0.5749362975751099,0.543461860990838,1733.7921639858453,0.3990517450790656
Bobby_Nobody_-_Stitch_Up,nvidia/canary-1b-v2,of,31,40.61,40.93,substitution,0.2581741563975811,0.7208349399268628,0.4983585523707526,2060.135615853152,0.48538612340177806
Bobby_Nobody_-_Stitch_Up,nvidia/canary-1b-v2,fact,32,40.93,41.4,substitution,0.23389712246493077,0.40711419988208664,1.6090597556187556,2130.1533829169084,0.45016134874178815
Bobby_Nobody_-_Stitch_Up,nvidia/canary-1b-v2,but,33,41.46,41.76,correct,0.2987807337194681,0.741780007963605,0.8443950075994838,1709.8764041895315,0.3747385704156124
Bobby_Nobody_-_Stitch_Up,nvidia/canary-1b-v2,i,34,41.76,41.89,correct,0.28085411290327705,0.8100691318511963,0.40264762242635094,1938.2540352704232,0.4571020503838857
Bobby_Nobody_-_Stitch_Up,nvidia/canary-1b-v2,break,35,41.89,42.42,correct,0.2219545172952246,0.5583362223809225,0.9919627523213103,1937.528297511409,0.4161858940333651
Bobby_Nobody_-_Stitch_Up,nvidia/canary-1b-v2,the,36,42.42,42.85,correct,0.21073435900851767,0.6898019028569948,0.8607664923084543,2252.6859427331206,0.5175833702087402
Bobby_Nobody_-_Stitch_Up,nvidia/canary-1b-v2,bank,37,42.93,43.45,correct,0.14213613740035466,0.4656995830633345,1.4634047280997038,1928.195555531065,0.4492938960237162
Bobby_Nobody_-_Stitch_Up,nvidia/canary-1b-v2,for,38,43.45,43.72,substitution,0.31025175799926125,0.8918965041637421,0.3600539803504944,1988.256400473416,0.4416783213615417
Bobby_Nobody_-_Stitch_Up,nvidia/canary-1b-v2,you,39,43.72,44.9,substitution,0.2677345006015357,0.6869819288208024,0.5504110639724206,1722.4767036906019,0.4016409637186471
Bobby_Nobody_-_Stitch_Up,nvidia/canary-1b-v2,so,40,44.94,46.29,correct,0.21631957914294866,0.2346583165677971,1.4638524645361406,2169.4333340028593,0.5101366406884686
Bobby_Nobody_-_Stitch_Up,nvidia/canary-1b-v2,when,41,46.29,46.53,correct,0.34638263119591606,0.6335782110691071,0.7128714267854337,992.6746426006731,0.2280155177469607
Bobby_Nobody_-_Stitch_Up,nvidia/canary-1b-v2,my,42,46.53,46.72,substitution,0.38799181509585606,0.9545942559128716,0.511431376848902,2398.4512671567663,0.5854990624246144
Bobby_Nobody_-_Stitch_Up,nvidia/canary-1b-v2,material,43,46.72,47.65,correct,0.27948252266272905,0.8043778938800097,0.38850424617528917,2290.613480222538,0.4337691271305084
Bobby_Nobody_-_Stitch_Up,nvidia/canary-1b-v2,girl's,44,47.65,47.94,substitution,0.29048660048283637,0.5311195565154776,0.7034150846302509,2044.3522574059534,0.43892448116093874
Bobby_Nobody_-_Stitch_Up,nvidia/canary-1b-v2,grumpy,45,47.94,48.56,correct,0.2386930630500637,0.620345031703586,1.354561514596441,1634.2831751834667,0.3763648209287159
Bobby_Nobody_-_Stitch_Up,nvidia/canary-1b-v2,yeah,46,48.56,49.75,correct,0.12376702994515654,0.29750715571572073,0.5714080669858959,1737.0216573689695,0.419073436409235
Bobby_Nobody_-_Stitch_Up,nvidia/canary-1b-v2,i'll,47,50.08,50.3,substitution,0.13208588480949401,0.640369169935584,0.325823672413826,1517.9471644964476,0.34839151680469516
Bobby_Nobody_-_Stitch_Up,nvidia/canary-1b-v2,buy,48,50.3,50.57,correct,0.3530962601304054,0.7867220565676689,0.4910094439983368,1931.10601096504,0.4624838024377823
Bobby_Nobody_-_Stitch_Up,nvidia/canary-1b-v2,her,49,50.57,50.77,correct,0.18734296309677037,0.8970580453222449,0.2136172354221344,1336.4114741087787,0.32900182835080405
Bobby_Nobody_-_Stitch_Up,nvidia/canary-1b-v2,bling,50,50.77,51.07,correct,0.13684944785905606,0.6442531873330926,0.27654729896422586,1679.4673201623134,0.41206100108948623
Bobby_Nobody_-_Stitch_Up,nvidia/canary-1b-v2,with,51,51.07,51.3,correct,0.22485630154609682,0.658484051823616,0.4937800800800323,1669.8931329597272,0.3468411839008331
Bobby_Nobody_-_Stitch_Up,nvidia/canary-1b-v2,my,52,51.3,51.53,substitution,0.28956172328728896,0.6227034336099257,0.6803337891514485,2152.990352647917,0.5378011637009107
Bobby_Nobody_-_Stitch_Up,nvidia/canary-1b-v2,last,53,51.53,51.82,deletion,0.24267387762665749,0.4485849526754464,7.668561442289501,1977.5231918362979,0.44905040971934795
Bobby_Nobody_-_Stitch_Up,nvidia/canary-1b-v2,dollar,54,51.82,52.26,deletion,0.23111075659592947,0.6914600408296488,2.897814817416171,1395.876517296834,0.3179850584516923
Bobby_Nobody_-_Stitch_Up,nvidia/canary-1b-v2,mm,55,52.26,52.33,deletion,0.44703118316829205,0.1980633889324963,2.7366214767098427,1996.3361510452773,0.5015964284539223
Bobby_Nobody_-_Stitch_Up,nvidia/canary-1b-v2,hmm,56,52.33,53.49,deletion,0.12323667025566101,0.11368879438191652,1.4322437424659729,1587.0213213364987,0.3780951464176178
Bobby_Nobody_-_Stitch_Up,nvidia/canary-1b-v2,now,57,53.49,54.16,deletion,0.18106376267459295,0.47016925456589215,0.44140115808950714,1999.9120459731664,0.40198591882235385
Bobby_Nobody_-_Stitch_Up,nvidia/canary-1b-v2,or,58,54.16,54.39,deletion,0.24508453130722047,0.4404768317937851,0.5677073097229004,1714.7731196707991,0.3157020330429077
Bobby_Nobody_-_Stitch_Up,nvidia/canary-1b-v2,never,59,54.39,55.6,correct,0.17052616545787225,0.23410998909519268,0.7596868306398392,1614.6693653425668,0.3695443780376361
Bobby_Nobody_-_Stitch_Up,nvidia/canary-1b-v2,tripping,60,55.6,56.16,substitution,0.24152992958905267,0.6583004562092609,0.4811019912117817,2014.5537632737237,0.4353676106108994
Bobby_Nobody_-_Stitch_Up,nvidia/canary-1b-v2,on,61,56.16,56.37,correct,0.1768330173647922,0.8007671236991882,0.22638282536164575,2156.214568709245,0.4546652423298877
Bobby_Nobody_-_Stitch_Up,nvidia/canary-1b-v2,this,62,56.37,56.55,correct,0.19931585490703582,0.7466681748628616,0.2815464410930872,2203.9571231725495,0.4826625809073448
Bobby_Nobody_-_Stitch_Up,nvidia/canary-1b-v2,sheen,63,56.55,56.88,correct,0.24177990873923172,0.8305261803639902,0.3025133424514049,2575.489691386142,0.48954652370633306
Bobby_Nobody_-_Stitch_Up,nvidia/canary-1b-v2,off,64,56.88,57.13,substitution,0.28269473490891633,0.6107079830986483,0.7373547167689712,2003.2292159686187,0.43336280076592054
Bobby_Nobody_-_Stitch_Up,nvidia/canary-1b-v2,of,65,57.13,57.29,substitution,0.34702881177266437,0.6513993177149031,0.577224334081014,1609.5102716715369,0.3584447072611915
Bobby_Nobody_-_Stitch_Up,nvidia/canary-1b-v2,you,66,57.29,57.78,deletion,0.39982473767466015,0.9523268838723501,0.4440340852295911,1663.4627190077797,0.35188963678148055
Bobby_Nobody_-_Stitch_Up,nvidia/canary-1b-v2,now,67,57.78,57.88,deletion,0.4812043851072138,0.8535574999722567,0.5659359774806283,1115.6082585335703,0.2532918426123532
Bobby_Nobody_-_Stitch_Up,nvidia/canary-1b-v2,or,68,57.88,58.24,correct,0.34609280824661254,0.7020155165344477,0.5169666118919849,1277.2392650937936,0.29739804081618787
Bobby_Nobody_-_Stitch_Up,nvidia/canary-1b-v2,never,69,58.24,59.54,correct,0.18736409018043992,0.24199543311763153,0.7993426702434211,1550.2349292852425,0.35181825817060125
Bobby_Nobody_-_Stitch_Up,nvidia/canary-1b-v2,picturing,70,59.54,60.2,correct,0.31236979986230534,0.8522724414037334,0.4404281193597449,1985.5725064081764,0.3759872197277016
Bobby_Nobody_-_Stitch_Up,nvidia/canary-1b-v2,this,71,60.2,60.39,substitution,0.21042115063894362,0.6539286907230105,0.692375585436821,2328.3421262570855,0.46799694072632564
Bobby_Nobody_-_Stitch_Up,nvidia/canary-1b-v2,dream,72,60.39,60.67,substitution,0.23209730043045937,0.6739245956883796,1.0319589722541072,2279.567576336712,0.45925044292403805
Bobby_Nobody_-_Stitch_Up,nvidia/canary-1b-v2,coming,73,60.67,61.09,deletion,0.2746281309620194,0.7406349956341411,0.4300954286818919,1770.9410183209545,0.37842892207529233
Bobby_Nobody_-_Stitch_Up,nvidia/canary-1b-v2,true,74,61.09,61.68,deletion,0.28077641397248954,0.8204478768166155,0.38023944990709424,1862.1373568874765,0.39008066966198385
Bobby_Nobody_-_Stitch_Up,nvidia/canary-1b-v2,now,75,61.68,62.0,correct,0.2322035367999758,0.628036653144019,0.39624125489166806,1627.060097261874,0.3593120604753494
Bobby_Nobody_-_Stitch_Up,nvidia/canary-1b-v2,or,76,62.0,62.08,correct,0.17535802142487633,0.30688336657153237,0.6035448610782623,1719.9360232526367,0.3758235639995999
Bobby_Nobody_-_Stitch_Up,nvidia/canary-1b-v2,never,77,62.08,63.35,correct,0.15686435910472035,0.2232203465091051,0.7704452800489691,1678.0736288291364,0.4084465055570115
Bobby_Nobody_-_Stitch_Up,nvidia/canary-1b-v2,pulling,78,63.35,63.85,correct,0.2612334125571781,0.88359918417754,0.29769424073122164,2028.4458477426294,0.4266654606218691
Bobby_Nobody_-_Stitch_Up,nvidia/canary-1b-v2,at,79,63.85,64.06,correct,0.2098696849619349,0.5166551936417818,0.7258472560594479,2084.2586232963436,0.4315417508284251
Bobby_Nobody_-_Stitch_Up,nvidia/canary-1b-v2,the,80,64.06,64.2,correct,0.36417251626650493,0.6492552777131398,0.6463605503241221,1762.157428250402,0.3772233486175537
Bobby_Nobody_-_Stitch_Up,nvidia/canary-1b-v2,seams,81,64.2,64.55,correct,0.2489193760049649,0.5674803203497177,0.521164419559332,2768.1893782858574,0.5264814071930372
Bobby_Nobody_-_Stitch_Up,nvidia/canary-1b-v2,cause,82,64.55,64.83,correct,0.2691002319897375,0.6296003867060908,0.575578853968651,2677.8245962058527,0.48047010360225556
Bobby_Nobody_-_Stitch_Up,nvidia/canary-1b-v2,it,83,64.83,64.96,correct,0.2570183130602042,0.37427756090958914,0.7636854926745097,2298.1486222251397,0.4798615475495656
Bobby_Nobody_-_Stitch_Up,nvidia/canary-1b-v2,seems,84,64.96,65.37,correct,0.24152611196041107,0.5637766204097054,0.48472181673754344,3037.366965575745,0.5122986615381457
Bobby_Nobody_-_Stitch_Up,nvidia/canary-1b-v2,to,85,65.37,65.47,correct,0.27226390689611435,0.6216344932715098,0.4676480268438657,3171.4586149917354,0.4936833282311757
Bobby_Nobody_-_Stitch_Up,nvidia/canary-1b-v2,me,86,65.47,65.91,correct,0.33652236716200906,0.83364891136686,0.40972181378553313,2049.1101197362023,0.33685832656919956
Bobby_Nobody_-_Stitch_Up,nvidia/canary-1b-v2,that,87,65.91,66.21,correct,0.20010452356302377,0.40243140179099457,0.7201651041254853,2104.9813694055188,0.4148035835136067
Bobby_Nobody_-_Stitch_Up,nvidia/canary-1b-v2,you,88,66.21,66.35,correct,0.22170257568359375,0.5826353393495083,0.41908868961036205,1903.805533126598,0.35797750391066074
Bobby_Nobody_-_Stitch_Up,nvidia/canary-1b-v2,and,89,66.35,66.47,correct,0.2018379345536232,0.7762149529797691,0.26979160628148485,1745.2478245510422,0.3348460687058313
Bobby_Nobody_-_Stitch_Up,nvidia/canary-1b-v2,me,90,66.47,66.91,correct,0.2694798704857628,0.8229855311413606,0.32930647271374863,1939.8678867867131,0.36555581415692967
Bobby_Nobody_-_Stitch_Up,nvidia/canary-1b-v2,now,91,66.91,67.39,correct,0.3070906770343964,0.6586280135581126,0.4605552416581374,1761.9050182826677,0.36295014147001964
Bobby_Nobody_-_Stitch_Up,nvidia/canary-1b-v2,could,92,67.39,67.55,correct,0.17225429746839735,0.3519458571035001,0.8530179684360822,1925.7179510643343,0.45044173300266266
Bobby_Nobody_-_Stitch_Up,nvidia/canary-1b-v2,be,93,67.55,67.64,correct,0.2593696892261505,0.6321202993392945,0.4523936793208122,1805.6894432989488,0.41184045672416686
Bobby_Nobody_-_Stitch_Up,nvidia/canary-1b-v2,nothing,94,67.64,67.89,substitution,0.23354425813470567,0.5604908785649708,0.6729181541928223,2115.270527675568,0.4947143186415945
Bobby_Nobody_-_Stitch_Up,nvidia/canary-1b-v2,but,95,67.89,68.03,correct,0.2612842367962003,0.6631511962041259,0.4946874137967825,2009.268120647521,0.4281806442886591
Bobby_Nobody_-_Stitch_Up,nvidia/canary-1b-v2,a,96,68.03,68.07,correct,0.2064296841621399,0.38154340982437135,0.568401300907135,2201.4424573115334,0.5100889205932617
Bobby_Nobody_-_Stitch_Up,nvidia/canary-1b-v2,stitch,97,68.07,68.42,substitution,0.201907550295194,0.37265651458157945,2.0844522645840278,2709.317169806701,0.5466722418100406
Bobby_Nobody_-_Stitch_Up,nvidia/canary-1b-v2,up,98,68.42,68.61,correct,0.20407920188847042,0.3021989055421381,7.506692291725249,1975.864327723071,0.4539777934551239
Bobby_Nobody_-_Stitch_Up,nvidia/canary-1b-v2,baby,99,68.61,69.34,substitution,0.20626028980824013,0.5881583714103208,1.7528496671326552,2584.7848598004816,0.5724611433246468
Bobby_Nobody_-_Stitch_Up,nvidia/canary-1b-v2,turn,100,71.86,72.4,correct,0.1761790769784872,0.7473867003613248,0.42749772297924965,2587.155915802909,0.5101218187603457
Bobby_Nobody_-_Stitch_Up,nvidia/canary-1b-v2,around,101,72.44,73.52,correct,0.21525468489425814,0.4527545957567377,1.2933599105120723,2117.544347770834,0.4853042180721576
Bobby_Nobody_-_Stitch_Up,nvidia/canary-1b-v2,make,102,73.79,74.39,correct,0.18232208203810912,0.5131399866838294,1.330088108434127,2367.7740389777227,0.5295026770004859
Bobby_Nobody_-_Stitch_Up,nvidia/canary-1b-v2,a,103,74.39,74.69,correct,0.23679770201896178,0.6219572451981631,0.4007001632090771,2298.415357082448,0.5288586544268059
Bobby_Nobody_-_Stitch_Up,nvidia/canary-1b-v2,sound,104,74.69,75.52,correct,0.19183287877175542,0.3540347134306406,0.8618010345432493,2516.6736706149973,0.5909988651672999
Bobby_Nobody_-_Stitch_Up,nvidia/canary-1b-v2,understand,105,76.08,77.03,substitution,0.20760432086592795,0.4699812738325301,0.6957301842231377,2589.13323865835,0.4621726195601856
Bobby_Nobody_-_Stitch_Up,nvidia/canary-1b-v2,just,106,77.03,77.24,substitution,0.1843352934912495,0.28507142789337947,0.8252957774245221,3524.568236461633,0.6394503660823988
Bobby_Nobody_-_Stitch_Up,nvidia/canary-1b-v2,what,107,77.24,77.49,correct,0.14048363753993595,0.34496041846328546,0.6587436055498463,2329.859182749761,0.4992095742906843
Bobby_Nobody_-_Stitch_Up,nvidia/canary-1b-v2,this,108,77.49,77.71,substitution,0.16374583676457405,0.24218795493245124,0.7664573276042939,2707.9004094792717,0.48033304333686827
Bobby_Nobody_-_Stitch_Up,nvidia/canary-1b-v2,means,109,77.71,77.98,correct,0.20210011881487122,0.46826632372264204,0.42437237809444295,2891.6033866202542,0.46369223193875675
Bobby_Nobody_-_Stitch_Up,nvidia/canary-1b-v2,to,110,77.98,78.09,correct,0.07333859113546518,0.3663062315720778,0.22837925587709135,2226.6669341773195,0.5185677844744462
Bobby_Nobody_-_Stitch_Up,nvidia/canary-1b-v2,me,111,78.09,78.83,correct,0.18544670862611384,0.47696204609237614,0.4737569311633706,2114.589487300839,0.4395800903439522
Bobby_Nobody_-_Stitch_Up,nvidia/canary-1b-v2,turn,112,79.6,80.07,correct,0.161127465284046,0.6809125096336299,0.319845325514382,2470.5149492775786,0.5114631956698847
Bobby_Nobody_-_Stitch_Up,nvidia/canary-1b-v2,around,113,80.15,81.21,correct,0.2257291385087005,0.4498492791031471,1.0206681553993309,2157.551938645991,0.5028669896878695
Bobby_Nobody_-_Stitch_Up,nvidia/canary-1b-v2,hit,114,81.51,82.03,correct,0.1715769937394985,0.4409412420562668,1.6622377027358328,2081.9001461360813,0.47351895166294916
Bobby_Nobody_-_Stitch_Up,nvidia/canary-1b-v2,the,115,82.03,82.4,correct,0.2504196229231794,0.8227994613940033,0.9516224708498978,2226.951566242158,0.45205405499877
Bobby_Nobody_-_Stitch_Up,nvidia/canary-1b-v2,ground,116,82.43,83.71,correct,0.27584583537680085,0.580134438391289,0.49462118658466614,2202.071426667721,0.43269838349542755
Bobby_Nobody_-_Stitch_Up,nvidia/canary-1b-v2,understand,117,83.71,84.68,correct,0.17304970177177054,0.4882952776970342,0.5129451263839235,2507.77886022958,0.5394381021077816
Bobby_Nobody_-_Stitch_Up,nvidia/canary-1b-v2,this,118,84.68,84.96,correct,0.19778599085346346,0.3166792301401015,0.8419485217140567,3170.3059982706063,0.6773634841365199
Bobby_Nobody_-_Stitch_Up,nvidia/canary-1b-v2,ain't,119,84.96,85.18,correct,0.10422939853742719,0.40649715981756646,0.8263016591469446,2866.2430065043013,0.683827131986618
Bobby_Nobody_-_Stitch_Up,nvidia/canary-1b-v2,the,120,85.18,85.34,correct,0.18753551112280953,0.604127984907892,0.3532273429963324,2387.015809672773,0.5283084892564349
Bobby_Nobody_-_Stitch_Up,nvidia/canary-1b-v2,way,121,85.34,85.7,correct,0.3474784340709448,0.56714326441288,0.6205595917999744,2247.464246691298,0.5161381557583808
Bobby_Nobody_-_Stitch_Up,nvidia/canary-1b-v2,it's,122,85.7,85.81,substitution,0.20149795023294595,0.26626489139520204,1.1809567912266805,1816.8695603246383,0.43186630652501035
Bobby_Nobody_-_Stitch_Up,nvidia/canary-1b-v2,supposed,123,85.81,86.17,correct,0.3434321891803008,0.3225601075026087,16.546756570537884,2291.6612265853323,0.5413990616798401
Bobby_Nobody_-_Stitch_Up,nvidia/canary-1b-v2,to,124,86.17,86.28,correct,0.1316045127235926,0.31939228108296025,0.5651793090196756,1346.7256472425038,0.3528878161540398
Bobby_Nobody_-_Stitch_Up,nvidia/canary-1b-v2,be,125,86.28,86.98,correct,0.3730025199552377,0.35144229078975814,7.801672512292862,2189.189114332751,0.5033454308907191
Bobby_Nobody_-_Stitch_Up,nvidia/canary-1b-v2,so,126,102.07,102.45,correct,0.2503051365294108,0.64273573999384,0.8784949579616872,2990.449733185102,0.5917108967536833
Bobby_Nobody_-_Stitch_Up,nvidia/canary-1b-v2,i,127,102.45,102.58,substitution,0.14145140921076138,0.9101356446743012,0.1603302632768949,2661.1968158084755,0.5527028799057007
Bobby_Nobody_-_Stitch_Up,nvidia/canary-1b-v2,followed,128,102.58,103.19,substitution,0.14358026877214963,0.6657916945546414,0.8419782035899434,2517.2941671417357,0.5821059662284274
Bobby_Nobody_-_Stitch_Up,nvidia/canary-1b-v2,you,129,103.19,103.44,deletion,0.19466080889105797,0.8042145626885551,0.2721904089142169,2542.6583007215872,0.6039145588874817
Bobby_Nobody_-_Stitch_Up,nvidia/canary-1b-v2,on,130,103.44,103.57,deletion,0.3209282467762629,0.560612682501475,0.6275416791439057,1935.1093265340355,0.42356056769688927
Bobby_Nobody_-_Stitch_Up,nvidia/canary-1b-v2,sunday,131,103.57,105.65,deletion,0.20273229678583252,0.3439348739876742,0.8330867880529352,2075.9401873460592,0.47148012881054474
Bobby_Nobody_-_Stitch_Up,nvidia/canary-1b-v2,though,132,105.95,106.35,correct,0.31900247654249503,0.7482722623403683,0.6661020382199176,1602.5971815642051,0.34751856015172117
Bobby_Nobody_-_Stitch_Up,nvidia/canary-1b-v2,i,133,106.35,106.5,correct,0.3153459015819762,0.8663966258366903,0.3604901201195187,1734.4423311570622,0.3054607253935602
Bobby_Nobody_-_Stitch_Up,nvidia/canary-1b-v2,wasn't,134,106.5,106.99,correct,0.2122731347972492,0.5978780866793867,0.42357649921246293,2407.1819377283873,0.47391103545449814
Bobby_Nobody_-_Stitch_Up,nvidia/canary-1b-v2,sure,135,106.99,107.26,correct,0.2697965090473493,0.7121551712354024,0.46673487027486166,2555.7848331660634,0.533910886446635
Bobby_Nobody_-_Stitch_Up,nvidia/canary-1b-v2,i,136,107.26,107.53,correct,0.3387899275483756,0.6056848168373108,0.5787879783531715,1779.177097843462,0.37421508082028093
Bobby_Nobody_-_Stitch_Up,nvidia/canary-1b-v2,ought,137,107.53,107.71,correct,0.17706740683033353,0.6705079213494346,0.28688859726701466,1678.410784915138,0.37136962442171007
Bobby_Nobody_-_Stitch_Up,nvidia/canary-1b-v2,to,138,107.71,108.94,substitution,0.14415846248580652,0.181851524401061,1.35458496133938,1805.376143150508,0.4173189846403671
Bobby_Nobody_-_Stitch_Up,nvidia/canary-1b-v2,uh,139,109.43,109.46,substitution,0.10547910816967487,0.09765787422657013,1.076878011226654,2696.8159454704933,0.6702246367931366
Bobby_Nobody_-_Stitch_Up,nvidia/canary-1b-v2,huh,140,109.46,109.56,deletion,0.08437592039505641,0.08418144037326176,1.014817590514819,2407.242570109891,0.5940380344788233
Bobby_Nobody_-_Stitch_Up,nvidia/canary-1b-v2,saw,141,109.56,109.75,correct,0.20553779247261228,0.4893265153680529,0.5077511370182037,2899.934434648612,0.5778816143671671
Bobby_Nobody_-_Stitch_Up,nvidia/canary-1b-v2,you,142,109.75,110.07,correct,0.3492818691900798,0.5660262665578297,0.9810391068458557,2282.057747030361,0.5040809639862606
Bobby_Nobody_-_Stitch_Up,nvidia/canary-1b-v2,two,143,110.07,110.33,correct,0.11812997789218507,0.6038790984914221,0.3745155745539172,2410.154618203497,0.5229238657088116
Bobby_Nobody_-_Stitch_Up,nvidia/canary-1b-v2,kissing,144,110.33,110.88,correct,0.22693174357215565,0.6912487875049312,0.3974636753400167,2781.368213616331,0.5781909868121147
Bobby_Nobody_-_Stitch_Up,nvidia/canary-1b-v2,on,145,110.88,111.1,correct,0.1944956360384822,0.8698830033342043,0.22138515766710043,2516.1289969349054,0.5957820427914461
Bobby_Nobody_-_Stitch_Up,nvidia/canary-1b-v2,the,146,111.1,111.28,correct,0.5882264211773872,0.7579363632947207,0.8810711771249771,1685.7612683496668,0.32288863286376
Bobby_Nobody_-_Stitch_Up,nvidia/canary-1b-v2,causeway,147,111.28,112.47,deletion,0.3627027894835919,0.8625607055801083,0.6230251439847052,2445.6363666761245,0.4790645600296557
Bobby_Nobody_-_Stitch_Up,nvidia/canary-1b-v2,woah,148,112.47,113.38,deletion,0.171942159609527,0.3119911823649796,0.590941000653773,1794.256425649391,0.4103764558629114
Bobby_Nobody_-_Stitch_Up,nvidia/canary-1b-v2,wanted,149,113.38,113.93,deletion,0.214552289309601,0.5266086467541754,0.5594859826068084,2273.083918267975,0.49065234685937564
Bobby_Nobody_-_Stitch_Up,nvidia/canary-1b-v2,to,150,113.93,114.13,deletion,0.07693783244626089,0.5165670329535549,0.21460764821280132,2347.485077704723,0.5444519038904797
Bobby_Nobody_-_Stitch_Up,nvidia/canary-1b-v2,push,151,114.13,114.48,correct,0.14450497462008244,0.49709078445075416,0.4898970155761792,2225.2306398639807,0.536017256287428
Bobby_Nobody_-_Stitch_Up,nvidia/canary-1b-v2,you,152,114.48,114.74,correct,0.3562252117054803,0.6754295836601939,0.5564018849815641,1937.705824901032,0.40246728328721865
Bobby_Nobody_-_Stitch_Up,nvidia/canary-1b-v2,in,153,114.74,114.94,substitution,0.19549949175637701,0.7861218854137089,0.26200211274883023,2302.1168726142714,0.5549492784168409
Bobby_Nobody_-_Stitch_Up,nvidia/canary-1b-v2,the,154,114.94,116.26,correct,0.23209813452312644,0.47228261820552214,0.7459073799176955,2210.9735076410952,0.49407971660855793
Bobby_Nobody_-_Stitch_Up,nvidia/canary-1b-v2,water,155,116.36,116.48,correct,0.18439407433782304,0.11131661811045238,1.749631051506315,2491.6332847309386,0.49467675174985615
Bobby_Nobody_-_Stitch_Up,nvidia/canary-1b-v2,yeah,156,116.74,116.84,correct,0.14976333555850116,0.11167967692017555,1.4287194772200151,2051.787629833387,0.48187134482643823
Bobby_Nobody_-_Stitch_Up,nvidia/canary-1b-v2,now,157,116.84,117.52,substitution,0.20662896023006053,0.46225901401123487,0.5500084494014044,1891.1917367288634,0.4115547300190539
Bobby_Nobody_-_Stitch_Up,nvidia/canary-1b-v2,or,158,117.52,117.75,deletion,0.2633136659860611,0.4368580665725928,0.6203589680103155,1568.4739265590465,0.2932048732271561
Bobby_Nobody_-_Stitch_Up,nvidia/canary-1b-v2,never,159,117.75,119.0,deletion,0.16885548535345205,0.23071071550027647,0.7627565498227504,1488.0297292072428,0.3185273850364472
Bobby_Nobody_-_Stitch_Up,nvidia/canary-1b-v2,tripping,160,119.03,119.55,correct,0.217349933035541,0.6629466258904391,0.49677419401051703,1926.3167161811662,0.4271049886419062
Bobby_Nobody_-_Stitch_Up,nvidia/canary-1b-v2,on,161,119.55,119.75,correct,0.1704940121959556,0.7390510480512272,0.23481082780794663,2146.328420170615,0.436969438737089
Bobby_Nobody_-_Stitch_Up,nvidia/canary-1b-v2,this,162,119.75,119.92,correct,0.1619605504368481,0.6481272029249292,0.27006777885713074,2417.256944375193,0.5283576532414085
Bobby_Nobody_-_Stitch_Up,nvidia/canary-1b-v2,sheen,163,119.92,120.25,correct,0.22507811958591142,0.7199814145763715,0.3343592691752646,2574.6103754618707,0.5087883050243059
Bobby_Nobody_-_Stitch_Up,nvidia/canary-1b-v2,off,164,120.25,120.51,substitution,0.24439288650093408,0.4753016110124259,0.8607544354323683,2210.207841855216,0.4879971434330118
Bobby_Nobody_-_Stitch_Up,nvidia/canary-1b-v2,of,165,120.51,120.63,deletion,0.26800958280052456,0.5210307974900518,0.5580805199486869,1681.9921672768753,0.395373203924724
Bobby_Nobody_-_Stitch_Up,nvidia/canary-1b-v2,you,166,120.63,120.69,deletion,0.2791296988725662,0.3583668853555407,0.768684629883085,1659.464952376038,0.40819723691259113
Bobby_Nobody_-_Stitch_Up,nvidia/canary-1b-v2,now,167,120.69,121.15,correct,0.4075354820489883,0.954867245554924,0.44404393166303635,1805.169289980056,0.42408158123493195
Bobby_Nobody_-_Stitch_Up,nvidia/canary-1b-v2,or,168,121.15,121.6,correct,0.3330844208902242,0.5854983986640463,0.5920317306810495,1491.1414316483858,0.3625207166282498
Bobby_Nobody_-_Stitch_Up,nvidia/canary-1b-v2,never,169,121.6,122.87,correct,0.18056678924247296,0.24367426936752604,0.7899309646909254,1663.829554144366,0.4022795534046897
Bobby_Nobody_-_Stitch_Up,nvidia/canary-1b-v2,picturing,170,122.87,123.58,correct,0.5169764424821264,0.8006717408762166,0.6729429995543078,1936.6421845200719,0.3156572594062278
Bobby_Nobody_-_Stitch_Up,nvidia/canary-1b-v2,this,171,123.58,123.77,correct,0.2503894008696079,0.5906423357400027,0.46103243936191907,2847.8534521499537,0.46803678707642987
Bobby_Nobody_-_Stitch_Up,nvidia/canary-1b-v2,dream,172,123.77,124.05,correct,0.34505750635458576,0.5776633427989099,0.7016063255648459,2275.763717504675,0.3935863260299929
Bobby_Nobody_-_Stitch_Up,nvidia/canary-1b-v2,coming,173,124.05,124.47,correct,0.25880133542749617,0.6794417990578545,0.43934679163826834,1877.1470215404918,0.37783294419447583
Bobby_Nobody_-_Stitch_Up,nvidia/canary-1b-v2,true,174,124.47,125.03,correct,0.3305172438992829,0.8101157797653167,0.44087041230475316,1960.8889700878237,0.43454369072054255
Bobby_Nobody_-_Stitch_Up,nvidia/canary-1b-v2,now,175,125.03,125.38,correct,0.23051902612573222,0.5944872396556955,0.39761603192279216,1757.7985720645866,0.4093506061717084
Bobby_Nobody_-_Stitch_Up,nvidia/canary-1b-v2,or,176,125.38,125.44,substitution,0.12816767487674952,0.25696902349591255,0.5082722492516041,1933.224851843565,0.4409220404922962
Bobby_Nobody_-_Stitch_Up,nvidia/canary-1b-v2,never,177,125.44,126.71,deletion,0.1634804489200606,0.2195586949477301,0.835021372884512,1748.1955476547575,0.4248332817326574
Bobby_Nobody_-_Stitch_Up,nvidia/canary-1b-v2,pulling,178,126.71,127.21,deletion,0.25196227458390325,0.8833015338941054,0.298032251813195,2042.42462397163,0.44579860676418653
Bobby_Nobody_-_Stitch_Up,nvidia/canary-1b-v2,at,179,127.21,127.42,correct,0.14921385843468749,0.49844423163196316,0.6987735389367394,2301.014468848445,0.5041240686955659
Bobby_Nobody_-_Stitch_Up,nvidia/canary-1b-v2,the,180,127.42,127.54,correct,0.16866279340216092,0.48244318259613855,0.48959469369479586,2228.4528533212415,0.5145184908594403
Bobby_Nobody_-_Stitch_Up,nvidia/canary-1b-v2,seams,181,127.54,127.9,correct,0.19393348693847656,0.5032107178599406,0.4592804805590556,2577.6412034552036,0.5603510355338072
Bobby_Nobody_-_Stitch_Up,nvidia/canary-1b-v2,cause,182,127.9,128.18,correct,0.2380232027461452,0.5483364455642239,0.6055969639170554,2313.3727060322117,0.5062262550477059
Bobby_Nobody_-_Stitch_Up,nvidia/canary-1b-v2,it,183,128.18,128.31,correct,0.28660695254802704,0.4309090847770373,0.8439031889041265,1907.1383908736057,0.44429668386777244
Bobby_Nobody_-_Stitch_Up,nvidia/canary-1b-v2,seems,184,128.31,128.74,correct,0.21175570785999298,0.4993118439266022,0.4941591335103867,2616.200590966182,0.5354166734725871
Bobby_Nobody_-_Stitch_Up,nvidia/canary-1b-v2,to,185,128.74,128.86,correct,0.25771668180823326,0.5168085673025676,0.499702125787735,3006.2408502634526,0.5493386962584087
Bobby_Nobody_-_Stitch_Up,nvidia/canary-1b-v2,me,186,128.86,129.32,correct,0.4175442937016487,0.7376522886753082,0.5724525874853135,2152.14747925176,0.33175640642642973
Bobby_Nobody_-_Stitch_Up,nvidia/canary-1b-v2,that,187,129.32,129.59,substitution,0.23081178963184357,0.4110665239136794,0.8405928920055258,2008.1119470376416,0.422900524118851
Bobby_Nobody_-_Stitch_Up,nvidia/canary-1b-v2,you,188,129.59,129.76,correct,0.3474449530243874,0.5847454339265823,0.6400182336568833,1742.8073437519768,0.32116700559854505
Bobby_Nobody_-_Stitch_Up,nvidia/canary-1b-v2,and,189,129.76,129.85,substitution,0.2755255877971649,0.7371663361787796,0.3873982787132263,1590.738854552139,0.3036622181534767
Bobby_Nobody_-_Stitch_Up,nvidia/canary-1b-v2,me,190,129.85,130.25,substitution,0.29701039296659554,0.7634942477399652,0.39188665795055305,2080.179560128436,0.3515584180978211
Bobby_Nobody_-_Stitch_Up,nvidia/canary-1b-v2,now,191,130.25,130.76,correct,0.21667760705406017,0.5804810220544988,0.38775425282391635,1851.5676760527924,0.35664622539823704
Bobby_Nobody_-_Stitch_Up,nvidia/canary-1b-v2,could,192,130.76,130.91,substitution,0.1823995209792081,0.31208204456111965,0.7701359987258911,1750.0476188281154,0.42322225956355825
Bobby_Nobody_-_Stitch_Up,nvidia/canary-1b-v2,be,193,130.91,131.01,correct,0.2840335965156555,0.51985506589214,0.5919643690188726,1589.490010285529,0.33948656792442006
Bobby_Nobody_-_Stitch_Up,nvidia/canary-1b-v2,nothing,194,131.01,131.25,correct,0.31467275349078355,0.5083172721443353,0.7025409837563833,1537.3553283960518,0.3349915798063631
Bobby_Nobody_-_Stitch_Up,nvidia/canary-1b-v2,but,195,131.25,131.39,correct,0.24328585664431254,0.6525395214557648,0.43133608301480614,1710.8076652738741,0.3750130752722422
Bobby_Nobody_-_Stitch_Up,nvidia/canary-1b-v2,a,196,131.39,131.44,correct,0.2004461416176387,0.4356918718133654,0.4759847777230399,2169.921010500143,0.48680380412510466
Bobby_Nobody_-_Stitch_Up,nvidia/canary-1b-v2,stitch,197,131.44,131.78,correct,0.14195884744057785,0.3654143320950302,1.1775167604555954,2935.0931171077928,0.5843630908308802
Bobby_Nobody_-_Stitch_Up,nvidia/canary-1b-v2,up,198,131.78,131.97,substitution,0.17198018374897184,0.3516902719136505,7.85232286013308,1980.9978493068998,0.47276212913649424
Bobby_Nobody_-_Stitch_Up,nvidia/canary-1b-v2,baby,199,131.97,132.69,substitution,0.2778281981173234,0.6485540330983125,3.2836496107853375,2196.6585022236422,0.5015497494202393
Bobby_Nobody_-_Stitch_Up,nvidia/canary-1b-v2,turn,200,135.22,135.76,correct,0.1800450480432581,0.7352423768301132,0.4892806514339932,2712.0618926161656,0.5070682769104585
Bobby_Nobody_-_Stitch_Up,nvidia/canary-1b-v2,around,201,135.8,136.88,substitution,0.19828038290143013,0.45688901534946313,0.893570851534605,2042.9833483078007,0.4593667197844078
Bobby_Nobody_-_Stitch_Up,nvidia/canary-1b-v2,make,202,137.15,137.75,correct,0.1926194700770653,0.5153905829916207,1.1477632286456916,2202.1594897905393,0.49347344247194436
Bobby_Nobody_-_Stitch_Up,nvidia/canary-1b-v2,a,203,137.75,138.05,correct,0.21322129418452582,0.6180284553856561,0.3558836579322815,2418.934879494735,0.5695302757349882
Bobby_Nobody_-_Stitch_Up,nvidia/canary-1b-v2,sound,204,138.05,138.88,correct,0.1692160190281908,0.35679663122851357,0.7886990199932892,2568.9588915442296,0.5988047096166718
Bobby_Nobody_-_Stitch_Up,nvidia/canary-1b-v2,understand,205,139.42,140.37,correct,0.1484988375439071,0.45203067434440347,1.5037966429383731,2504.605116861737,0.5767308347949794
Bobby_Nobody_-_Stitch_Up,nvidia/canary-1b-v2,just,206,140.37,140.59,correct,0.21813839733600615,0.3147598671913147,0.7643607437610627,3542.8484600700613,0.6622607457637787
Bobby_Nobody_-_Stitch_Up,nvidia/canary-1b-v2,what,207,140.59,140.86,correct,0.18400856778025626,0.36950951957454287,1.0373158832391103,2209.465141265494,0.44990626275539397
Bobby_Nobody_-_Stitch_Up,nvidia/canary-1b-v2,this,208,140.86,141.05,correct,0.15852013372239612,0.21735368881906783,0.8281028469403585,2884.983645059436,0.5274752506187984
Bobby_Nobody_-_Stitch_Up,nvidia/canary-1b-v2,means,209,141.05,141.3,correct,0.29612581538302557,0.403789792742048,0.7053715331213815,2536.1943305060627,0.4490246964352472
Bobby_Nobody_-_Stitch_Up,nvidia/canary-1b-v2,to,210,141.3,141.42,substitution,0.14847210049629211,0.2832554750717603,0.5278241038322449,3298.6140327223798,0.5778664843394206
Bobby_Nobody_-_Stitch_Up,nvidia/canary-1b-v2,me,211,141.42,142.29,correct,0.17637555764869173,0.4871761469923435,0.48604679892354824,2098.656669112689,0.39351686185344736
Bobby_Nobody_-_Stitch_Up,nvidia/canary-1b-v2,turn,212,142.96,143.43,substitution,0.1498306492599202,0.6787986342849976,0.3201717662752843,2387.3950702076772,0.5025355009471669
Bobby_Nobody_-_Stitch_Up,nvidia/canary-1b-v2,around,213,143.51,144.57,correct,0.20734712249485024,0.4499174594805625,0.9455211775606138,2075.448446814757,0.48269758830990706
Bobby_Nobody_-_Stitch_Up,nvidia/canary-1b-v2,hit,214,144.87,145.39,correct,0.1921709039853069,0.43421506019423534,2.952379951874415,2219.5363740772964,0.5086656573571657
Bobby_Nobody_-_Stitch_Up,nvidia/canary-1b-v2,the,215,145.39,145.76,correct,0.2544016093481332,0.8432844033930451,2.5293342055752874,2239.0032016468713,0.5154703862965107
Bobby_Nobody_-_Stitch_Up,nvidia/canary-1b-v2,ground,216,145.79,147.19,substitution,0.2630109604423409,0.5752285762091741,0.4908381097561476,2307.722240456989,0.48222740241233875
Bobby_Nobody_-_Stitch_Up,nvidia/canary-1b-v2,understand,217,147.19,148.07,correct,0.17339815720915794,0.48395609861533895,0.6314425774310765,2541.5547626013745,0.4727936616069392
Bobby_Nobody_-_Stitch_Up,nvidia/canary-1b-v2,this,218,148.07,148.34,correct,0.16711226465373202,0.32474653988048946,0.6540792348056004,3234.056544438014,0.6495946255223505
Bobby_Nobody_-_Stitch_Up,nvidia/canary-1b-v2,ain't,219,148.34,148.55,correct,0.09873103940238555,0.428369686473161,0.4768621406207482,2494.568051871804,0.5714951741198698
Bobby_Nobody_-_Stitch_Up,nvidia/canary-1b-v2,the,220,148.55,148.67,substitution,0.1808124269757952,0.5631425529718399,0.3406179132206099,1920.8191921994417,0.4428108185529709
Bobby_Nobody_-_Stitch_Up,nvidia/canary-1b-v2,way,221,148.67,149.04,correct,0.2863043094053864,0.5864625193178654,0.4935701459646225,1913.8691329538167,0.41961797773838044
Bobby_Nobody_-_Stitch_Up,nvidia/canary-1b-v2,it's,222,149.04,149.17,correct,0.04603674411773682,0.23452148859699568,0.5464805868764718,2402.069772526443,0.5325311064720154
Bobby_Nobody_-_Stitch_Up,nvidia/canary-1b-v2,supposed,223,149.17,149.51,correct,0.1939359801141797,0.26679781381972134,17.41992588421783,2896.733699511058,0.6664887860014632
Bobby_Nobody_-_Stitch_Up,nvidia/canary-1b-v2,to,224,149.51,149.61,correct,0.11023392093678315,0.20603401493281126,0.7631324206789335,2035.1105231857348,0.4984842787186305
Bobby_Nobody_-_Stitch_Up,nvidia/canary-1b-v2,be,225,149.61,150.58,correct,0.1695673092483328,0.23689278148231097,6.786485961996592,2644.020241784221,0.5938943160267977
Bobby_Nobody_-_Stitch_Up,nvidia/canary-1b-v2,tripping,226,151.58,152.15,correct,0.17406313983543265,0.46725325691588826,1.3314296939680654,2113.5831613224286,0.44066410055083616
Bobby_Nobody_-_Stitch_Up,nvidia/canary-1b-v2,on,227,152.15,152.37,correct,0.32976263016462326,0.6246831764777502,0.5408335315684477,1788.6268701233369,0.23587638636430105
Bobby_Nobody_-_Stitch_Up,nvidia/canary-1b-v2,this,228,152.37,152.59,correct,0.2753489917516708,0.49991924047470093,0.5477446246147156,3203.7584410809004,0.45607702136039735
Bobby_Nobody_-_Stitch_Up,nvidia/canary-1b-v2,sheen,229,152.59,152.87,correct,0.17952770162974635,0.6095085259406797,0.32889613316905114,2867.087722696603,0.4385175387705526
Bobby_Nobody_-_Stitch_Up,nvidia/canary-1b-v2,off,230,152.87,153.12,correct,0.11878447000075269,0.3994418334353853,0.45557167187885,2419.739778870422,0.48883323316220884
Bobby_Nobody_-_Stitch_Up,nvidia/canary-1b-v2,of,231,153.12,153.29,correct,0.07075842283666134,0.36551310749430405,0.19998375091113543,2066.6005551528033,0.46476185792370844
Bobby_Nobody_-_Stitch_Up,nvidia/canary-1b-v2,you,232,153.29,154.58,correct,0.1105065825227782,0.4696185586692618,0.2900151519252242,1653.0631999140546,0.36907584782984615
Bobby_Nobody_-_Stitch_Up,nvidia/canary-1b-v2,picturing,233,155.49,156.22,correct,0.09289649157207223,0.6673625703117091,1.0753373874327805,1919.7040704353565,0.43540700062920773
Bobby_Nobody_-_Stitch_Up,nvidia/canary-1b-v2,this,234,156.22,156.41,correct,0.06503875748742194,0.5834838783457166,0.14220001175999641,2122.8926941564882,0.4742229197706495
Bobby_Nobody_-_Stitch_Up,nvidia/canary-1b-v2,dream,235,156.41,156.67,correct,0.08283335240236644,0.47389877651785983,0.5627433170789274,2054.212916922307,0.47700358670333337
Bobby_Nobody_-_Stitch_Up,nvidia/canary-1b-v2,coming,236,156.67,157.11,correct,0.10560636913093428,0.5649368263936291,0.23407768442605933,1500.532602876534,0.34599154939254123
Bobby_Nobody_-_Stitch_Up,nvidia/canary-1b-v2,true,237,157.11,158.37,correct,0.08843817009969994,0.44715077623173044,0.24569815386224675,1559.8695346332781,0.36141479478942024
Bobby_Nobody_-_Stitch_Up,nvidia/canary-1b-v2,pulling,238,159.3,159.84,correct,0.13590187354591385,0.7251270970867562,0.6745187942067097,1953.6474217181776,0.4409209967687212
Bobby_Nobody_-_Stitch_Up,nvidia/canary-1b-v2,at,239,159.84,160.05,substitution,0.09287738349909584,0.4228343905415386,0.42110385994116467,1793.6154439563397,0.3964424642423789
Bobby_Nobody_-_Stitch_Up,nvidia/canary-1b-v2,the,240,160.05,160.2,substitution,0.07070576888509095,0.5421052798628807,0.17567800311371684,1881.9737974131067,0.4466293640434742
Bobby_Nobody_-_Stitch_Up,nvidia/canary-1b-v2,seams,241,160.2,160.52,correct,0.07325808222716053,0.5307233595910171,0.25674726048277485,2473.365928580987,0.5728148776623938
Bobby_Nobody_-_Stitch_Up,nvidia/canary-1b-v2,cause,242,160.52,160.83,substitution,0.1635596709435477,0.5217937827658128,0.49813414321226235,1600.2544578911063,0.3565230106606203
Bobby_Nobody_-_Stitch_Up,nvidia/canary-1b-v2,it,243,160.83,160.96,correct,0.053271996416151525,0.2996244678894679,0.24350373496611913,2122.8241420161416,0.5000779092311859
Bobby_Nobody_-_Stitch_Up,nvidia/canary-1b-v2,seems,244,160.96,161.36,correct,0.1623497134247838,0.502820281874995,0.30469357083703197,2507.5868978947856,0.4997400235991145
Bobby_Nobody_-_Stitch_Up,nvidia/canary-1b-v2,to,245,161.36,161.49,correct,0.06121131411443154,0.457836805532376,0.1540769651532173,2549.9215148749986,0.5408854027589162
Bobby_Nobody_-_Stitch_Up,nvidia/canary-1b-v2,me,246,161.49,161.91,substitution,0.1319168164678242,0.7482149315916974,0.179751420798509,1367.3601385222935,0.29959416486646817
Bobby_Nobody_-_Stitch_Up,nvidia/canary-1b-v2,that,247,161.91,162.23,correct,0.08603183611163072,0.34653281737118957,0.6367608919739723,1419.0700130926466,0.33408155015536717
Bobby_Nobody_-_Stitch_Up,nvidia/canary-1b-v2,you,248,162.23,162.39,substitution,0.10417012414998478,0.5975804709725909,0.222694489484032,1610.18820851187,0.3832426385747062
Bobby_Nobody_-_Stitch_Up,nvidia/canary-1b-v2,and,249,162.39,162.48,deletion,0.12216897037896243,0.7232713211666454,0.16889761794697156,1011.0958898047525,0.22956551069563086
Bobby_Nobody_-_Stitch_Up,nvidia/canary-1b-v2,me,250,162.48,162.85,deletion,0.1340955494903028,0.7522533804178237,0.17784597603604196,1388.7187127057732,0.3031918741762638
Bobby_Nobody_-_Stitch_Up,nvidia/canary-1b-v2,now,251,162.85,163.37,correct,0.0884926541332613,0.5880262566763058,0.16918317372338815,1494.8419659715016,0.346068265406709
Bobby_Nobody_-_Stitch_Up,nvidia/canary-1b-v2,could,252,163.37,163.53,correct,0.09893827016154925,0.3136935230965416,1.8321071101559534,1194.7994001017414,0.2867323723104265
Bobby_Nobody_-_Stitch_Up,nvidia/canary-1b-v2,be,253,163.53,163.64,correct,0.11741601241131623,0.5314511513958374,0.3256796921292941,1046.900020635828,0.23767253880699477
Bobby_Nobody_-_Stitch_Up,nvidia/canary-1b-v2,nothing,254,163.64,163.88,correct,0.14641402689395128,0.544687197164253,0.3283892249067624,1921.765774003411,0.42635259253007396
Bobby_Nobody_-_Stitch_Up,nvidia/canary-1b-v2,but,255,163.88,164.02,correct,0.13308721873909235,0.6758830714970827,0.25044785300269723,1912.224927009748,0.3946392107754946
Bobby_Nobody_-_Stitch_Up,nvidia/canary-1b-v2,a,256,164.02,164.07,correct,0.13375194246570268,0.38970160981019336,0.3603251427412033,2268.2736907301605,0.5103082905213038
Bobby_Nobody_-_Stitch_Up,nvidia/canary-1b-v2,stitch,257,164.07,164.41,correct,0.09660313748999645,0.3528357311764634,0.7493685536870831,2968.1793052628736,0.5418327411538676
Bobby_Nobody_-_Stitch_Up,nvidia/canary-1b-v2,up,258,164.41,164.74,correct,0.08879161183722317,0.29180861759879106,1.1075520834161177,1615.3029689194568,0.382830152908961
Bobby_Nobody_-_Stitch_Up,nvidia/canary-1b-v2,now,259,164.74,165.53,substitution,0.19422908889896728,0.42194595652468064,0.5103952849612516,1748.0099795444123,0.3267839680699741
Bobby_Nobody_-_Stitch_Up,nvidia/canary-1b-v2,or,260,165.53,165.75,correct,0.2406551134586334,0.43527554988861084,0.5661056530475617,1712.0141223297956,0.33909687638282776
Bobby_Nobody_-_Stitch_Up,nvidia/canary-1b-v2,never,261,165.75,166.96,correct,0.18365753109638508,0.23313764454080507,0.8384797657911595,1634.9350453330064,0.3706983684347226
Bobby_Nobody_-_Stitch_Up,nvidia/canary-1b-v2,weak,262,166.96,167.3,correct,0.2764938520015897,0.42616668101903554,0.8414453276105829,1729.795808896688,0.39435302687657847
Bobby_Nobody_-_Stitch_Up,nvidia/canary-1b-v2,enough,263,167.3,167.67,correct,0.3152204784564674,0.5399849428795278,0.6937599837779999,2050.2373118433543,0.4858889877796173
Bobby_Nobody_-_Stitch_Up,nvidia/canary-1b-v2,to,264,167.67,167.88,correct,0.20637645836298665,0.4599537765607238,0.8676191885024309,2219.067515169205,0.4945996863146623
Bobby_Nobody_-_Stitch_Up,nvidia/canary-1b-v2,through,265,167.88,168.21,correct,0.23485181967003477,0.5039746181315018,0.8630612194538116,2002.7228961149713,0.47098685138755375
Bobby_Nobody_-_Stitch_Up,nvidia/canary-1b-v2,this,266,168.21,168.5,correct,0.2060818444006145,0.5451892931014299,0.5047528580762446,2556.9310335514874,0.5423665316775441
Bobby_Nobody_-_Stitch_Up,nvidia/canary-1b-v2,away,267,168.5,168.64,correct,0.31480362452566624,0.686073387041688,0.5076983673498034,1645.9275333674743,0.38720164727419615
Bobby_Nobody_-_Stitch_Up,nvidia/canary-1b-v2,now,268,168.64,169.59,correct,0.33997727141660805,0.8568911423870161,0.414031395286906,2124.440536672007,0.45340612530708313
Bobby_Nobody_-_Stitch_Up,nvidia/canary-1b-v2,or,269,169.59,169.62,correct,0.1902517005801201,0.6246571689844131,0.3033364489674568,2355.244390448595,0.5092265158891678
Bobby_Nobody_-_Stitch_Up,nvidia/canary-1b-v2,never,270,169.62,170.82,correct,0.238478081344172,0.38676700189478636,0.7191001652747162,1802.4247305812678,0.3905642895504486
Bobby_Nobody_-_Stitch_Up,nvidia/canary-1b-v2,brave,271,170.82,171.15,correct,0.32402298226952553,0.6965239532291889,0.546253631512324,1884.7524294982966,0.3963031814330154
Bobby_Nobody_-_Stitch_Up,nvidia/canary-1b-v2,enough,272,171.15,171.54,correct,0.2513399559051491,0.686019379645586,0.5225372376830079,2564.4427745784083,0.5127657991509105
Bobby_Nobody_-_Stitch_Up,nvidia/canary-1b-v2,to,273,171.54,171.73,correct,0.11582589628440994,0.4335070054623343,0.5551076730092367,2976.74839148014,0.6112526513281322
Bobby_Nobody_-_Stitch_Up,nvidia/canary-1b-v2,say,274,171.73,172.06,correct,0.17517063706307798,0.6119721217735393,0.3055253254400717,2895.6366355761293,0.5541572208340103
Bobby_Nobody_-_Stitch_Up,nvidia/canary-1b-v2,that,275,172.06,172.35,correct,0.27452832041308284,0.6919541172683239,0.4450906473211944,2176.2102933468514,0.4734146995469928
Bobby_Nobody_-_Stitch_Up,nvidia/canary-1b-v2,it's,276,172.35,172.52,correct,0.18902425820890226,0.39359895336000544,0.5615430427225012,2558.753728567689,0.5766548577107882
Bobby_Nobody_-_Stitch_Up,nvidia/canary-1b-v2,now,277,172.52,173.36,correct,0.3251608086956872,0.9222873035404417,0.3748572760158115,2110.6922292608133,0.4471146951119105
Bobby_Nobody_-_Stitch_Up,nvidia/canary-1b-v2,or,278,173.36,173.45,substitution,0.32848304374651477,0.8163160085678101,0.42146567322991113,1941.708374744674,0.43932096524672076
Bobby_Nobody_-_Stitch_Up,nvidia/canary-1b-v2,never,279,173.45,174.69,correct,0.313949106275139,0.7209952926277218,0.503338463436392,1966.8542947525198,0.44165790193062976
Bobby_Nobody_-_Stitch_Up,nvidia/canary-1b-v2,pulling,280,174.69,175.05,correct,0.3052447125315666,0.6905809514224529,0.48726549968123434,2003.2312215429688,0.42312266305088997
Bobby_Nobody_-_Stitch_Up,nvidia/canary-1b-v2,at,281,175.05,175.19,correct,0.3941273868083954,0.652132248878479,0.6255806108315786,2038.954823944264,0.42887420852979025
Bobby_Nobody_-_Stitch_Up,nvidia/canary-1b-v2,the,282,175.19,175.55,substitution,0.2531945690512657,0.5534201983362437,0.5622044425457716,2472.248754301797,0.5042517431080341
Bobby_Nobody_-_Stitch_Up,nvidia/canary-1b-v2,seams,283,175.55,175.89,correct,0.2623401006331315,0.5145834477970729,0.6098150039041365,3344.522458835393,0.5166125281437023
Bobby_Nobody_-_Stitch_Up,nvidia/canary-1b-v2,cause,284,175.89,176.19,substitution,0.2753788738539725,0.5998659548208569,0.69130856701822,2587.2444499801586,0.4878285753004479
Bobby_Nobody_-_Stitch_Up,nvidia/canary-1b-v2,it,285,176.19,176.32,correct,0.30378206769625343,0.4316963558395704,0.8155861854553222,2217.97127271104,0.443027792374293
Bobby_Nobody_-_Stitch_Up,nvidia/canary-1b-v2,seems,286,176.32,176.74,correct,0.23419287250093793,0.5528930882396905,0.48211458390173706,3165.7086228035273,0.5045201995450518
Bobby_Nobody_-_Stitch_Up,nvidia/canary-1b-v2,to,287,176.74,176.85,correct,0.2768129918437738,0.5990686622949747,0.46548745265373814,3032.2972446113104,0.5337464282145867
Bobby_Nobody_-_Stitch_Up,nvidia/canary-1b-v2,me,288,176.85,177.26,correct,0.5418086554855108,0.8197906071489508,0.68080294911157,1770.0199396281787,0.2898124859414317
Bobby_Nobody_-_Stitch_Up,nvidia/canary-1b-v2,that,289,177.26,177.58,correct,0.1834686096225466,0.4641458397465093,0.6791215683732714,2095.9611991454435,0.44601147387708934
Bobby_Nobody_-_Stitch_Up,nvidia/canary-1b-v2,you,290,177.58,177.73,substitution,0.2739308572867337,0.6964921968824723,0.4340100989622228,1867.122108717585,0.3481903409256655
Bobby_Nobody_-_Stitch_Up,nvidia/canary-1b-v2,and,291,177.73,177.83,substitution,0.23216325044631958,0.8559561173121134,0.29819514726599056,1750.3366379273139,0.3437438445786635
Bobby_Nobody_-_Stitch_Up,nvidia/canary-1b-v2,me,292,177.83,178.16,correct,0.3560279599494404,0.8169179492526584,0.4393849078979757,2065.235029337735,0.41407983667320675
Bobby_Nobody_-_Stitch_Up,nvidia/canary-1b-v2,now,293,178.16,178.74,substitution,0.2837171286108002,0.6538153976675064,0.47116677853323163,1963.8169553534453,0.4170921619922396
Bobby_Nobody_-_Stitch_Up,nvidia/canary-1b-v2,could,294,178.74,178.9,correct,0.25850705181558925,0.3911215579137206,1.426634692483478,2202.975290464687,0.5169620828496085
Bobby_Nobody_-_Stitch_Up,nvidia/canary-1b-v2,be,295,178.9,178.99,correct,0.26820975271138275,0.552564260634509,0.6056113649498333,1861.896374093625,0.4232850562442433
Bobby_Nobody_-_Stitch_Up,nvidia/canary-1b-v2,nothing,296,178.99,179.24,correct,0.4576489820524498,0.6029235088714847,1.3109843267334833,2007.7960520727875,0.49244659587189005
Bobby_Nobody_-_Stitch_Up,nvidia/canary-1b-v2,but,297,179.24,179.38,correct,0.32552310079336166,0.6336018405854702,0.6524886265397072,1999.8092339690602,0.45721920393407345
Bobby_Nobody_-_Stitch_Up,nvidia/canary-1b-v2,a,298,179.38,179.43,correct,0.17930613883904048,0.38952965821538654,0.46492135524749756,2290.936234700623,0.5293526308877128
Bobby_Nobody_-_Stitch_Up,nvidia/canary-1b-v2,stitch,299,179.43,179.78,correct,0.3675698835990931,0.369858217156051,3.352128119060868,2895.548367814474,0.6496182037027258
Bobby_Nobody_-_Stitch_Up,nvidia/canary-1b-v2,up,300,179.78,179.97,correct,0.22146460254277503,0.2947748161164955,17.417031659966423,1946.6099315371969,0.484370109580812
Bobby_Nobody_-_Stitch_Up,nvidia/canary-1b-v2,baby,301,179.97,180.95,substitution,0.31428234426761575,0.6103426821503507,3.5643866105743176,2506.803798832857,0.5760028438185746
Bobby_Nobody_-_Stitch_Up,nvidia/canary-1b-v2,turn,302,181.3,181.84,substitution,0.2756783557519064,0.7351149310657786,1.1037860684475655,2732.2469453209496,0.47948918908329335
Bobby_Nobody_-_Stitch_Up,nvidia/canary-1b-v2,around,303,181.88,182.96,deletion,0.2542130998817497,0.4566794805156452,1.1179195332886844,1970.003536402327,0.4370149151775344
Bobby_Nobody_-_Stitch_Up,nvidia/canary-1b-v2,make,304,183.23,183.83,deletion,0.17926832630943793,0.5152104761308203,0.8574113075549786,2346.6723981345567,0.536203953394523
Bobby_Nobody_-_Stitch_Up,nvidia/canary-1b-v2,a,305,183.83,184.13,correct,0.2291776803181027,0.6196518910653663,0.392641618847847,2372.721617152488,0.5445001513668986
Bobby_Nobody_-_Stitch_Up,nvidia/canary-1b-v2,sound,306,184.13,184.96,correct,0.19120701580411859,0.3533926430585173,1.076498262418641,2729.759778682571,0.6252480689022276
Bobby_Nobody_-_Stitch_Up,nvidia/canary-1b-v2,understand,307,185.53,186.45,deletion,0.16069418803384208,0.5110102547285608,0.9439686034062896,2757.1101770429227,0.6244241122645561
Bobby_Nobody_-_Stitch_Up,nvidia/canary-1b-v2,just,308,186.45,186.66,deletion,0.21681243553757668,0.3063899676005046,1.2157044671475887,2893.0695301516625,0.6174139380455017
Bobby_Nobody_-_Stitch_Up,nvidia/canary-1b-v2,what,309,186.66,186.95,deletion,0.20031134167220443,0.3442425283137709,1.6163151673972607,2767.2826781724634,0.6483584716916084
Bobby_Nobody_-_Stitch_Up,nvidia/canary-1b-v2,this,310,186.95,187.14,deletion,0.17367011308670044,0.22308720736986115,1.0098921131520044,2871.4869664784783,0.613904344184058
Bobby_Nobody_-_Stitch_Up,nvidia/canary-1b-v2,means,311,187.14,187.39,correct,0.33665250135319574,0.37248089510415283,0.8999340747083936,2495.606218417413,0.3993684319513185
Bobby_Nobody_-_Stitch_Up,nvidia/canary-1b-v2,to,312,187.39,187.5,correct,0.14569273247168615,0.2843957921633354,0.5782999190000387,2983.2499023736837,0.5164181555692966
Bobby_Nobody_-_Stitch_Up,nvidia/canary-1b-v2,me,313,187.5,188.2,deletion,0.20295973713199297,0.514733852148056,0.4089324979980787,2199.837942996917,0.41916377981503805
Bobby_Nobody_-_Stitch_Up,nvidia/canary-1b-v2,turn,314,189.04,189.51,correct,0.1635652693244172,0.679300740233385,0.3397556096315384,2645.147658279806,0.5638251012446833
Bobby_Nobody_-_Stitch_Up,nvidia/canary-1b-v2,around,315,189.59,190.65,deletion,0.20184072729592262,0.4499811942713629,1.1123470576447354,2290.1432786636547,0.5445903534429115
Bobby_Nobody_-_Stitch_Up,nvidia/canary-1b-v2,hit,316,190.95,191.47,correct,0.16748860279065475,0.4341296258774635,1.8577158916414829,2461.2340894956296,0.5780238300039057
Bobby_Nobody_-_Stitch_Up,nvidia/canary-1b-v2,the,317,191.47,191.84,unknown,0.28448132988996805,0.8430796920787543,1.8706863977015018,2514.4232937906045,0.5867834225296974
Bobby_Nobody_-_Stitch_Up,nvidia/canary-1b-v2,ground,318,191.87,193.15,unknown,0.24449691277024518,0.5811946413133049,0.4458130856391287,2478.296838874999,0.5608985576316388
Bobby_Nobody_-_Stitch_Up,nvidia/canary-1b-v2,understand,319,193.15,194.13,unknown,0.1890633707198332,0.508186029076998,0.6585630833540322,2608.0740523682452,0.4963661142677631
Bobby_Nobody_-_Stitch_Up,nvidia/canary-1b-v2,this,320,194.13,194.41,unknown,0.22443604204923875,0.4299269333001106,0.7469425393689063,3092.1340419802195,0.5820687567034075
Bobby_Nobody_-_Stitch_Up,nvidia/canary-1b-v2,ain't,321,194.41,194.63,unknown,0.14684976761539778,0.5198272069295248,0.36432289766768616,2744.3760926203463,0.520581366494298
Bobby_Nobody_-_Stitch_Up,nvidia/canary-1b-v2,the,322,194.63,194.78,unknown,0.1796539403936442,0.5703858233550015,0.37951649374821605,2324.041684116244,0.4234952383181628
Bobby_Nobody_-_Stitch_Up,nvidia/canary-1b-v2,way,323,194.78,195.13,unknown,0.1964372714099131,0.6071196574913827,0.32125726577482727,2526.14282330095,0.5192297940191469
Bobby_Nobody_-_Stitch_Up,nvidia/canary-1b-v2,it's,324,195.13,195.26,unknown,0.054783742874860764,0.37060190240542096,0.20956510603427886,2924.397084828406,0.6543059468269348
Bobby_Nobody_-_Stitch_Up,nvidia/canary-1b-v2,supposed,325,195.26,195.6,unknown,0.2692668209048478,0.3646874365911476,23.528606763403666,2932.0320529220057,0.6508275160664007
Bobby_Nobody_-_Stitch_Up,nvidia/canary-1b-v2,to,326,195.6,195.85,unknown,0.17903970375105185,0.6126136857050436,0.3363592580512718,2261.946946695678,0.5224179890420702
Bobby_Nobody_-_Stitch_Up,nvidia/canary-1b-v2,be,327,195.85,197.41,unknown,0.23154454815777994,0.6397671454719135,0.37263822591020945,2841.913673892778,0.6246132320236593
Bobby_Nobody_-_Stitch_Up,nvidia/canary-1b-v2,yeah,328,197.41,197.55,unknown,0.24481355119496584,0.6535454485565424,0.40945339668542147,2494.1502956989666,0.5801816582679749
Bobby_Nobody_-_Stitch_Up,nvidia/canary-1b-v2,stitch,329,197.55,197.97,unknown,0.23173621859815385,0.7437803281678094,0.309974487291442,2549.7062887987495,0.5749497539467282
Bobby_Nobody_-_Stitch_Up,nvidia/canary-1b-v2,up,330,197.97,198.1,unknown,0.3024706979592641,0.7877934177716573,0.38258056044578553,2321.4164483629897,0.5485549171765646
Bobby_Nobody_-_Stitch_Up,nvidia/canary-1b-v2,stitch,331,198.1,198.44,unknown,0.2771834084713781,0.5761767319730811,0.4760281576498135,2721.765432441508,0.6222671222042393
Bobby_Nobody_-_Stitch_Up,nvidia/canary-1b-v2,up,332,198.44,198.7,unknown,0.26552217479409845,0.7170748289289146,0.3776007222718206,2203.0299827721656,0.5125761011551166
Bobby_Nobody_-_Stitch_Up,nvidia/canary-1b-v2,woah,333,198.7,199.27,unknown,0.1979523505414686,0.4066242466290151,0.5861697206574101,2124.450011124785,0.47830171498560137
Bobby_Nobody_-_Stitch_Up,nvidia/canary-1b-v2,stich,334,199.27,199.74,unknown,0.1784667864295782,0.32466555639243155,2.7957429272287033,2536.930749345576,0.4961478160876854
Bobby_Nobody_-_Stitch_Up,nvidia/canary-1b-v2,up,335,199.74,199.81,unknown,0.05648197730382284,0.008126941302584277,9.43146981133355,2156.16346135476,0.5317343771457672
Bobby_Nobody_-_Stitch_Up,nvidia/canary-1b-v2,stitch,336,199.81,199.94,unknown,0.19981297850608826,0.2403697326247181,0.9989611974784306,3388.144391261573,0.5823947361537388
Bobby_Nobody_-_Stitch_Up,nvidia/canary-1b-v2,up,337,199.94,200.22,unknown,0.14622603657264863,0.17093367053518793,17.817967451387837,1963.9651024320506,0.4650498119092757
Bobby_Nobody_-_Stitch_Up,nvidia/canary-1b-v2,stitch,338,201.15,201.81,unknown,0.12816971385230622,0.25292461850201814,3.127703840533892,3209.227947996265,0.6278852476841874
Bobby_Nobody_-_Stitch_Up,nvidia/canary-1b-v2,up,339,201.81,202.04,unknown,0.24469510674476624,0.26920510438270867,24.98597480535507,2163.6041492284116,0.5376507890224457
Bobby_Nobody_-_Stitch_Up,nvidia/canary-1b-v2,woah,340,202.04,203.11,unknown,0.2092508696790399,0.4052478729040715,2.682126515512836,2523.367419736164,0.5975823433234774
Bobby_Nobody_-_Stitch_Up,nvidia/canary-1b-v2,stitch,341,203.11,203.76,unknown,0.19497748091816902,0.28125137641161146,6.153558547156198,2959.0210297715576,0.6547976046800613
Bobby_Nobody_-_Stitch_Up,nvidia/canary-1b-v2,up,342,203.76,204.06,unknown,0.1885811946157253,0.18484395060681202,28.67564070405382,2408.5136793171478,0.5906439062320825
Bobby_Nobody_-_Stitch_Up,nvidia/canary-1b-v2,stitch,343,204.97,205.65,unknown,0.1636828483426816,0.2311255162939021,2.5471262597057915,2788.4549174766466,0.514111433535406
Bobby_Nobody_-_Stitch_Up,nvidia/canary-1b-v2,up,344,205.65,205.85,unknown,0.2636315223315488,0.3564443687564167,1.8973948644555134,1521.5357708416407,0.35699653107187024
Forkupines_-_Semantics,nvidia/canary-1b-v2,so,0,30.98,31.25,correct,0.23362873991330466,0.714369946718216,0.3751733948787053,2631.2112645083603,0.6376532922188441
Forkupines_-_Semantics,nvidia/canary-1b-v2,here,1,31.25,31.46,deletion,0.1499970749668453,0.8493836418442104,0.17753468713034753,2190.559529020672,0.5665640429310177
Forkupines_-_Semantics,nvidia/canary-1b-v2,we,2,31.46,31.88,correct,0.17297354097599568,0.891462477652923,0.19543455120014108,2507.5459108277923,0.6186201585375745
Forkupines_-_Semantics,nvidia/canary-1b-v2,are,3,31.88,32.2,correct,0.17106382910694395,1.0327548895563399,0.16980827184660094,2382.6713480734225,0.5977412760257721
Forkupines_-_Semantics,nvidia/canary-1b-v2,not,4,32.2,32.63,correct,0.19671712482863285,0.7060311490550955,0.4740068405232531,2241.874368035029,0.5738225116374644
Forkupines_-_Semantics,nvidia/canary-1b-v2,making,5,32.63,33.24,correct,0.20326752757484262,0.7451219168124776,0.33576050412022707,2225.7183374045185,0.5605296668681231
Forkupines_-_Semantics,nvidia/canary-1b-v2,a,6,33.24,33.3,correct,0.3255216713462557,0.7458217016288212,0.4343913750989096,2812.52525051681,0.70211261510849
Forkupines_-_Semantics,nvidia/canary-1b-v2,scene,7,33.3,34.07,substitution,0.22137266184602464,0.6538037210702896,0.5361362008289212,2463.596950101703,0.5705546775744075
Forkupines_-_Semantics,nvidia/canary-1b-v2,cause,8,34.22,34.42,correct,0.17719270288944244,0.4366191708567468,0.5045316171917048,2571.169481963979,0.6341212622144006
Forkupines_-_Semantics,nvidia/canary-1b-v2,that,9,34.42,34.69,correct,0.14058783799409866,0.8551541984081268,0.2992250589032968,2265.1258396550484,0.5815009832382202
Forkupines_-_Semantics,nvidia/canary-1b-v2,is,10,34.69,34.87,correct,0.17922214716672896,0.38534396812319754,0.6468337900936604,3294.79433417279,0.66231829226017
Forkupines_-_Semantics,nvidia/canary-1b-v2,what,11,34.87,35.08,substitution,0.29797543390937475,0.9061059005882429,0.3712878071743509,2896.419940481242,0.5121100104373434
Forkupines_-_Semantics,nvidia/canary-1b-v2,it's,12,35.08,35.31,correct,0.20997501766452423,0.5060983076691628,0.5426352597199954,3109.97658608459,0.6217412765209491
Forkupines_-_Semantics,nvidia/canary-1b-v2,all,13,35.31,35.72,substitution,0.21649975445535447,0.9443129936854044,0.23039986590544384,3059.5181212847806,0.5737979683611129
Forkupines_-_Semantics,nvidia/canary-1b-v2,about,14,35.72,36.37,correct,0.19836584180593492,0.888046791191612,0.3732945519898619,2553.210431192313,0.5280980429479054
Forkupines_-_Semantics,nvidia/canary-1b-v2,it,15,36.37,36.6,substitution,0.14916365906596185,0.5996149602532387,0.3813161998987198,2744.927988573379,0.6135080218315124
Forkupines_-_Semantics,nvidia/canary-1b-v2,seems,16,36.6,37.41,substitution,0.16834993097423154,0.5408143541690978,0.48198499843816867,2975.6564306730593,0.6021260084076361
Forkupines_-_Semantics,nvidia/canary-1b-v2,we,17,38.32,38.4,correct,0.22153377830982207,0.2780436959117651,1.1227019369602202,2169.74362921289,0.536369451880455
Forkupines_-_Semantics,nvidia/canary-1b-v2,cannot,18,38.4,39.07,correct,0.25352529250085354,0.8018770014556745,0.6065635946061876,2656.468360307956,0.5855187943412198
Forkupines_-_Semantics,nvidia/canary-1b-v2,live,19,39.07,39.42,substitution,0.1961831274001222,0.8185669293529109,0.24911331306946904,2213.534753840193,0.5213194395366468
Forkupines_-_Semantics,nvidia/canary-1b-v2,like,20,39.42,39.91,correct,0.1992062192272257,0.7387921376912682,0.46294424034379145,2403.2146193467715,0.5847770781428726
Forkupines_-_Semantics,nvidia/canary-1b-v2,that,21,39.91,40.99,correct,0.19920943465469212,0.5548838682408477,0.7929479803504615,2609.835815085215,0.568199160540926
Forkupines_-_Semantics,nvidia/canary-1b-v2,the,22,43.94,44.1,substitution,0.21782600517488188,0.35715470810181515,17.607551334632767,1505.4991427132845,0.3507342603471544
Forkupines_-_Semantics,nvidia/canary-1b-v2,great,23,44.1,44.44,correct,0.22304881520961461,0.6472667394892165,0.6229614580148145,2089.1489140955023,0.5005474921904112
Forkupines_-_Semantics,nvidia/canary-1b-v2,responsibility,24,44.44,45.61,correct,0.3020290190147029,0.6911227188058315,0.5557023013631502,2228.0039367973236,0.5250537632003663
Forkupines_-_Semantics,nvidia/canary-1b-v2,that,25,45.61,46.96,correct,0.47969836674887556,0.9891525289108013,0.5614766581305142,2337.538773080489,0.4247610036669106
Forkupines_-_Semantics,nvidia/canary-1b-v2,everything,26,47.25,48.44,correct,0.41826373021903,0.9239114952368999,0.47616666391139895,2119.1093881274824,0.44414932051981526
Forkupines_-_Semantics,nvidia/canary-1b-v2,must,27,48.44,48.85,substitution,0.24850205795632468,0.6114696578019195,0.5276189684867859,2656.8251646307085,0.5940185520384047
Forkupines_-_Semantics,nvidia/canary-1b-v2,come,28,48.85,49.21,correct,0.25769554618746043,0.7602749036625027,0.45572344623506067,2166.584883867227,0.5238351717591285
Forkupines_-_Semantics,nvidia/canary-1b-v2,to,29,49.21,50.3,correct,0.30240929279571926,0.7673405412361662,0.6117972953197284,2573.030850966217,0.5436982838516562
Forkupines_-_Semantics,nvidia/canary-1b-v2,be,30,50.3,50.49,substitution,0.11323049043615659,0.05100362251202265,2.249443735395159,2556.2849458919536,0.539917453413918
Forkupines_-_Semantics,nvidia/canary-1b-v2,nothing,31,51.3,51.92,substitution,0.3503955683177885,0.7514422473305946,0.7262493806945927,1966.9272480620402,0.4509003686116022
Forkupines_-_Semantics,nvidia/canary-1b-v2,ever,32,51.92,52.23,substitution,0.2726047784090042,0.8170004820122438,0.3824184063602896,2718.262385595317,0.5972760004155776
Forkupines_-_Semantics,nvidia/canary-1b-v2,sets,33,52.23,52.62,substitution,0.20041214178005853,0.5370198708204996,0.5033816358163243,3225.012347271806,0.6163181932199568
Forkupines_-_Semantics,nvidia/canary-1b-v2,in,34,52.62,52.87,substitution,0.28875419071742464,0.6507479665534837,0.45525037071534563,2575.3038240650376,0.5772198119333812
Forkupines_-_Semantics,nvidia/canary-1b-v2,noise,35,52.87,53.86,substitution,0.329243350391076,0.810182977519999,0.4768116368311588,2576.1763660487436,0.5116303067341029
Forkupines_-_Semantics,nvidia/canary-1b-v2,how,36,56.91,57.07,correct,0.48568597932656604,0.5227588837345442,1.1141475041707356,2583.4779505337215,0.6309609744283888
Forkupines_-_Semantics,nvidia/canary-1b-v2,could,37,57.07,57.16,substitution,0.44833419810641895,0.46007114106958563,1.2493335929783909,3538.5610702284407,0.7258504629135132
Forkupines_-_Semantics,nvidia/canary-1b-v2,you,38,57.16,57.62,correct,0.5421095246076584,0.68190947920084,0.8837513357400895,3174.0800587642507,0.6896276640892028
Forkupines_-_Semantics,nvidia/canary-1b-v2,say,39,57.62,58.66,correct,0.5471488684748432,0.7165710363437289,0.9730430410376617,2706.5504395322523,0.5675623730889389
Forkupines_-_Semantics,nvidia/canary-1b-v2,that,40,60.13,60.41,substitution,0.36619452399111563,0.577926218870186,0.8918198347091675,2628.0387653865846,0.6186873797447451
Forkupines_-_Semantics,nvidia/canary-1b-v2,everyone,41,60.41,61.04,correct,0.4497850611805916,0.846983601065243,0.5945349830914947,2491.8669412654467,0.5641524384126944
Forkupines_-_Semantics,nvidia/canary-1b-v2,needs,42,61.04,61.77,substitution,0.39318753382827665,0.633338661298533,1.7739148894442787,3080.3257189440264,0.6480312917051436
Forkupines_-_Semantics,nvidia/canary-1b-v2,to,43,63.39,63.57,correct,0.2829350769519806,0.2167522195726633,3.2567133098840713,3380.321815939949,0.7366538286209107
Forkupines_-_Semantics,nvidia/canary-1b-v2,swing,44,63.57,63.91,correct,0.3492625543945714,0.5420155376195908,0.7387320430655229,3252.7459395030965,0.6729052913816351
Forkupines_-_Semantics,nvidia/canary-1b-v2,and,45,63.91,64.17,correct,0.4621072294456618,0.6492136280451503,0.7543919831514359,2882.2953153299363,0.606755371604647
Forkupines_-_Semantics,nvidia/canary-1b-v2,sway,46,64.17,65.51,correct,0.5180734106236033,0.8723293990931578,0.636758659241928,2571.3042373875437,0.5804179184552696
Forkupines_-_Semantics,nvidia/canary-1b-v2,like,47,66.2,66.69,substitution,0.4168964998339707,0.7250817575193239,0.7956309554711828,3000.604535242793,0.6504816671587387
Forkupines_-_Semantics,nvidia/canary-1b-v2,you,48,66.69,67.04,correct,0.5639174431562424,0.9539711804766404,0.6058695653551504,3055.016744124452,0.6962321824149081
Forkupines_-_Semantics,nvidia/canary-1b-v2,do,49,67.04,67.74,correct,0.5087076264776682,0.7221939333861596,0.8428255347044844,2921.4430593017278,0.671627717582803
Forkupines_-_Semantics,nvidia/canary-1b-v2,another,50,71.11,71.87,correct,0.4065829553618664,0.9529898493755155,0.45130841579379105,2350.233744607744,0.5167097489281398
Forkupines_-_Semantics,nvidia/canary-1b-v2,verdict,51,71.87,72.75,correct,0.36923074785031773,0.7582438190516673,0.7102153329472792,2672.900703269476,0.602597867815118
Forkupines_-_Semantics,nvidia/canary-1b-v2,breaks,52,72.75,73.15,substitution,0.2975500908701919,0.7616208582076915,0.48365343379419906,2835.6325936034823,0.6437543505846068
Forkupines_-_Semantics,nvidia/canary-1b-v2,the,53,73.15,73.44,correct,0.31997098587453365,0.757584030739963,0.6671492895111442,2645.3336777159498,0.6270818626508117
Forkupines_-_Semantics,nvidia/canary-1b-v2,case,54,73.47,74.19,correct,0.3081468766889511,0.7554194312065076,0.6669639496084971,3036.792288606372,0.6557091711423336
Forkupines_-_Semantics,nvidia/canary-1b-v2,another,55,74.36,75.11,correct,0.3533610293158778,0.8797318190336227,0.44066708544154226,2637.7422935134464,0.5816882797229437
Forkupines_-_Semantics,nvidia/canary-1b-v2,route,56,75.11,75.55,correct,0.36201360262930393,0.8653957564383745,0.45710711802045506,2542.9739672021083,0.5705891493707895
Forkupines_-_Semantics,nvidia/canary-1b-v2,might,57,75.55,76.02,correct,0.532666577427995,1.0171696006083022,0.5435334292112612,2703.959083548376,0.46729082920972037
Forkupines_-_Semantics,nvidia/canary-1b-v2,end,58,76.02,76.4,substitution,0.35982017041671843,0.764848805254414,0.5466988242807842,2627.511171022646,0.4859265706368855
Forkupines_-_Semantics,nvidia/canary-1b-v2,the,59,76.4,76.74,substitution,0.34292509668582194,0.7055272298890192,0.5938803642182737,2919.181265980035,0.5839451245359473
Forkupines_-_Semantics,nvidia/canary-1b-v2,chase,60,76.77,77.56,correct,0.34320996472135534,0.7756414727935957,0.5312297344207764,3252.5371683190388,0.5865228498397872
Forkupines_-_Semantics,nvidia/canary-1b-v2,but,61,78.42,78.52,substitution,0.44196287107964355,0.5224620106940469,1.1144231855869293,2097.568277073301,0.5035542100667953
Forkupines_-_Semantics,nvidia/canary-1b-v2,never,62,78.52,78.98,correct,0.33878261417150496,0.8373608821630478,0.4466242715716362,2493.9007375955794,0.5640268146991729
Forkupines_-_Semantics,nvidia/canary-1b-v2,give,63,78.98,79.27,substitution,0.4038529200479388,0.7808885397389531,0.6007542610168457,2835.611468753489,0.6250252015888691
Forkupines_-_Semantics,nvidia/canary-1b-v2,up,64,79.27,79.61,substitution,0.3099265396595001,0.848283014990188,0.5379019705830393,2699.7959227620645,0.6020630396701194
Forkupines_-_Semantics,nvidia/canary-1b-v2,your,65,79.61,79.93,correct,0.3528894496815545,0.9806508915764945,0.3710561692714691,2874.9976019218298,0.6291096883160727
Forkupines_-_Semantics,nvidia/canary-1b-v2,hope,66,79.93,80.03,substitution,0.549875075618426,0.9786018133163452,0.557407982647419,2346.252729620884,0.5924619138240814
Forkupines_-_Semantics,nvidia/canary-1b-v2,how,67,80.03,82.35,correct,0.4875831024631137,1.0893623492410105,0.6534450803432734,2492.124859625367,0.48579629005924346
Forkupines_-_Semantics,nvidia/canary-1b-v2,could,68,87.32,87.58,correct,0.5019197054207325,0.5465128731780818,1.0231144321816308,2949.2219858039985,0.6125659633960042
Forkupines_-_Semantics,nvidia/canary-1b-v2,you,69,87.58,88.04,substitution,0.5813436481356621,0.6988497236371041,0.8471822667121888,2895.005463573406,0.5627703166007996
Forkupines_-_Semantics,nvidia/canary-1b-v2,say,70,88.04,89.02,substitution,0.4964268583242061,0.7363665702770341,0.8177300050573529,2741.817065711053,0.5801358582838526
Forkupines_-_Semantics,nvidia/canary-1b-v2,that,71,90.55,90.85,substitution,0.5195395734274026,0.7438415571144132,2.923034111658732,2878.205051789154,0.6682067495403867
Forkupines_-_Semantics,nvidia/canary-1b-v2,everyone,72,90.85,91.45,substitution,0.527334319628202,0.877720215687385,0.6572334101566901,2854.80251280126,0.6648294219603905
Forkupines_-_Semantics,nvidia/canary-1b-v2,needs,73,91.45,92.15,substitution,0.3906853069600306,0.5090847352617666,2.1218538029413474,3248.210752585091,0.7044390275290138
Forkupines_-_Semantics,nvidia/canary-1b-v2,to,74,93.82,93.92,correct,0.2795964004471898,0.29591609071940184,1.0804852296908696,3610.933355758567,0.7279287725687027
Forkupines_-_Semantics,nvidia/canary-1b-v2,swing,75,93.92,94.31,correct,0.4367643218664896,0.7197594912279219,0.6409872734830493,3033.4442636436165,0.576889197741236
Forkupines_-_Semantics,nvidia/canary-1b-v2,and,76,94.31,94.55,substitution,0.3774937998365473,0.5792164791513372,0.7176581919193268,3058.616040271005,0.6021016703711616
Forkupines_-_Semantics,nvidia/canary-1b-v2,sway,77,94.55,95.92,substitution,0.4690598706100263,0.8560935202099028,0.5944508612155914,2653.998987892727,0.5926747662680489
Forkupines_-_Semantics,nvidia/canary-1b-v2,like,78,96.62,97.09,correct,0.45795662555040095,0.7992673160544798,0.8487274325361439,3066.879639593515,0.6594378667719224
Forkupines_-_Semantics,nvidia/canary-1b-v2,you,79,97.09,97.44,correct,0.5158785824712954,0.9313711524009705,0.5825181211295881,3021.063702183391,0.6882932452779067
Forkupines_-_Semantics,nvidia/canary-1b-v2,do,80,97.44,98.16,correct,0.4852132751391484,0.6613090441872677,1.0304737561024153,2888.8379243290383,0.6660973467887976
Forkupines_-_Semantics,nvidia/canary-1b-v2,abysmal,81,103.63,104.31,correct,0.3494503777977583,0.6646105624936722,1.2785395190522477,2901.2754126161035,0.6218778209106343
Forkupines_-_Semantics,nvidia/canary-1b-v2,skin,82,104.31,104.86,correct,0.40019192496935524,0.8311139145245154,0.5497054651379585,2977.587073717991,0.5492268150051435
Forkupines_-_Semantics,nvidia/canary-1b-v2,coming,83,104.86,105.04,substitution,0.15747087709605695,0.2381624449044466,0.7574070677161217,2261.8601908728306,0.4496976837515831
Forkupines_-_Semantics,nvidia/canary-1b-v2,undone,84,105.23,106.38,correct,0.41184784135510843,0.8325986310449098,0.5959740519042938,3031.2830637822008,0.532869509150905
Forkupines_-_Semantics,nvidia/canary-1b-v2,this,85,106.38,106.5,correct,0.20609227461474283,0.33618781715631485,0.7790907110486712,3207.631314548318,0.6639932649476188
Forkupines_-_Semantics,nvidia/canary-1b-v2,life,86,106.5,107.24,correct,0.2835439119157912,0.6533444051312495,0.7105680345734463,2779.792420539865,0.5683482677876195
Forkupines_-_Semantics,nvidia/canary-1b-v2,is,87,107.64,107.84,substitution,0.2085420103235678,0.37844956158237025,0.6469026858156378,3574.4582162953348,0.6772518618540331
Forkupines_-_Semantics,nvidia/canary-1b-v2,worth,88,107.84,108.11,substitution,0.3745587706565857,1.1466940683623155,0.41617459456125894,2852.779005542985,0.580549826224645
Forkupines_-_Semantics,nvidia/canary-1b-v2,a,89,108.28,108.31,correct,0.2664291650056839,0.5792244166135788,0.6487547039985657,2738.97508072747,0.6048246860504151
Forkupines_-_Semantics,nvidia/canary-1b-v2,living,90,108.31,108.7,substitution,0.3417148231750443,0.8196084045228504,0.4729106933588073,3164.465248119995,0.6573738739604041
Forkupines_-_Semantics,nvidia/canary-1b-v2,after,91,108.7,109.57,substitution,0.401280680393919,1.0094669748176919,0.5245249008244657,2983.7980371417425,0.6272448510565656
Forkupines_-_Semantics,nvidia/canary-1b-v2,all,92,109.57,109.66,correct,0.5477987013079904,1.2290025841106067,0.4456021650270982,2890.565640923425,0.5719021721319719
Forkupines_-_Semantics,nvidia/canary-1b-v2,you,93,109.66,110.08,correct,0.4514928897221883,0.8554279221428766,0.6910330520735847,2745.5912620451427,0.5174960381454892
Forkupines_-_Semantics,nvidia/canary-1b-v2,can't,94,111.04,113.97,substitution,0.37551636186937176,0.9873403042031172,0.4983339322070344,2808.057598952871,0.5130308870309458
Forkupines_-_Semantics,nvidia/canary-1b-v2,clean,95,116.76,117.03,correct,0.14676674989362556,0.14712505931966008,1.4680986762046815,2598.0719518437663,0.5826678156852723
Forkupines_-_Semantics,nvidia/canary-1b-v2,anything,96,117.23,118.3,correct,0.3675419085699579,0.6808692718329636,1.0035271916700446,2594.5143886509018,0.47691464579623677
Forkupines_-_Semantics,nvidia/canary-1b-v2,up,97,118.33,119.49,correct,0.37031420147418975,0.8608167373538017,0.5842067297697068,2930.8929538846755,0.5629074482917785
Forkupines_-_Semantics,nvidia/canary-1b-v2,without,98,120.19,120.83,substitution,0.31932912335015723,0.6453189491361812,1.0486914891263712,2715.2782962328697,0.6000041750030242
Forkupines_-_Semantics,nvidia/canary-1b-v2,messing,99,120.83,121.23,correct,0.3269781063903462,0.755245297469876,0.6126638542522084,2846.571477284694,0.5870624591003765
Forkupines_-_Semantics,nvidia/canary-1b-v2,up,100,121.23,121.56,substitution,0.34411602632866967,0.8348692684537835,0.4685571301314566,3102.737678704621,0.6501775979995728
Forkupines_-_Semantics,nvidia/canary-1b-v2,something,101,121.56,122.03,correct,0.3060850875050414,0.6646659017777911,0.6738462833797231,3150.756802499058,0.6520378122142717
Forkupines_-_Semantics,nvidia/canary-1b-v2,else,102,122.03,123.1,correct,0.38507749250401624,0.8002182694880858,0.6403835879719776,3014.835823569974,0.567258437042651
Forkupines_-_Semantics,nvidia/canary-1b-v2,but,103,123.82,124.1,substitution,0.36360265590971513,0.9769015317602504,0.4868847987344188,2632.5555495444582,0.5392344353660461
Forkupines_-_Semantics,nvidia/canary-1b-v2,everything's,104,124.1,124.9,correct,0.3659025317187919,0.7032884572481,0.5822693833778071,2754.1524588697594,0.5518394403679426
Forkupines_-_Semantics,nvidia/canary-1b-v2,worth,105,124.9,125.53,correct,0.3716752654051079,0.813457498436465,0.5509971520479988,2911.2339001373557,0.5981324547353912
Forkupines_-_Semantics,nvidia/canary-1b-v2,a,106,125.53,125.56,substitution,0.3505904972553253,0.7278280973434448,0.4929016351699829,3129.4073727574846,0.6705416560173034
Forkupines_-_Semantics,nvidia/canary-1b-v2,try,107,125.56,127.22,correct,0.39409065150310485,0.9373850728688615,0.7132262536481525,2710.8008779909514,0.5630497922388356
Forkupines_-_Semantics,nvidia/canary-1b-v2,she,108,129.52,130.45,correct,0.3687411023676395,0.7919260790571571,0.6820774734020233,2802.953206666115,0.5084546461701394
Forkupines_-_Semantics,nvidia/canary-1b-v2,gets,109,130.45,131.37,substitution,0.4136213234277687,0.7551565303495436,0.7017061237734977,2494.6935312087144,0.526171910943407
Forkupines_-_Semantics,nvidia/canary-1b-v2,me,110,131.37,132.07,correct,0.4493288370339494,0.8099888347481426,0.5590813857944388,2401.7758904316192,0.4915979967305535
Forkupines_-_Semantics,nvidia/canary-1b-v2,high,111,132.07,135.23,substitution,0.5009424074514378,1.0462504187764148,0.5208414554948637,2323.388992964088,0.452551420755993
Forkupines_-_Semantics,nvidia/canary-1b-v2,how,112,135.86,136.02,correct,0.21535805778370964,0.39806381944153046,0.4921450267235438,1026.871781555766,0.2572027769767576
Forkupines_-_Semantics,nvidia/canary-1b-v2,could,113,136.08,136.39,correct,0.17543338765116298,0.5076377417015678,0.5028780269272187,1406.872098254162,0.3041797801852226
Forkupines_-_Semantics,nvidia/canary-1b-v2,you,114,136.39,136.56,substitution,0.058364976001413243,0.6080437851579565,0.12485634957097079,1521.8273647331828,0.3593413249442452
Forkupines_-_Semantics,nvidia/canary-1b-v2,say,115,136.56,137.31,correct,0.13132107858028677,0.5261140202206595,0.31868521786398357,1419.679013186902,0.3163745853084105
Forkupines_-_Semantics,nvidia/canary-1b-v2,that,116,139.18,139.45,correct,0.17205898563067118,0.4747394070029259,0.4119636903206507,1178.1377556435789,0.2813390091061592
Forkupines_-_Semantics,nvidia/canary-1b-v2,everyone,117,139.45,140.07,substitution,0.21592100187024074,0.6791785946532861,0.3349075208404171,989.2937422534318,0.22282351041907694
Forkupines_-_Semantics,nvidia/canary-1b-v2,needs,118,140.07,140.68,correct,0.20051989526572553,0.27684503146023914,0.7547750075658163,2465.846053002112,0.35760900129874545
Forkupines_-_Semantics,nvidia/canary-1b-v2,to,119,142.42,142.51,correct,0.12035663866183975,0.1680360199375586,0.723632197488438,1767.2755282577607,0.39132873713970184
Forkupines_-_Semantics,nvidia/canary-1b-v2,swing,120,142.51,142.89,substitution,0.1568730338817326,0.6109328646121955,0.26324114621412464,1623.16664478098,0.3609128136460374
Forkupines_-_Semantics,nvidia/canary-1b-v2,and,121,142.89,143.14,correct,0.09762215381488204,0.5688982592629535,0.20720461982169322,1485.650624183556,0.30697211250662804
Forkupines_-_Semantics,nvidia/canary-1b-v2,sway,122,143.14,144.18,substitution,0.13226573545086598,0.4683043448520558,0.31295802078342866,1375.9011617594758,0.28734060044267346
Forkupines_-_Semantics,nvidia/canary-1b-v2,like,123,145.31,145.73,correct,0.10391955077648163,0.3543567812151235,0.4593738565302413,1451.1532626937937,0.2980077083667983
Forkupines_-_Semantics,nvidia/canary-1b-v2,you,124,145.73,146.06,correct,0.2694799051516586,0.5338617749512196,0.5291564729478624,925.2221679620493,0.1772258652167188
Forkupines_-_Semantics,nvidia/canary-1b-v2,do,125,146.06,146.64,substitution,0.1996805766331298,0.33732205052815734,0.6744723490306309,892.2508186900994,0.19476554666956267
Forkupines_-_Semantics,nvidia/canary-1b-v2,how,126,148.79,149.16,correct,0.4047710731989,0.339357651849618,10.579573592034782,2743.4198886635227,0.6476946633036543
Forkupines_-_Semantics,nvidia/canary-1b-v2,could,127,149.16,149.46,correct,0.46693756995779095,0.6560870361599055,0.9403387262965693,3283.30948450733,0.7184161941210429
Forkupines_-_Semantics,nvidia/canary-1b-v2,you,128,149.46,149.68,deletion,0.5958416275680065,0.9722684274117152,0.6911364483336607,3114.7970555160023,0.6923615808288256
Forkupines_-_Semantics,nvidia/canary-1b-v2,say,129,149.68,150.84,deletion,0.5243916997909546,0.6192444103360176,2.6794247803688047,3075.6814337150604,0.6686629519462586
Forkupines_-_Semantics,nvidia/canary-1b-v2,that,130,152.17,152.43,deletion,0.5586416300000816,0.9034845328022694,0.7958180256958666,2675.2484813117376,0.6191302229618204
Forkupines_-_Semantics,nvidia/canary-1b-v2,everyone,131,152.43,153.04,deletion,0.5962971083142541,1.0266454608151407,0.5982541956684806,2540.653036132321,0.5523056956854734
Forkupines_-_Semantics,nvidia/canary-1b-v2,needs,132,153.04,153.74,unknown,0.36821803331375125,0.6346905453503132,0.9709914982318878,3110.4730414372902,0.6391296851634979
Forkupines_-_Semantics,nvidia/canary-1b-v2,to,133,155.42,155.56,unknown,0.4239422660320997,0.37371627683751285,1.3705914542078972,3227.175260049313,0.7197712287306786
Forkupines_-_Semantics,nvidia/canary-1b-v2,swing,134,155.56,155.89,unknown,0.4205506021777789,0.6498851925134659,0.8059752475884225,3038.1672170261454,0.6733774261342155
Forkupines_-_Semantics,nvidia/canary-1b-v2,and,135,155.89,156.14,unknown,0.45533732021296464,0.6829923512759032,0.8235059645440843,3085.1226875588054,0.6734925089059053
Forkupines_-_Semantics,nvidia/canary-1b-v2,sway,136,156.14,157.58,unknown,0.5590775949339712,0.9390659787001149,0.623905231875758,2759.6863042623854,0.646783616850453
Forkupines_-_Semantics,nvidia/canary-1b-v2,like,137,158.22,158.71,unknown,0.48197876158411856,0.7601448379939905,0.7839661991154706,2668.092846874556,0.587927645555249
Forkupines_-_Semantics,nvidia/canary-1b-v2,you,138,158.71,159.07,unknown,0.6886539000731248,1.000007724150633,0.7054469172771161,2755.758794812884,0.6105626897934155
Forkupines_-_Semantics,nvidia/canary-1b-v2,do,139,159.07,159.83,unknown,0.4330148925868476,0.7324193538416449,0.8896886350178137,3031.73196518023,0.6767920517339939
Forkupines_-_Semantics,nvidia/canary-1b-v2,how,140,161.89,162.15,unknown,0.4213290720113686,0.4165733921275075,2.217292455690248,3112.034803023654,0.6989861301013401
Forkupines_-_Semantics,nvidia/canary-1b-v2,could,141,162.15,162.44,unknown,0.4619647366926074,0.6586512518115342,0.9443468041718006,3255.461746836777,0.7047925852239132
Forkupines_-_Semantics,nvidia/canary-1b-v2,you,142,162.44,162.66,unknown,0.5314114665985108,0.9170570254325867,0.6144574451446533,3233.9591618815875,0.7141936945915223
Forkupines_-_Semantics,nvidia/canary-1b-v2,say,143,162.66,163.73,unknown,0.4186655684657719,0.7063772482392581,0.8870353667632394,2854.0891205442367,0.6528209986894027
Forkupines_-_Semantics,nvidia/canary-1b-v2,that,144,165.09,165.4,unknown,0.30029946839546456,0.5542685625636402,40.5204683235463,3354.775823523637,0.6447478041929358
Forkupines_-_Semantics,nvidia/canary-1b-v2,everyone,145,165.4,166.06,unknown,0.5091535486280918,0.9676790249844393,0.5448249367376169,2673.10256288951,0.64017643696732
Forkupines_-_Semantics,nvidia/canary-1b-v2,needs,146,166.06,166.79,unknown,0.43853242638019413,0.551186258594195,1.756762797633807,3012.3449940332143,0.6512298221007372
Forkupines_-_Semantics,nvidia/canary-1b-v2,to,147,168.34,168.55,unknown,0.2793198687874753,0.23764407306652688,107.39144374754117,3498.2124936230493,0.745296835899353
Forkupines_-_Semantics,nvidia/canary-1b-v2,swing,148,168.55,168.85,unknown,0.4035397208098209,0.5991932406569972,0.781397563941551,3234.377396411667,0.7101758700428586
Forkupines_-_Semantics,nvidia/canary-1b-v2,and,149,168.85,169.18,unknown,0.4914199511210124,0.6749960200654136,0.782549551791615,3033.6053458703923,0.6807925088538064
Forkupines_-_Semantics,nvidia/canary-1b-v2,sway,150,169.18,170.62,unknown,0.6042948323872781,0.9244080083024118,0.7127661795385423,2534.960648056384,0.5739046031428922
Forkupines_-_Semantics,nvidia/canary-1b-v2,like,151,171.27,171.74,unknown,0.4559128018570881,0.7846253128612742,0.641129763102999,2999.3135172360876,0.6762284437815348
Forkupines_-_Semantics,nvidia/canary-1b-v2,you,152,171.74,172.1,unknown,0.5101041488349438,1.017363153770566,0.5522337466478348,2993.043240134399,0.6933843821287156
Forkupines_-_Semantics,nvidia/canary-1b-v2,do,153,172.1,172.91,unknown,0.410852978027415,0.7553613533148136,0.9824349051234366,3018.0556459415257,0.700221812588045
Forkupines_-_Semantics,nvidia/canary-1b-v2,how,154,264.39,264.75,unknown,0.34763285107910635,0.5252848908305168,0.7521185904741288,2327.5649550159733,0.5389900095760822
Forkupines_-_Semantics,nvidia/canary-1b-v2,could,155,264.75,265.2,unknown,0.24998184681242827,0.3153010178737494,0.9220556209281999,2588.6725986581846,0.5811502276634684
Forkupines_-_Semantics,nvidia/canary-1b-v2,you,156,265.2,265.48,unknown,0.33706201364596683,0.3273229959110419,1.2435442189375558,2668.825571725883,0.6385634263356527
Forkupines_-_Semantics,nvidia/canary-1b-v2,say,157,265.48,267.81,unknown,0.14326980352401733,0.4128465721309185,0.4044735942184925,2359.832576108005,0.4824605634212494
Georgia_Wonder_-_Siren,nvidia/canary-1b-v2,just,0,38.93,39.54,correct,0.3190322911197489,0.5627727686907306,0.8781935459736622,2748.6514036707244,0.6630098422368368
Georgia_Wonder_-_Siren,nvidia/canary-1b-v2,give,1,39.54,40.09,correct,0.30831875031193096,0.8217079085608323,0.49920118153095244,2493.1684446648824,0.6015096614758174
Georgia_Wonder_-_Siren,nvidia/canary-1b-v2,in,2,40.09,40.79,correct,0.3237366650501887,0.6196963664889336,0.8902636043230693,2127.915859082581,0.5069299185276032
Georgia_Wonder_-_Siren,nvidia/canary-1b-v2,there's,3,41.09,41.36,correct,0.21590259199341139,0.5786406479775905,0.7451809262235959,2955.625910427997,0.6021077573299408
Georgia_Wonder_-_Siren,nvidia/canary-1b-v2,no,4,41.36,42.73,correct,0.2862320850495578,0.9812447495606481,0.31636578969809476,2142.2357873916326,0.4837160773423253
Georgia_Wonder_-_Siren,nvidia/canary-1b-v2,getting,5,42.73,42.9,correct,0.18352919667959214,0.600648395717144,0.36406553983688356,2523.275197964568,0.5854429706931115
Georgia_Wonder_-_Siren,nvidia/canary-1b-v2,away,6,42.9,42.99,correct,0.21704279780387878,0.1643739089369774,1.3365053594112397,2213.288104855625,0.5605388939380646
Georgia_Wonder_-_Siren,nvidia/canary-1b-v2,from,7,42.99,43.27,correct,0.23813006185716198,0.7141650953600484,0.4372023925665886,2143.302096413615,0.5173682157070406
Georgia_Wonder_-_Siren,nvidia/canary-1b-v2,me,8,43.27,44.52,substitution,0.12940187154532368,0.42308350125286004,1.9326499955200438,2569.20064275911,0.5860237523690978
Georgia_Wonder_-_Siren,nvidia/canary-1b-v2,such,9,45.94,46.45,correct,0.2085662780837579,0.4076960977844217,0.7492788219993765,3554.2064460330644,0.6663987772031263
Georgia_Wonder_-_Siren,nvidia/canary-1b-v2,a,10,46.45,46.53,correct,0.3575845271348953,0.5517281323671341,0.7001942038536072,3792.846649517835,0.7302631735801697
Georgia_Wonder_-_Siren,nvidia/canary-1b-v2,perfect,11,46.53,49.18,substitution,0.2067764667076694,0.5056336109556073,0.550212768883882,2453.72857292739,0.560550053791528
Georgia_Wonder_-_Siren,nvidia/canary-1b-v2,night,12,49.18,49.55,substitution,0.10240073329428347,0.1306583569725839,1.2230253964662552,3197.889803593084,0.6823820907895158
Georgia_Wonder_-_Siren,nvidia/canary-1b-v2,silent,13,50.17,50.92,correct,0.21381430484262515,0.571252753176255,0.8102651996377074,3024.0667482531303,0.5945933085900766
Georgia_Wonder_-_Siren,nvidia/canary-1b-v2,to,14,50.92,51.66,substitution,0.18963620206341147,0.8088457837700844,0.27263049948960544,2619.4685199163314,0.5829006213694811
Georgia_Wonder_-_Siren,nvidia/canary-1b-v2,my,15,51.66,52.03,correct,0.24443132858723401,0.7550211548805237,0.3316340267658234,2282.835882790582,0.5189541712403297
Georgia_Wonder_-_Siren,nvidia/canary-1b-v2,lies,16,52.03,53.75,substitution,0.17953416672912803,0.4504736898013869,0.6129243652562837,2653.3708183497406,0.5952577502340883
Georgia_Wonder_-_Siren,nvidia/canary-1b-v2,take,17,55.92,56.4,correct,0.35394781089897426,0.4324035746855925,2.1523752662370788,2143.448938563485,0.4786037470934526
Georgia_Wonder_-_Siren,nvidia/canary-1b-v2,my,18,56.4,56.59,correct,0.2639509496234712,0.7129059604236058,0.3827998560099375,2091.399335687204,0.4843552949882689
Georgia_Wonder_-_Siren,nvidia/canary-1b-v2,head,19,56.59,57.82,correct,0.22991820469950186,0.6508525132878937,0.5283802040485721,2346.2485638522044,0.5657396002700834
Georgia_Wonder_-_Siren,nvidia/canary-1b-v2,there's,20,58.07,58.34,correct,0.19267094764730025,0.4312701240695756,0.74225536040191,2930.367530411184,0.6420481081666618
Georgia_Wonder_-_Siren,nvidia/canary-1b-v2,nothing,21,58.34,58.98,correct,0.3195226433021682,0.8046630965811866,0.44244995095900125,2222.2106664887247,0.48680846329246247
Georgia_Wonder_-_Siren,nvidia/canary-1b-v2,you,22,58.98,59.15,correct,0.34406134486198425,0.7850207074692375,0.4696273740969206,1720.7311361066322,0.3685372032617268
Georgia_Wonder_-_Siren,nvidia/canary-1b-v2,can,23,59.15,59.31,substitution,0.31930796802043915,0.7722430220908589,0.5261699226167467,2301.6331522182045,0.5298125942548116
Georgia_Wonder_-_Siren,nvidia/canary-1b-v2,say,24,59.31,59.96,correct,0.4008906792317118,0.9225150612848145,0.45751541214329855,2370.1653353823176,0.4403269061020442
Georgia_Wonder_-_Siren,nvidia/canary-1b-v2,to,25,59.96,60.63,correct,0.24019905659433913,0.839976457904463,0.3059152891374614,1951.7337080789048,0.4581862371670057
Georgia_Wonder_-_Siren,nvidia/canary-1b-v2,me,26,60.63,61.23,correct,0.24724064331788284,0.401597516811811,1.0471683768125681,1952.9775747971119,0.4494366418856841
Georgia_Wonder_-_Siren,nvidia/canary-1b-v2,when,27,63.03,63.46,substitution,0.2858865223032363,0.6412407454261755,0.5612298383357677,2259.836747160788,0.5120905453854419
Georgia_Wonder_-_Siren,nvidia/canary-1b-v2,you,28,63.46,63.57,correct,0.3374765068292618,0.7324130336443583,0.46667445947726566,3938.3781192995157,0.702244813243548
Georgia_Wonder_-_Siren,nvidia/canary-1b-v2,hear,29,63.57,64.41,correct,0.26094785987675845,0.7672528988057441,0.38875434326601555,2403.4980392334132,0.5163185260780565
Georgia_Wonder_-_Siren,nvidia/canary-1b-v2,my,30,64.41,66.38,correct,0.21811161804679446,0.5966477273341039,0.48889405725267826,2059.877806714255,0.44907140661189904
Georgia_Wonder_-_Siren,nvidia/canary-1b-v2,voice,31,66.41,66.94,correct,0.1050718732113982,0.12603057485780325,1.4645377204849803,3614.7191645680805,0.6808096016275471
Georgia_Wonder_-_Siren,nvidia/canary-1b-v2,then,32,67.29,67.65,substitution,0.24123061839491128,0.5067675319878617,2.513715871050954,2316.8972955337313,0.5428801946341991
Georgia_Wonder_-_Siren,nvidia/canary-1b-v2,you,33,67.65,67.83,correct,0.2358797237277031,0.5859785154461861,0.41270363628864287,2984.4224144978434,0.6218176990747452
Georgia_Wonder_-_Siren,nvidia/canary-1b-v2,have,34,67.83,68.74,correct,0.19961653672614876,0.6324789099091169,0.39712260283377704,2411.5072110055376,0.581650627206783
Georgia_Wonder_-_Siren,nvidia/canary-1b-v2,no,35,68.74,69.32,correct,0.20838858459203963,0.4239651851710819,0.5606910986086678,2266.936707551184,0.497939847291462
Georgia_Wonder_-_Siren,nvidia/canary-1b-v2,choice,36,69.32,69.49,correct,0.11681448746668666,0.09723634037532304,1.2478629099695306,2114.966022039983,0.5080455792577643
Georgia_Wonder_-_Siren,nvidia/canary-1b-v2,i'd,37,69.83,72.92,correct,0.2618334428871506,0.7137958562322344,2.369790259399803,2653.9646109145456,0.5848416764390433
Georgia_Wonder_-_Siren,nvidia/canary-1b-v2,cross,38,72.96,73.53,correct,0.3958604535268199,0.7403210021795765,0.6238779526564383,2379.283393993032,0.5541761854002553
Georgia_Wonder_-_Siren,nvidia/canary-1b-v2,my,39,73.53,74.59,substitution,0.3454578556773955,0.7594075529721745,0.5684827541311582,1976.9999828292077,0.47970733726233766
Georgia_Wonder_-_Siren,nvidia/canary-1b-v2,heart,40,74.62,74.95,correct,0.19531536091946894,0.25897084223106503,1.4747543053494558,2576.8670802795823,0.6053151960174242
Georgia_Wonder_-_Siren,nvidia/canary-1b-v2,i,41,74.95,75.02,substitution,0.0930457388361295,0.07371091180377537,1.271646989716424,2312.8257640920774,0.5774882369571261
Georgia_Wonder_-_Siren,nvidia/canary-1b-v2,tell,42,75.02,75.65,correct,0.3942522969754303,0.8189336307456389,0.5430165099747041,2177.1362505694196,0.5003566483364386
Georgia_Wonder_-_Siren,nvidia/canary-1b-v2,no,43,75.65,75.9,correct,0.5824521237186023,1.0157344277415956,0.5672579844083104,2058.3357381629244,0.4629237172859056
Georgia_Wonder_-_Siren,nvidia/canary-1b-v2,lies,44,75.9,76.64,correct,0.39598020175589793,0.756774974963333,0.554432332138472,2266.448101621828,0.4928723369972615
Georgia_Wonder_-_Siren,nvidia/canary-1b-v2,i,45,76.64,77.0,substitution,0.14770245286636055,0.14098881636746227,1.3632881596684456,2747.23480087627,0.5778817556798458
Georgia_Wonder_-_Siren,nvidia/canary-1b-v2,see,46,77.0,77.77,correct,0.32777423600116407,0.7736772941537651,0.44144587900983284,2855.2989791619048,0.4869665925402239
Georgia_Wonder_-_Siren,nvidia/canary-1b-v2,your,47,77.77,78.13,correct,0.35855638369535786,0.7415629124794251,0.5539613939248599,1960.13037569225,0.4678816088499167
Georgia_Wonder_-_Siren,nvidia/canary-1b-v2,future,48,78.13,78.91,substitution,0.28162787381340476,0.7094978264149497,0.5822971088044784,2200.2613011501335,0.5037744220565347
Georgia_Wonder_-_Siren,nvidia/canary-1b-v2,in,49,78.91,79.85,correct,0.3170044066587297,0.8673395253349059,0.45433183353726225,2065.664237806866,0.49884731757758866
Georgia_Wonder_-_Siren,nvidia/canary-1b-v2,my,50,79.85,80.95,correct,0.3745017429908453,0.7734474543229504,0.6873454397260133,2305.078991724601,0.5420876269118261
Georgia_Wonder_-_Siren,nvidia/canary-1b-v2,eyes,51,81.04,81.11,substitution,0.08470808947458863,0.024735474726185203,3.418527603149414,2031.727316522144,0.5131517164409161
Georgia_Wonder_-_Siren,nvidia/canary-1b-v2,i,52,81.21,81.32,correct,0.42932280554221225,0.6440334767103195,0.7381176375425779,1941.187558687439,0.5110524067511926
Georgia_Wonder_-_Siren,nvidia/canary-1b-v2,promise,53,81.32,82.59,correct,0.31119919661432505,0.664498813176418,0.591273350531564,2172.1141192207238,0.47032715686980414
Georgia_Wonder_-_Siren,nvidia/canary-1b-v2,you,54,82.59,83.23,correct,0.23336229997052663,0.30581201940936886,1.9319450630657915,1682.417419026017,0.37768280700497003
Georgia_Wonder_-_Siren,nvidia/canary-1b-v2,a,55,83.29,83.44,correct,0.41260168087833066,0.70289107280619,0.6048542909762439,2005.3219596822032,0.5131319042514352
Georgia_Wonder_-_Siren,nvidia/canary-1b-v2,love,56,83.44,83.97,correct,0.33014428693997233,0.7725773490311807,0.4761348413793664,1878.6748496513999,0.45397513634280157
Georgia_Wonder_-_Siren,nvidia/canary-1b-v2,so,57,83.97,84.61,substitution,0.32497882736580713,0.7255945595247405,0.576976481292929,2246.6408321757203,0.5057343253067561
Georgia_Wonder_-_Siren,nvidia/canary-1b-v2,deep,58,84.64,85.37,correct,0.2361894563029084,0.43021478689028114,2.0572899374403533,2180.076412158406,0.49718141800995114
Georgia_Wonder_-_Siren,nvidia/canary-1b-v2,you'll,59,85.4,85.62,correct,0.356006598410507,0.7321342367989322,0.9106900058686733,2073.7756924879827,0.5268172807991505
Georgia_Wonder_-_Siren,nvidia/canary-1b-v2,hear,60,85.62,86.24,correct,0.34287764665795795,0.7599297592889017,0.47450801952561333,1880.704223710925,0.4575273928357594
Georgia_Wonder_-_Siren,nvidia/canary-1b-v2,me,61,86.24,86.67,correct,0.3562440228589038,0.7579602979599162,0.5067281986170626,2035.4612180949496,0.49115783229787296
Georgia_Wonder_-_Siren,nvidia/canary-1b-v2,calling,62,86.67,87.55,correct,0.3042114377806061,0.7831353810272719,0.4818494123847861,2080.077271508342,0.4963341800790084
Georgia_Wonder_-_Siren,nvidia/canary-1b-v2,in,63,87.55,88.28,substitution,0.3880603643535059,0.7983590558737139,0.5151087268243862,2116.133325956408,0.4758224913591071
Georgia_Wonder_-_Siren,nvidia/canary-1b-v2,your,64,88.28,88.78,correct,0.39930752471641257,0.9804193912832825,0.4293357440167003,1999.5379704234224,0.47987699453477506
Georgia_Wonder_-_Siren,nvidia/canary-1b-v2,sleep,65,88.78,89.42,correct,0.5599175670317241,0.6117905549172844,2.352168006556375,2826.414840542885,0.5689653660569872
Georgia_Wonder_-_Siren,nvidia/canary-1b-v2,who,66,89.71,89.99,correct,0.6561141361792883,0.9763573239247004,0.7824049264192581,1759.8059990465424,0.4171558717886607
Georgia_Wonder_-_Siren,nvidia/canary-1b-v2,needs,67,89.99,90.73,correct,0.438100381847471,0.8911299094557762,0.5120576813817024,2011.2228576014127,0.4624167248606682
Georgia_Wonder_-_Siren,nvidia/canary-1b-v2,to,68,90.73,90.92,correct,0.33212734962051566,0.76194378124042,0.5059714032845064,2512.0278383254936,0.6148720139806921
Georgia_Wonder_-_Siren,nvidia/canary-1b-v2,breathe,69,90.92,91.5,substitution,0.36655770242214203,0.7893641924574262,0.561413239865076,1684.8488794091231,0.4034111149727352
Georgia_Wonder_-_Siren,nvidia/canary-1b-v2,the,70,91.82,92.12,correct,0.5124516234253392,1.0944707797783795,0.8703411212473204,1976.4337513632272,0.4901277016509663
Georgia_Wonder_-_Siren,nvidia/canary-1b-v2,air,71,92.12,93.03,correct,0.39770451446576993,0.9362567559796937,0.43650738332344563,1977.8294737460162,0.48394840742860523
Georgia_Wonder_-_Siren,nvidia/canary-1b-v2,above,72,93.03,93.82,correct,0.2735808832680478,0.4546403167440611,0.9455133974552155,2036.2565616151253,0.4580048462923835
Georgia_Wonder_-_Siren,nvidia/canary-1b-v2,when,73,93.92,94.23,correct,0.49773014994228587,0.6525646265705719,0.943815257619409,1650.638542154124,0.3714432356988682
Georgia_Wonder_-_Siren,nvidia/canary-1b-v2,we're,74,94.23,94.69,correct,0.44202470511198044,0.9311192265152931,0.5200055372714997,1914.8601467717465,0.4296836078166962
Georgia_Wonder_-_Siren,nvidia/canary-1b-v2,both,75,94.69,95.24,substitution,0.3245599153688398,0.5951630003371481,0.6442656451362675,1873.9359630066383,0.4373429647441638
Georgia_Wonder_-_Siren,nvidia/canary-1b-v2,drowning,76,95.24,95.94,correct,0.36708289551499645,0.8488946894281789,0.4970105088462955,2018.5936112966592,0.46939456619714437
Georgia_Wonder_-_Siren,nvidia/canary-1b-v2,in,77,95.94,96.8,correct,0.3118404331066275,0.8952356990306608,0.3754656850009836,2065.7972940516747,0.5040754406682907
Georgia_Wonder_-_Siren,nvidia/canary-1b-v2,my,78,96.8,97.25,correct,0.3431470610049306,0.9995844984541133,0.4034372479939947,2076.161702986535,0.5224336811474392
Georgia_Wonder_-_Siren,nvidia/canary-1b-v2,love,79,97.25,97.92,correct,0.3769778847280476,0.5988450326128967,0.8386754459804959,2183.0104880085273,0.5133403506543901
Georgia_Wonder_-_Siren,nvidia/canary-1b-v2,the,80,98.18,98.29,substitution,0.3379422248556064,0.4498362306935283,2.489908504944581,2382.5911929877316,0.5947808806712811
Georgia_Wonder_-_Siren,nvidia/canary-1b-v2,tides,81,98.29,99.0,substitution,0.2965807430929952,0.5957935913042589,0.614897607402368,2174.9530205675956,0.4891530225029239
Georgia_Wonder_-_Siren,nvidia/canary-1b-v2,have,82,99.0,99.46,substitution,0.33574036687612535,0.57868208296597,0.7094831717014313,1852.516590145869,0.44447084575891493
Georgia_Wonder_-_Siren,nvidia/canary-1b-v2,turned,83,99.46,100.09,substitution,0.3131463864051244,0.42955371447126656,0.9887499024762827,2189.6676067267945,0.49047975943369027
Georgia_Wonder_-_Siren,nvidia/canary-1b-v2,don't,84,100.3,100.57,substitution,0.3290352719525496,0.50633223267893,0.9436564087867737,1676.43432128953,0.41745514074961343
Georgia_Wonder_-_Siren,nvidia/canary-1b-v2,be,85,100.57,101.11,substitution,0.31195141122502795,0.9696075269731425,0.3903079532970816,2321.549427197302,0.5218986767833516
Georgia_Wonder_-_Siren,nvidia/canary-1b-v2,afraid,86,101.11,102.26,deletion,0.2926131982992335,0.5788369502993377,0.9341602986905633,2209.6128083629364,0.5259202224452321
Georgia_Wonder_-_Siren,nvidia/canary-1b-v2,you're,87,102.38,102.6,deletion,0.31483847135677934,0.6025684300499657,0.7179676418503126,2214.179993190945,0.5539910880227884
Georgia_Wonder_-_Siren,nvidia/canary-1b-v2,not,88,102.6,103.26,correct,0.30416616352481973,0.756387005870541,0.5784478133751286,2054.021490480687,0.45949842366907334
Georgia_Wonder_-_Siren,nvidia/canary-1b-v2,the,89,103.26,103.69,substitution,0.3453800767026049,0.8011938323999973,0.49160193319016315,2239.2300937735013,0.4891583152273868
Georgia_Wonder_-_Siren,nvidia/canary-1b-v2,only,90,103.69,104.65,substitution,0.41855712654521166,0.8256326433524345,0.5148058556815953,1838.606070239347,0.4257315238123959
Georgia_Wonder_-_Siren,nvidia/canary-1b-v2,soul,91,104.65,105.39,substitution,0.27465363601222637,0.7013947112485767,0.4348751654848456,2311.5823236816404,0.5141141008585691
Georgia_Wonder_-_Siren,nvidia/canary-1b-v2,i've,92,105.39,105.77,substitution,0.47878466830367133,0.7973602069985299,0.6460756900764647,1946.8185514375468,0.43378033737341565
Georgia_Wonder_-_Siren,nvidia/canary-1b-v2,saved,93,105.77,106.28,substitution,0.5197013708678159,0.6747326758774844,0.7743922406976873,2977.473219803476,0.6387243341315877
Georgia_Wonder_-_Siren,nvidia/canary-1b-v2,come,94,106.28,110.3,substitution,0.3800725965305816,0.6101791907881582,0.6342559859503147,1910.280762008837,0.4701167514850927
Georgia_Wonder_-_Siren,nvidia/canary-1b-v2,to,95,110.3,110.36,substitution,0.34490397572517395,1.1303027527672904,0.34676741702216013,2001.8273527730355,0.5386016539164952
Georgia_Wonder_-_Siren,nvidia/canary-1b-v2,me,96,110.36,110.42,substitution,0.588487520813942,1.3146881461143494,0.45590926334261894,1962.4536618980005,0.5183117426931858
Georgia_Wonder_-_Siren,nvidia/canary-1b-v2,come,97,110.42,112.27,correct,0.5157789940183813,0.9098096575700876,0.5792387260331048,1736.1082870806165,0.39530674548763217
Georgia_Wonder_-_Siren,nvidia/canary-1b-v2,to,98,112.27,112.41,substitution,0.5567747503519058,0.9226932898163795,0.6024149637669325,1885.2217456846465,0.4330881703644991
Georgia_Wonder_-_Siren,nvidia/canary-1b-v2,me,99,112.41,112.47,substitution,0.5124184702123914,0.7619804058756147,0.6754368032727923,1695.9180648901681,0.3822079769202641
Georgia_Wonder_-_Siren,nvidia/canary-1b-v2,help,100,112.47,112.99,deletion,0.3292068938414256,0.7511369541548846,0.4590728727349064,2065.705678122681,0.47677175779091685
Georgia_Wonder_-_Siren,nvidia/canary-1b-v2,me,101,112.99,113.05,deletion,0.17350307532719203,0.23985511703150614,0.7430810928344727,2872.01623027565,0.6966500452586583
Georgia_Wonder_-_Siren,nvidia/canary-1b-v2,to,102,113.05,113.17,deletion,0.29391140384333475,0.7773231012480599,0.4624748687658991,2576.121628835059,0.6418562744344983
Georgia_Wonder_-_Siren,nvidia/canary-1b-v2,love,103,113.17,118.83,deletion,0.3936678693067929,0.6339604526019293,0.6628868315584403,1829.1447304221506,0.4211373314877187
Georgia_Wonder_-_Siren,nvidia/canary-1b-v2,you,104,118.83,118.9,deletion,0.5498379915952682,1.3078417778015137,0.4285082723945379,1655.897159393122,0.4481278359889984
Georgia_Wonder_-_Siren,nvidia/canary-1b-v2,come,105,118.9,120.04,deletion,0.4211521359478555,0.8819924675352205,0.4843939600921259,1813.8960224976404,0.4478581654347055
Georgia_Wonder_-_Siren,nvidia/canary-1b-v2,to,106,120.04,120.18,correct,0.3887835033237934,0.8816959485411644,0.4674959033727646,1519.1636541029598,0.350170761346817
Georgia_Wonder_-_Siren,nvidia/canary-1b-v2,me,107,120.18,120.24,substitution,0.36259839790208,0.8064975397927421,0.45299642426627024,1888.3246141403372,0.466744418655123
Georgia_Wonder_-_Siren,nvidia/canary-1b-v2,come,108,120.24,120.76,substitution,0.3326220820870316,0.9079976991603249,0.39329069591405097,1817.665979382337,0.44820354905044824
Georgia_Wonder_-_Siren,nvidia/canary-1b-v2,to,109,120.76,120.91,deletion,0.2898692611385794,0.9091842770576477,0.32020650979350596,2448.466031271553,0.5733108906184926
Georgia_Wonder_-_Siren,nvidia/canary-1b-v2,me,110,120.91,120.97,deletion,0.1920460249696459,0.7652512959071568,0.25014505854674746,2208.0958729824697,0.540910929441452
Georgia_Wonder_-_Siren,nvidia/canary-1b-v2,help,111,120.97,121.49,deletion,0.3037052197115762,0.754182242123144,0.4241631616439138,2028.8641386807938,0.4822988941201142
Georgia_Wonder_-_Siren,nvidia/canary-1b-v2,me,112,121.49,121.55,deletion,0.20513441786170006,0.2538304775953293,0.814713828265667,2609.546728353515,0.6490681618452072
Georgia_Wonder_-_Siren,nvidia/canary-1b-v2,to,113,121.55,121.67,deletion,0.4221029430627823,0.8180103003978729,0.569311760365963,2306.0700975977556,0.5660496928862163
Georgia_Wonder_-_Siren,nvidia/canary-1b-v2,love,114,121.67,127.27,deletion,0.3668047540064241,0.6466995967072388,0.5841144729517774,1873.3626505414481,0.4318487185449106
Georgia_Wonder_-_Siren,nvidia/canary-1b-v2,you,115,127.27,127.33,correct,0.33527545418058124,0.774867308991296,0.5114375139985766,2190.10253416533,0.5656645894050598
Georgia_Wonder_-_Siren,nvidia/canary-1b-v2,come,116,127.33,127.51,substitution,0.6300222632430849,1.1765225103923254,0.5510505750065758,1875.4171261288177,0.44942785018966314
Georgia_Wonder_-_Siren,nvidia/canary-1b-v2,to,117,127.51,127.59,substitution,0.5728584825992584,0.9349582261509366,0.6146777603361342,1660.3759519851274,0.3577379319402907
Georgia_Wonder_-_Siren,nvidia/canary-1b-v2,me,118,127.59,127.65,deletion,0.4910821355879307,0.7670420929789543,0.6515575274825096,1733.5914631843773,0.3564452826976776
Georgia_Wonder_-_Siren,nvidia/canary-1b-v2,come,119,127.65,129.26,deletion,0.48794248266968615,0.8928596320193868,0.5618133082292801,1722.20631305016,0.3885784046074679
Georgia_Wonder_-_Siren,nvidia/canary-1b-v2,to,120,129.26,129.4,correct,0.5165808368474245,0.913540668785572,0.5647843051701784,1905.8065862849817,0.42594082839787006
Georgia_Wonder_-_Siren,nvidia/canary-1b-v2,me,121,129.4,129.46,correct,0.3538113534450531,0.774368442595005,0.4559865705668926,1973.1304454377419,0.42336011677980423
Georgia_Wonder_-_Siren,nvidia/canary-1b-v2,help,122,129.46,130.0,correct,0.3447391550088751,0.736378957228414,0.508894177346394,2028.3313881276647,0.4565623921566996
Georgia_Wonder_-_Siren,nvidia/canary-1b-v2,me,123,130.0,130.06,substitution,0.2552933171391487,0.3047628104686737,0.8530310541391373,3596.9132912713376,0.7871870398521423
Georgia_Wonder_-_Siren,nvidia/canary-1b-v2,to,124,130.06,130.17,correct,0.35896724089980125,0.8848819484313329,0.4274044471482436,2149.175229589305,0.5345845570166906
Georgia_Wonder_-_Siren,nvidia/canary-1b-v2,love,125,130.17,135.61,correct,0.3772145133606347,0.6328911458708576,0.6347464718615886,1837.8460515589422,0.4282367720534302
Georgia_Wonder_-_Siren,nvidia/canary-1b-v2,you,126,135.61,135.69,correct,0.3744717902607388,0.5392996569474539,0.69478354189131,1969.668770543561,0.47027211056815255
Georgia_Wonder_-_Siren,nvidia/canary-1b-v2,come,127,135.69,135.79,correct,0.33848121762275696,0.48390377312898636,0.7019510517517725,1700.2266607482009,0.42129796743392944
Georgia_Wonder_-_Siren,nvidia/canary-1b-v2,to,128,135.79,136.06,substitution,0.672675817211469,1.092696487903595,0.6256201088428497,1799.2466310988618,0.44039923548698423
Georgia_Wonder_-_Siren,nvidia/canary-1b-v2,me,129,136.06,136.12,correct,0.4829249680042267,0.8102993709700448,0.5998056105204991,1576.8726795723835,0.3350662461348942
Georgia_Wonder_-_Siren,nvidia/canary-1b-v2,come,130,136.12,137.75,correct,0.3645671561786107,0.8704417875834873,0.43501934281417304,1825.9981478045536,0.4452921793290547
Georgia_Wonder_-_Siren,nvidia/canary-1b-v2,to,131,137.75,137.9,correct,0.2678644885035122,0.9085046438609853,0.30037302129408894,2344.6606641123194,0.5393355944577385
Georgia_Wonder_-_Siren,nvidia/canary-1b-v2,me,132,137.9,137.96,substitution,0.2103523931332997,0.7765629036085946,0.27042938130242483,2327.486902055923,0.5538904539176396
Georgia_Wonder_-_Siren,nvidia/canary-1b-v2,help,133,137.96,138.48,correct,0.30678901991300417,0.7470739112611402,0.4368994638585208,1994.0314237628781,0.47430720141059474
Georgia_Wonder_-_Siren,nvidia/canary-1b-v2,me,134,138.48,138.54,correct,0.19263022712298802,0.2472660094499588,0.781511800629752,3081.6592259621893,0.7315257447106498
Georgia_Wonder_-_Siren,nvidia/canary-1b-v2,to,135,138.54,138.66,substitution,0.44370581209659576,0.7970116840941566,0.6412570476531982,2182.0466086342135,0.5400941967964172
Georgia_Wonder_-_Siren,nvidia/canary-1b-v2,love,136,138.66,140.41,correct,0.3671549039080422,0.713908469760196,0.5581857765767169,2127.4250657394514,0.4680476765683357
Georgia_Wonder_-_Siren,nvidia/canary-1b-v2,you,137,140.41,140.47,substitution,0.1069507332784789,0.033501606700675826,5.869460957390921,3990.9901052511887,0.7227955630847386
Georgia_Wonder_-_Siren,nvidia/canary-1b-v2,close,138,140.84,141.51,substitution,0.3018088446904535,0.4291679061190161,2.116730118451053,2425.402824636527,0.47053759963545083
Georgia_Wonder_-_Siren,nvidia/canary-1b-v2,your,139,141.51,141.89,correct,0.17759182740275453,0.5892024003877873,0.3059720724094205,2578.83059875684,0.5939746142887488
Georgia_Wonder_-_Siren,nvidia/canary-1b-v2,eyes,140,141.89,142.78,substitution,0.19822129335564873,0.466918552837645,0.512394603031377,2748.13055318405,0.6041520774985353
Georgia_Wonder_-_Siren,nvidia/canary-1b-v2,the,141,143.04,143.2,correct,0.19438575622108248,0.27473431297888357,1.6666375514533784,3050.9257981318265,0.6750200490156809
Georgia_Wonder_-_Siren,nvidia/canary-1b-v2,tide'll,142,143.2,143.86,correct,0.19852150210903752,0.5366643968348702,0.5763972339530786,2696.223062486477,0.5980787856711282
Georgia_Wonder_-_Siren,nvidia/canary-1b-v2,bring,143,143.86,144.17,substitution,0.25445958314573064,0.5755950755932752,0.4750930850996691,2558.620728349678,0.5764763460439795
Georgia_Wonder_-_Siren,nvidia/canary-1b-v2,you,144,144.17,145.09,correct,0.22223319933570998,0.6325006394675283,0.3729167325478612,2364.7575536572213,0.5278801589903205
Georgia_Wonder_-_Siren,nvidia/canary-1b-v2,here,145,145.09,146.25,correct,0.16061752587556838,0.3591339023113251,0.5857992037534714,2341.6853508999357,0.5310510220527649
Georgia_Wonder_-_Siren,nvidia/canary-1b-v2,with,146,147.95,148.28,substitution,0.18879480965228546,0.3341904980285714,0.823513833185037,2388.0859039672905,0.5296829458740022
Georgia_Wonder_-_Siren,nvidia/canary-1b-v2,me,147,148.28,148.34,substitution,0.09353565637554441,0.10929276900632041,0.9010005508150373,1939.7774566566018,0.4634444500718798
Georgia_Wonder_-_Siren,nvidia/canary-1b-v2,we,148,148.34,148.4,substitution,0.19537918828427792,0.1496066926047206,1.2194888070225716,3307.776994573542,0.7297108247876167
Georgia_Wonder_-_Siren,nvidia/canary-1b-v2,can,149,148.4,148.71,substitution,0.24363006037824295,0.593357681789819,0.44097133988843246,3739.9936526538654,0.6344713638810551
Georgia_Wonder_-_Siren,nvidia/canary-1b-v2,be,150,148.71,149.34,substitution,0.23314514044014847,0.7568634367164444,0.33118970933205943,2295.377871412992,0.5043455647195086
Georgia_Wonder_-_Siren,nvidia/canary-1b-v2,so,151,149.34,150.09,deletion,0.2647589063386858,0.6156670388616161,0.47457139488355615,2419.9631018838136,0.46903111242953643
Georgia_Wonder_-_Siren,nvidia/canary-1b-v2,calm,152,150.09,151.37,correct,0.17103791873956073,0.28424850901912735,1.3019812996836677,2226.3939821658037,0.5040202294138895
Georgia_Wonder_-_Siren,nvidia/canary-1b-v2,sink,153,152.13,152.64,correct,0.26898004148494115,0.3752474148461426,2.4479624704881147,3295.0214252677238,0.5114040453325618
Georgia_Wonder_-_Siren,nvidia/canary-1b-v2,into,154,152.64,153.56,substitution,0.27163751972745165,0.7304671173444902,0.42810930243947287,2165.0816456964476,0.46825429646655764
Georgia_Wonder_-_Siren,nvidia/canary-1b-v2,my,155,153.56,154.09,substitution,0.24113948990044923,0.7473004229109863,0.3462874168722794,1843.9492267999844,0.38421484905070274
Georgia_Wonder_-_Siren,nvidia/canary-1b-v2,arms,156,154.09,155.8,substitution,0.14052011732195244,0.45628689235595404,0.480237604653249,2590.5077061737225,0.5481135469805347
Georgia_Wonder_-_Siren,nvidia/canary-1b-v2,hold,157,157.83,158.51,substitution,0.3560082846104282,0.4916850511137753,0.7283517481529549,1846.4815995224192,0.3941032102663223
Georgia_Wonder_-_Siren,nvidia/canary-1b-v2,on,158,158.51,158.93,correct,0.21574801028422688,0.5792465712065282,0.40836776663427765,2096.037987539299,0.48213748245135596
Georgia_Wonder_-_Siren,nvidia/canary-1b-v2,tight,159,158.93,159.58,substitution,0.25336016437837056,0.6508364464555468,0.45476603997605186,2621.8315344706198,0.5761857220104762
Georgia_Wonder_-_Siren,nvidia/canary-1b-v2,you,160,159.58,159.64,correct,0.14941399451345205,0.2587060574442148,0.6203277967870235,2663.428503752968,0.6427294760942459
Georgia_Wonder_-_Siren,nvidia/canary-1b-v2,only,161,160.08,162.74,correct,0.23363074366475495,0.8037705336972861,0.3121312588820575,2295.6705375215893,0.504971122657749
Georgia_Wonder_-_Siren,nvidia/canary-1b-v2,wanna,162,162.74,162.87,correct,0.2754758020242055,0.6108796735604604,0.45208149353663124,1987.7431075601328,0.44751818577448527
Georgia_Wonder_-_Siren,nvidia/canary-1b-v2,be,163,162.87,163.1,substitution,0.3306318097389661,0.41419288229483825,0.8274523615837097,1500.2654216735777,0.3382028415799141
Georgia_Wonder_-_Siren,nvidia/canary-1b-v2,with,164,163.1,163.19,correct,0.124394229054451,0.1039610505104065,1.2976788222789764,1643.5216094676537,0.3716066747903824
Georgia_Wonder_-_Siren,nvidia/canary-1b-v2,me,165,163.19,163.39,correct,0.1132783468650735,0.05887530776469604,2.008870119633882,2759.8637117136636,0.5866320444189984
Georgia_Wonder_-_Siren,nvidia/canary-1b-v2,on,166,165.07,166.42,substitution,0.268166561887182,0.7460611720537317,0.4758798477978542,2214.2227080411967,0.4768775228796334
Georgia_Wonder_-_Siren,nvidia/canary-1b-v2,a,167,166.42,166.47,correct,0.22922221819559732,0.20202329754829407,1.1676306625207264,3416.207225102155,0.7437291344006857
Georgia_Wonder_-_Siren,nvidia/canary-1b-v2,broken,168,166.47,167.05,correct,0.28245413208764697,0.5855651152512383,0.5010784244726575,1876.753950003256,0.3904949265813071
Georgia_Wonder_-_Siren,nvidia/canary-1b-v2,shore,169,167.05,167.3,substitution,0.23679255853806222,0.5861595432673182,0.43228041008114815,2874.8099336965215,0.6718856713601521
Georgia_Wonder_-_Siren,nvidia/canary-1b-v2,now,170,167.3,168.34,correct,0.1833478276551302,0.3598642883173722,1.3811213972845249,2287.2810975144125,0.519768591438021
Georgia_Wonder_-_Siren,nvidia/canary-1b-v2,and,171,169.0,169.12,correct,0.15076434559055737,0.11367850617638656,1.4679678465638841,3216.7376660238474,0.6808309938226428
Georgia_Wonder_-_Siren,nvidia/canary-1b-v2,ever,172,169.12,169.24,correct,0.14904105024678366,0.3588333816400596,0.530039152928761,2774.9943835163053,0.5971725072179522
Georgia_Wonder_-_Siren,nvidia/canary-1b-v2,more,173,169.24,169.83,correct,0.20884100859984756,0.7884887848049402,0.2807498355396092,2381.676924626731,0.5114176832139492
Georgia_Wonder_-_Siren,nvidia/canary-1b-v2,i'd,174,169.86,174.87,correct,0.26835164706283643,0.7530118315193419,0.7347775467366816,2307.5995613536606,0.5175731274012093
Georgia_Wonder_-_Siren,nvidia/canary-1b-v2,cross,175,174.9,175.48,substitution,0.42005261471347205,0.7331559475925233,0.633140095169582,2289.5374820544603,0.5367001588382418
Georgia_Wonder_-_Siren,nvidia/canary-1b-v2,my,176,175.48,176.54,correct,0.3953195191396956,0.7610142195695325,0.6275570891928255,1861.1399772244838,0.4420440968191415
Georgia_Wonder_-_Siren,nvidia/canary-1b-v2,heart,177,176.57,176.89,correct,0.21192770515169415,0.2646463584687029,1.6209612224783216,2094.8542524004097,0.5098206392356328
Georgia_Wonder_-_Siren,nvidia/canary-1b-v2,i,178,176.89,176.97,correct,0.09276630729436874,0.07523400295111868,1.2497906419965956,1820.0997109559366,0.4701039989789327
Georgia_Wonder_-_Siren,nvidia/canary-1b-v2,tell,179,176.97,177.59,correct,0.30802961850344246,0.8102967656259217,0.4533900344994531,2269.628045401807,0.5237558159365583
Georgia_Wonder_-_Siren,nvidia/canary-1b-v2,no,180,177.59,178.05,correct,0.3539583271040636,0.9272026279393364,0.4004284295381284,2165.0393135605864,0.49727030478271783
Georgia_Wonder_-_Siren,nvidia/canary-1b-v2,lies,181,178.08,178.59,substitution,0.33055762106722053,0.7281678474762223,0.5027055290612308,2140.23180543975,0.5193959897214716
Georgia_Wonder_-_Siren,nvidia/canary-1b-v2,i,182,178.59,178.95,correct,0.1896508824175749,0.13733427680264682,2.3458375197190504,2537.8515375314955,0.5546036278590177
Georgia_Wonder_-_Siren,nvidia/canary-1b-v2,see,183,178.95,179.72,correct,0.3102743849601774,0.7757796247800192,0.3995465622948749,2325.9933622181434,0.5183449203059787
Georgia_Wonder_-_Siren,nvidia/canary-1b-v2,your,184,179.72,180.08,correct,0.3834449734825354,0.7309926064350666,0.5547351730175507,1897.440061176322,0.4558404068916272
Georgia_Wonder_-_Siren,nvidia/canary-1b-v2,future,185,180.08,180.86,correct,0.29461647428217386,0.7125023630048547,0.5256031082854384,2337.395146874694,0.5259035006165504
Georgia_Wonder_-_Siren,nvidia/canary-1b-v2,in,186,180.86,181.8,correct,0.3601265146451838,0.8703670966274598,0.4686018205156513,1990.3116839055806,0.4626762627386579
Georgia_Wonder_-_Siren,nvidia/canary-1b-v2,my,187,181.8,182.97,substitution,0.37813637021183966,0.7257880262732506,0.7721070141792298,2219.254069890891,0.5115793070793152
Georgia_Wonder_-_Siren,nvidia/canary-1b-v2,eyes,188,183.16,183.3,correct,0.3435929575935006,0.5423312559723854,0.7463043108582497,1678.374812944211,0.44588127732276917
Georgia_Wonder_-_Siren,nvidia/canary-1b-v2,i,189,183.33,183.38,correct,0.06079735110203425,0.05855570981899897,1.0563612679640453,1551.05495103874,0.38364918033281964
Georgia_Wonder_-_Siren,nvidia/canary-1b-v2,promise,190,183.38,184.54,substitution,0.3105483424663544,0.7185045287609101,0.47963475036621095,2066.3065251684006,0.47975858008861544
Georgia_Wonder_-_Siren,nvidia/canary-1b-v2,you,191,184.54,185.18,correct,0.2698368708724561,0.30086907080334163,3.405377794003141,1751.1475592765646,0.39983236508956854
Georgia_Wonder_-_Siren,nvidia/canary-1b-v2,a,192,185.24,185.38,correct,0.4449295764788985,0.7094481952954084,0.8561343587934971,2065.661875846937,0.5307954382151365
Georgia_Wonder_-_Siren,nvidia/canary-1b-v2,love,193,185.38,185.92,substitution,0.34457087441016054,0.7654185370873596,0.49366636725805574,1935.3880623898365,0.4665082157668421
Georgia_Wonder_-_Siren,nvidia/canary-1b-v2,so,194,185.92,186.56,correct,0.3061421105395193,0.7291393863118213,0.5057296079138051,2301.6651710573715,0.4943323511144389
Georgia_Wonder_-_Siren,nvidia/canary-1b-v2,deep,195,186.59,187.32,correct,0.23708745966889436,0.43141918803883506,1.4630607104376903,2251.8003716744456,0.4912103344745274
Georgia_Wonder_-_Siren,nvidia/canary-1b-v2,you'll,196,187.35,187.6,correct,0.44155002550946343,0.7251321156681688,0.8213000198205312,1937.2862438747895,0.44787236165117333
Georgia_Wonder_-_Siren,nvidia/canary-1b-v2,hear,197,187.6,188.19,substitution,0.44497603131458163,0.7708039344288409,0.591801593080163,1997.7465131214185,0.43610855052247643
Georgia_Wonder_-_Siren,nvidia/canary-1b-v2,me,198,188.19,188.62,substitution,0.3756364257411754,0.7513975586662901,0.5192008652585618,2102.2794205367627,0.4707947944072967
Georgia_Wonder_-_Siren,nvidia/canary-1b-v2,calling,199,188.62,189.36,substitution,0.271467564906925,0.7760274805128574,0.4223249491304159,2182.4909994814648,0.5143695063889027
Georgia_Wonder_-_Siren,nvidia/canary-1b-v2,in,200,189.36,190.22,correct,0.29681095160463805,0.8043488669459538,0.418680029530679,2205.1637526094396,0.5383181296369081
Georgia_Wonder_-_Siren,nvidia/canary-1b-v2,your,201,190.22,190.72,correct,0.4179517599167647,0.9856467015213437,0.4457929026749399,2006.8487075042456,0.493748069913299
Georgia_Wonder_-_Siren,nvidia/canary-1b-v2,sleep,202,190.72,191.36,correct,0.6093451995132626,0.6210525838145311,2.5564045789449112,2673.6211721162467,0.5714745793653571
Georgia_Wonder_-_Siren,nvidia/canary-1b-v2,who,203,191.66,191.93,correct,0.6249005575974782,0.9691250026226044,0.7311788608630498,1861.6953675223288,0.44115581959486005
Georgia_Wonder_-_Siren,nvidia/canary-1b-v2,needs,204,191.93,192.68,correct,0.5667055996111882,0.8859116086437379,0.6566181753152682,1807.9633761686284,0.40921145603980547
Georgia_Wonder_-_Siren,nvidia/canary-1b-v2,to,205,192.68,192.87,deletion,0.5632498633293879,0.7857800995310148,0.8057732809157598,2173.2105679976357,0.5116828289769945
Georgia_Wonder_-_Siren,nvidia/canary-1b-v2,breathe,206,192.87,193.45,correct,0.5710748568886802,0.7920775917314348,0.7224808576561156,1524.0094888328103,0.3330708716123823
Georgia_Wonder_-_Siren,nvidia/canary-1b-v2,the,207,193.77,194.06,substitution,0.5079681756906211,1.0873204587842338,0.9439173312857747,2082.462768585044,0.4855323424562812
Georgia_Wonder_-_Siren,nvidia/canary-1b-v2,air,208,194.06,195.03,deletion,0.40925430953502656,0.9159526274317786,0.4688952582223075,1932.9068047191488,0.45731447367441086
Georgia_Wonder_-_Siren,nvidia/canary-1b-v2,above,209,195.03,195.77,deletion,0.3182361425831914,0.44192277709953487,1.7063933916389942,1978.958815576927,0.44096079245209696
Georgia_Wonder_-_Siren,nvidia/canary-1b-v2,when,210,195.86,196.18,correct,0.42732645070978575,0.6252324223518372,1.0266576409339905,1849.978164912757,0.4396271194730486
Georgia_Wonder_-_Siren,nvidia/canary-1b-v2,we're,211,196.18,196.64,correct,0.4490188252925873,0.9350105640292168,0.5557478666305542,1681.4653208863926,0.3910187229514122
Georgia_Wonder_-_Siren,nvidia/canary-1b-v2,both,212,196.64,197.19,correct,0.34581893136103947,0.587821274002393,0.7778379167119662,1820.0236658979934,0.444010212769111
Georgia_Wonder_-_Siren,nvidia/canary-1b-v2,drowning,213,197.19,197.88,substitution,0.40257084608078003,0.8557946927348773,0.5370846654971441,1931.6544782510575,0.45081378201643624
Georgia_Wonder_-_Siren,nvidia/canary-1b-v2,in,214,197.88,198.75,correct,0.395573856665733,0.8965744715421757,0.4643000454661694,1937.1039662795195,0.4701313538120148
Georgia_Wonder_-_Siren,nvidia/canary-1b-v2,my,215,198.75,199.2,substitution,0.39089901745319366,0.9976312257349491,0.44532117061316967,1946.0761147158107,0.48770480416715145
Georgia_Wonder_-_Siren,nvidia/canary-1b-v2,love,216,199.2,199.86,deletion,0.3854449934636553,0.6005779317476683,0.7777519097758664,2085.3103232679155,0.49148891328109634
Georgia_Wonder_-_Siren,nvidia/canary-1b-v2,the,217,200.13,200.24,deletion,0.36646904485921067,0.48015751875936985,1.8691988339026768,2294.6908865992964,0.5645899052421252
Georgia_Wonder_-_Siren,nvidia/canary-1b-v2,tides,218,200.24,200.95,correct,0.27467925125708825,0.5966815546929062,0.5862164209028343,2164.4492610238,0.48610199039632623
Georgia_Wonder_-_Siren,nvidia/canary-1b-v2,have,219,200.95,201.41,substitution,0.3402732674777508,0.5800756511092185,0.7242372280359268,1929.7708863812177,0.4619652831554413
Georgia_Wonder_-_Siren,nvidia/canary-1b-v2,turned,220,201.41,202.03,substitution,0.3991476936794039,0.43554920436286215,1.4865999137287709,1883.3883531265762,0.44264757922336234
Georgia_Wonder_-_Siren,nvidia/canary-1b-v2,don't,221,202.24,202.52,correct,0.3819620859238409,0.4937321841115913,1.5983984374230908,1734.286648966033,0.436392143368721
Georgia_Wonder_-_Siren,nvidia/canary-1b-v2,be,222,202.52,203.06,deletion,0.39876530704827146,0.979644391557266,0.4732675498415684,1995.4927625009677,0.48185765846022244
Georgia_Wonder_-_Siren,nvidia/canary-1b-v2,afraid,223,203.06,204.21,correct,0.33784389540913606,0.5759144945881299,0.9397078579471957,2076.3130834077833,0.4917947808581014
Georgia_Wonder_-_Siren,nvidia/canary-1b-v2,you're,224,204.32,204.55,substitution,0.3246364861726761,0.5990349851548672,0.7894418615102768,2107.7672080271236,0.5211273741722107
Georgia_Wonder_-_Siren,nvidia/canary-1b-v2,not,225,204.55,205.2,deletion,0.3681398623756,0.7664933876267501,0.6074624695948192,1804.990988322914,0.40458188567842757
Georgia_Wonder_-_Siren,nvidia/canary-1b-v2,the,226,205.2,205.64,deletion,0.44601977492372197,0.7819353534529606,0.658815952638785,1996.1409438147255,0.4359933982292811
Georgia_Wonder_-_Siren,nvidia/canary-1b-v2,only,227,205.64,206.6,correct,0.5027295087392514,0.8233612707028022,0.6160762232656662,1821.743043417869,0.4043530598282814
Georgia_Wonder_-_Siren,nvidia/canary-1b-v2,soul,228,206.6,207.34,substitution,0.41823981031775476,0.7054193353280425,0.6621635757386685,2947.59223428429,0.6393630042672157
Georgia_Wonder_-_Siren,nvidia/canary-1b-v2,i've,229,207.34,207.72,substitution,0.46632497267025275,0.7983236127510304,0.6881085474316667,2292.8041394489273,0.539450310352372
Georgia_Wonder_-_Siren,nvidia/canary-1b-v2,saved,230,207.72,208.08,correct,0.41516640558838847,0.5622822359204293,0.7685227543115616,3288.614054066128,0.7356383547186851
Georgia_Wonder_-_Siren,nvidia/canary-1b-v2,come,231,208.08,212.2,deletion,0.4444261033087969,0.6224772196601738,0.7240062295035883,1819.3795598337247,0.43851505599238655
Georgia_Wonder_-_Siren,nvidia/canary-1b-v2,to,232,212.2,212.3,correct,0.43340345472097397,1.2001473655303319,0.37033434957265854,2058.260893652968,0.5413123518228531
Georgia_Wonder_-_Siren,nvidia/canary-1b-v2,me,233,212.3,212.36,deletion,0.5722722070557731,1.1872561148234777,0.49004695245197843,1850.5787993107206,0.4840051702090672
Georgia_Wonder_-_Siren,nvidia/canary-1b-v2,come,234,212.36,214.22,deletion,0.46537557132542134,0.9103136594593525,0.5268673244863749,1749.8956537360684,0.4091889898478985
Georgia_Wonder_-_Siren,nvidia/canary-1b-v2,to,235,214.22,214.36,deletion,0.4206785261631012,0.9044676199555397,0.469879487529397,2146.127335079805,0.4960603453218937
Georgia_Wonder_-_Siren,nvidia/canary-1b-v2,me,236,214.36,214.42,correct,0.22774010683809007,0.7717744793210711,0.2970965121473585,2166.12712435299,0.5165204703807831
Georgia_Wonder_-_Siren,nvidia/canary-1b-v2,help,237,214.42,214.94,correct,0.30144576861390043,0.7555966143097196,0.44131693137543543,2011.7087469349547,0.48062685823866297
Georgia_Wonder_-_Siren,nvidia/canary-1b-v2,me,238,214.94,215.0,substitution,0.2158835083246231,0.25283158011734486,0.886498898267746,2481.8988021692508,0.6224732100963593
Georgia_Wonder_-_Siren,nvidia/canary-1b-v2,to,239,215.0,215.12,substitution,0.3129841408559254,0.8113642696823392,0.4630462559206145,2550.870662178303,0.6354247331619263
Georgia_Wonder_-_Siren,nvidia/canary-1b-v2,love,240,215.12,219.44,deletion,0.41505462012037536,0.6638743327910367,0.6501615832270873,1748.5965290332426,0.39914607193619983
Georgia_Wonder_-_Siren,nvidia/canary-1b-v2,you,241,219.44,219.5,deletion,0.31003864109516144,0.3509373664855957,0.8925750404596329,1780.4193418613181,0.43984171375632286
Georgia_Wonder_-_Siren,nvidia/canary-1b-v2,come,242,219.5,219.6,correct,0.43008582790692645,0.46820208926995593,0.9144309361775717,2380.7687622273043,0.5384006227056185
Georgia_Wonder_-_Siren,nvidia/canary-1b-v2,to,243,219.6,219.69,deletion,0.3991271764039993,0.5781667709350586,0.6950592577457428,1661.9460813743838,0.41955605447292327
Georgia_Wonder_-_Siren,nvidia/canary-1b-v2,me,244,219.69,219.75,deletion,0.469303660094738,0.5730290710926056,0.8231843784451485,1274.3498662389316,0.29977707378566265
Georgia_Wonder_-_Siren,nvidia/canary-1b-v2,come,245,219.75,220.69,deletion,0.4233581075573912,0.5252428453157444,0.8191790185352363,1706.8190774958803,0.4013484980505292
Georgia_Wonder_-_Siren,nvidia/canary-1b-v2,to,246,220.69,220.75,deletion,0.4743692832333701,1.1399596759251185,0.4587506651878357,2051.751529775534,0.5513011004243579
Georgia_Wonder_-_Siren,nvidia/canary-1b-v2,help,247,220.75,222.64,deletion,0.46474019889467455,0.8903939622669972,0.5332302267621891,1735.2844451276708,0.4111316953533389
Georgia_Wonder_-_Siren,nvidia/canary-1b-v2,me,248,222.64,222.9,deletion,0.4571951154087271,0.9667328979287829,0.4787756513272013,1698.9128430900205,0.36819333529898096
Georgia_Wonder_-_Siren,nvidia/canary-1b-v2,to,249,222.9,223.62,deletion,0.3881898640822142,0.7242759181520878,0.5781553742977289,2090.1938424716022,0.4708253901738387
Georgia_Wonder_-_Siren,nvidia/canary-1b-v2,love,250,223.62,229.22,deletion,0.40365324807485475,0.6509350281525932,0.6515813394012754,1797.008450659774,0.4053438247394482
Georgia_Wonder_-_Siren,nvidia/canary-1b-v2,you,251,229.22,229.28,deletion,0.636262561593737,1.2674916982650757,0.5022562231336322,2468.0320157745205,0.5914926443781171
Georgia_Wonder_-_Siren,nvidia/canary-1b-v2,come,252,229.28,229.38,deletion,0.7699778030316035,1.1845161467790604,0.6536485105752945,2091.8082133990515,0.49766623973846436
Georgia_Wonder_-_Siren,nvidia/canary-1b-v2,to,253,229.38,229.53,deletion,0.6594875787987429,0.9715655656421885,0.6791059760486379,1692.8113996758718,0.36907463038668914
Georgia_Wonder_-_Siren,nvidia/canary-1b-v2,me,254,229.53,229.59,correct,0.46049460768699646,0.8108097910881042,0.5690819621086121,1757.2379063276442,0.3684265230383192
Georgia_Wonder_-_Siren,nvidia/canary-1b-v2,come,255,229.59,231.21,correct,0.4471231983310875,0.8934531067979747,0.5190621395220701,1743.5412878088516,0.40765303664508906
Georgia_Wonder_-_Siren,nvidia/canary-1b-v2,to,256,231.21,231.35,correct,0.3852206636220217,0.9191802404820919,0.421380952000618,2116.644838268325,0.4926417972892523
Georgia_Wonder_-_Siren,nvidia/canary-1b-v2,me,257,231.35,231.41,substitution,0.26842196711472105,0.7717652406011309,0.3479603997298649,2041.0817359245405,0.4707035464899881
Georgia_Wonder_-_Siren,nvidia/canary-1b-v2,help,258,231.41,231.93,substitution,0.2824271781402722,0.7478465166008263,0.4161632528953385,2125.1563024243046,0.49847858203084844
Georgia_Wonder_-_Siren,nvidia/canary-1b-v2,me,259,231.93,231.99,substitution,0.22720605986458914,0.2436440416744777,0.9528873647962298,2687.385201999572,0.6527668024812426
Georgia_Wonder_-_Siren,nvidia/canary-1b-v2,to,260,231.99,232.11,deletion,0.346295528113842,0.7890246574367795,0.5300942925470216,2517.2844671900375,0.6268775505678994
Georgia_Wonder_-_Siren,nvidia/canary-1b-v2,love,261,232.11,237.54,correct,0.4158637164481755,0.6329328081217306,0.6924000434577465,1699.2686287748747,0.39585739656769
Georgia_Wonder_-_Siren,nvidia/canary-1b-v2,you,262,237.54,237.6,substitution,0.42194564640522003,0.5649328008294106,0.7427236214280128,1786.2667274388727,0.44471123814582825
Georgia_Wonder_-_Siren,nvidia/canary-1b-v2,come,263,237.6,237.69,substitution,0.44214677810668945,0.537029480934143,0.8344717621803284,1678.5865854038716,0.40325060188770295
Georgia_Wonder_-_Siren,nvidia/canary-1b-v2,to,264,237.69,238.0,deletion,0.5730900028172661,1.109345860341016,0.5334744970588123,1786.09670149214,0.46011771875269275
Georgia_Wonder_-_Siren,nvidia/canary-1b-v2,me,265,238.0,238.06,deletion,0.5174390077590942,0.836409792304039,0.62447489798069,1527.5662908135137,0.3352549225091934
Georgia_Wonder_-_Siren,nvidia/canary-1b-v2,come,266,238.06,239.7,deletion,0.46968082972935266,0.8690069452353886,0.5528825451646532,1718.320448073818,0.4173401028769357
Georgia_Wonder_-_Siren,nvidia/canary-1b-v2,to,267,239.7,239.85,deletion,0.46574578682581586,0.9107588165336185,0.5121919297509723,1957.3787714988782,0.4576932754781511
Georgia_Wonder_-_Siren,nvidia/canary-1b-v2,me,268,239.85,239.91,deletion,0.36178672313690186,0.7570370350565229,0.477460788828986,1962.651998631873,0.4294545863355909
Georgia_Wonder_-_Siren,nvidia/canary-1b-v2,help,269,239.91,240.43,deletion,0.43690968916884493,0.7497110263045345,0.6033912301063538,1888.5490073701149,0.4171325330223356
Georgia_Wonder_-_Siren,nvidia/canary-1b-v2,me,270,240.43,240.49,correct,0.2568004112690687,0.25535963848233223,1.0128617882728577,3135.2918448470905,0.734720341861248
Georgia_Wonder_-_Siren,nvidia/canary-1b-v2,to,271,240.49,240.61,correct,0.4869410161461149,0.8278863153287342,0.6347797960042953,2017.7095238632187,0.4685037923710687
Georgia_Wonder_-_Siren,nvidia/canary-1b-v2,love,272,240.61,242.35,deletion,0.45618897700502026,0.718410586077039,0.8747870029621226,1856.817538284621,0.4104923244605782
Georgia_Wonder_-_Siren,nvidia/canary-1b-v2,you,273,242.35,242.41,deletion,0.4762750379741192,0.03961402358254418,18.44902741909027,1530.220964011965,0.33566493168473244
Georgia_Wonder_-_Siren,nvidia/canary-1b-v2,come,274,244.14,244.41,deletion,0.2842600730558236,0.144676600707074,2.3582140187422436,1815.518350607297,0.4263298789660136
Georgia_Wonder_-_Siren,nvidia/canary-1b-v2,to,275,244.41,244.54,deletion,0.12450010031461715,0.07642603007455667,1.984930702050527,2194.4323359158634,0.5102424462636311
Georgia_Wonder_-_Siren,nvidia/canary-1b-v2,me,276,244.54,245.51,correct,0.09159109526528762,0.13187347828912047,1.0324623610537786,2245.098405365955,0.501081860695894
Georgia_Wonder_-_Siren,nvidia/canary-1b-v2,come,277,250.5,250.78,substitution,0.09641747763380408,0.1434265243820846,0.7794530977805455,2414.7619656299485,0.554232656955719
Georgia_Wonder_-_Siren,nvidia/canary-1b-v2,to,278,250.78,250.92,substitution,0.07102061714977026,0.07474389881826937,0.9524122774600983,3026.5155322429614,0.5959921237081289
Georgia_Wonder_-_Siren,nvidia/canary-1b-v2,me,279,250.92,251.88,deletion,0.10794447905992946,0.1317946012937822,0.8771207527472422,2598.0417262978876,0.42216342544326413
Georgia_Wonder_-_Siren,nvidia/canary-1b-v2,come,280,252.11,252.37,correct,0.04394821053499292,0.04888060670908027,0.9629725279479191,2841.587307553498,0.6050974860273558
Georgia_Wonder_-_Siren,nvidia/canary-1b-v2,to,281,252.37,252.51,substitution,0.03088609391124919,0.0319034299463965,1.0212190560996532,3061.2430276242476,0.636848907917738
Georgia_Wonder_-_Siren,nvidia/canary-1b-v2,me,282,252.51,253.36,substitution,0.04480611310218987,0.05742397703959242,0.9153569010288819,2725.7774741801527,0.5285142938727918
Georgia_Wonder_-_Siren,nvidia/canary-1b-v2,come,283,253.7,253.97,substitution,0.041358301602303985,0.06029345813052108,1.2070354183514913,2737.915140230713,0.6367607881625493
Georgia_Wonder_-_Siren,nvidia/canary-1b-v2,to,284,253.97,254.1,substitution,0.03462974677483241,0.03830226734280586,0.9777346889177958,3022.585698914327,0.6767520745595296
Georgia_Wonder_-_Siren,nvidia/canary-1b-v2,me,285,254.1,255.07,substitution,0.06002307224732179,0.06256987305823714,1.771206812073405,2497.24537180995,0.5348095882397431
Georgia_Wonder_-_Siren,nvidia/canary-1b-v2,come,286,257.95,258.21,correct,0.04757732027692014,0.06012315272578392,0.9053086124617478,2706.561828314661,0.5814228376437878
Georgia_Wonder_-_Siren,nvidia/canary-1b-v2,to,287,258.21,258.35,substitution,0.03249923832481727,0.03714962984668091,0.8924835026264191,3018.926355997019,0.6299554705619812
Georgia_Wonder_-_Siren,nvidia/canary-1b-v2,me,288,258.35,258.99,substitution,0.06115602415756903,0.08165326174618541,0.7661306922850402,2739.169252493149,0.5147630753724471
Georgia_Wonder_-_Siren,nvidia/canary-1b-v2,come,289,259.02,259.28,substitution,0.06208074953535508,0.0813226733228256,0.8716606703297846,2532.8362760835626,0.594383094845147
Georgia_Wonder_-_Siren,nvidia/canary-1b-v2,to,290,259.28,259.41,substitution,0.037237904220819476,0.04227507760127385,0.8928113142649333,3108.393163089533,0.6390165050824483
Georgia_Wonder_-_Siren,nvidia/canary-1b-v2,me,291,259.41,260.05,substitution,0.05965427114911701,0.09056451158139153,0.7093823988368546,2595.207393916643,0.5363407510778179
Georgia_Wonder_-_Siren,nvidia/canary-1b-v2,come,292,260.08,260.33,correct,0.19449051416346005,0.3076970239302942,0.6469560265541077,1593.5505711503733,0.42552597501448225
Georgia_Wonder_-_Siren,nvidia/canary-1b-v2,to,293,260.33,260.47,substitution,0.1386598995886743,0.20487510273233056,0.682690454646945,2140.0217961975377,0.5192958693951368
Georgia_Wonder_-_Siren,nvidia/canary-1b-v2,me,294,260.47,261.43,substitution,0.09295819579506094,0.13196047979126713,1.0477511795979102,2287.621868015923,0.5628873196620385
Georgia_Wonder_-_Siren,nvidia/canary-1b-v2,come,295,268.03,268.33,substitution,0.12071402822480057,0.13714564031441556,0.937701550397006,2743.5353403760764,0.6233722730116411
Georgia_Wonder_-_Siren,nvidia/canary-1b-v2,to,296,268.33,268.44,substitution,0.07097052180996308,0.07670221148202053,0.9581593871116638,3396.150986092378,0.7011435627937317
Georgia_Wonder_-_Siren,nvidia/canary-1b-v2,me,297,268.44,269.38,substitution,0.10122901496320667,0.13528537964171702,0.9258340706329534,2836.6097129198047,0.5615402374527242
Georgia_Wonder_-_Siren,nvidia/canary-1b-v2,come,298,273.34,275.97,correct,0.09889907201626123,0.09160363316880639,1.2223648053471303,1679.7127865256389,0.4078104950461099
Georgia_Wonder_-_Siren,nvidia/canary-1b-v2,to,299,276.0,276.11,substitution,0.34138622010747594,0.3575216569006443,0.9428353160619736,1975.5396646246115,0.5118011807401975
Georgia_Wonder_-_Siren,nvidia/canary-1b-v2,me,300,276.11,276.17,substitution,0.29691873863339424,0.33717417903244495,0.8756605237722397,1993.9373407433604,0.49523136764764786
Georgia_Wonder_-_Siren,nvidia/canary-1b-v2,come,301,276.17,276.26,substitution,0.2899048671126366,0.3039462327957153,0.9539489984512329,1232.6126454923458,0.3171502411365509
Georgia_Wonder_-_Siren,nvidia/canary-1b-v2,to,302,276.26,276.4,substitution,0.21977704111486673,0.22687290515750647,0.9728709571063519,2274.0875585794292,0.5466544516384602
Georgia_Wonder_-_Siren,nvidia/canary-1b-v2,me,303,276.4,276.67,substitution,0.2510628394782543,0.2883470818400383,0.8733474055926005,2086.29999164145,0.48206869065761565
Georgia_Wonder_-_Siren,nvidia/canary-1b-v2,come,304,276.67,276.77,correct,0.2089842806259791,0.23686367024978003,0.8829511950413386,2453.8476244204126,0.4878323053320249
Georgia_Wonder_-_Siren,nvidia/canary-1b-v2,to,305,276.77,276.84,substitution,0.17253131791949272,0.19869049079716206,0.8803275898098946,2208.696510247131,0.4423094615340233
Georgia_Wonder_-_Siren,nvidia/canary-1b-v2,me,306,276.84,276.93,substitution,0.15351556444709952,0.1804018630222841,0.8653245405717329,2243.379446227131,0.5401501818136736
Georgia_Wonder_-_Siren,nvidia/canary-1b-v2,come,307,276.93,277.06,unknown,0.1293182576696078,0.14566907534996668,0.89199933608373,1648.90615418556,0.37938594818115234
Georgia_Wonder_-_Siren,nvidia/canary-1b-v2,to,308,277.06,277.12,unknown,0.13558301329612732,0.14755191121782577,0.9216113431113107,1870.9708868670236,0.4941989779472351
Georgia_Wonder_-_Siren,nvidia/canary-1b-v2,me,309,277.12,277.18,unknown,0.14819557113306864,0.15017395998750413,0.989440279347556,2427.7256798660424,0.5774057933262416
Georgia_Wonder_-_Siren,nvidia/canary-1b-v2,come,310,277.18,277.36,unknown,0.11326117813587189,0.13291105698971523,0.8572889424505687,1767.9330880163961,0.4193695272718157
Georgia_Wonder_-_Siren,nvidia/canary-1b-v2,to,311,277.36,277.46,unknown,0.1109199970960617,0.11358982663262975,0.9775439392436635,2549.5382796399967,0.5995385077866641
Georgia_Wonder_-_Siren,nvidia/canary-1b-v2,me,312,277.46,277.57,unknown,0.12440773902031091,0.13405514049988526,0.9348413394047663,1671.512169773815,0.3960864475140205
Georgia_Wonder_-_Siren,nvidia/canary-1b-v2,come,313,277.57,278.12,unknown,0.13587858968724806,0.14739823291699092,0.9308822999397913,2362.223447275062,0.4971200580398242
Georgia_Wonder_-_Siren,nvidia/canary-1b-v2,to,314,278.12,278.18,unknown,0.10254566158567156,0.11504862989698138,0.8947121926716396,2082.0295610659823,0.5463678198201316
Georgia_Wonder_-_Siren,nvidia/canary-1b-v2,me,315,278.18,278.24,unknown,0.1893111297062465,0.17833284820829118,1.0589141760553633,2576.3064214741785,0.5938121335847037
Georgia_Wonder_-_Siren,nvidia/canary-1b-v2,come,316,278.24,278.43,unknown,0.1197079409929839,0.12400658293203874,0.9712778329849243,1965.611383024289,0.4362875914031809
Georgia_Wonder_-_Siren,nvidia/canary-1b-v2,to,317,278.43,278.52,unknown,0.10817520096898078,0.11706842556595802,0.9406029164791108,2511.8762416690342,0.5906760782003403
Georgia_Wonder_-_Siren,nvidia/canary-1b-v2,me,318,278.52,278.75,unknown,0.1482185019323459,0.1658287552686838,0.891772753917254,2284.012407290155,0.4814152648815742
Georgia_Wonder_-_Siren,nvidia/canary-1b-v2,help,319,278.75,278.91,unknown,0.160322910381688,0.17570646521117952,0.9156451788213518,2599.9937601787133,0.5382175677352481
Georgia_Wonder_-_Siren,nvidia/canary-1b-v2,me,320,278.91,279.01,unknown,0.21422108883659044,0.1418584156781435,1.5329699218273163,3407.958345711264,0.5672600989540418
Georgia_Wonder_-_Siren,nvidia/canary-1b-v2,to,321,279.01,279.09,unknown,0.11845323277844323,0.13363912287685606,0.8919660912619697,2619.4328438183447,0.6394971344206068
Georgia_Wonder_-_Siren,nvidia/canary-1b-v2,love,322,279.09,300.57,unknown,0.3527113153756861,0.39381049977807264,0.9740817208122624,1649.5805212319196,0.3764219049162786
Georgia_Wonder_-_Siren,nvidia/canary-1b-v2,you,323,300.57,300.63,unknown,0.42910582944750786,0.8742928579449654,0.5345773622393608,1558.1567014555499,0.3623552620410919
Georgia_Wonder_-_Siren,nvidia/canary-1b-v2,come,324,300.63,301.3,unknown,0.48024435424142414,0.9090049833887153,0.5527224809759193,1599.9139207378373,0.3781346097174618
Georgia_Wonder_-_Siren,nvidia/canary-1b-v2,to,325,301.3,302.01,unknown,0.3262819988386972,0.79072676386152,0.42924240405683395,2076.780588528666,0.4950174244193288
Georgia_Wonder_-_Siren,nvidia/canary-1b-v2,me,326,302.01,302.07,unknown,0.2075061627796718,0.23387912767274038,0.9004911014011928,2579.081694496079,0.6141007798058646
Georgia_Wonder_-_Siren,nvidia/canary-1b-v2,come,327,302.07,307.77,unknown,0.41508688641886404,0.6383346904479028,0.6795989034700471,1669.8357705650412,0.38967257708751507
Georgia_Wonder_-_Siren,nvidia/canary-1b-v2,to,328,307.77,307.84,unknown,0.42906497253312004,1.1513570878240798,0.3931170486741596,2018.6109329840288,0.5438826282819113
Georgia_Wonder_-_Siren,nvidia/canary-1b-v2,me,329,307.84,307.91,unknown,0.4242635481059551,1.2180245965719223,0.3542006742209196,1680.641218847569,0.45618001371622086
Georgia_Wonder_-_Siren,nvidia/canary-1b-v2,help,330,307.91,309.71,unknown,0.4184545345720232,0.8766743165532542,0.48741451199190605,1769.4177269519885,0.42450358043062875
Georgia_Wonder_-_Siren,nvidia/canary-1b-v2,me,331,309.71,309.98,unknown,0.35660364081462226,0.9480148990948994,0.37462572356065116,1955.4461690306803,0.4436277573307355
Georgia_Wonder_-_Siren,nvidia/canary-1b-v2,to,332,309.98,310.7,unknown,0.39717932981558335,0.7263083754059596,0.585902261810425,2115.62161121395,0.4645027950023993
Georgia_Wonder_-_Siren,nvidia/canary-1b-v2,love,333,310.7,312.12,unknown,0.3243702764769918,0.7907443877897764,0.4202864562210284,2216.1456752039153,0.4846613262044756
Georgia_Wonder_-_Siren,nvidia/canary-1b-v2,you,334,312.12,312.18,unknown,0.3968713004142046,0.65953029692173,0.6015369817614555,2398.1077894604578,0.5907535627484322
Georgia_Wonder_-_Siren,nvidia/canary-1b-v2,come,335,312.18,316.27,unknown,0.3847410135670167,0.5962421378500129,0.655677208502178,1622.6284510205287,0.36861122111433975
Georgia_Wonder_-_Siren,nvidia/canary-1b-v2,to,336,316.27,316.61,unknown,0.8004514768316939,1.0783851549432084,0.7429991267822884,2049.4836643630797,0.44514115839391144
Georgia_Wonder_-_Siren,nvidia/canary-1b-v2,me,337,316.61,316.67,unknown,0.5775133445858955,0.8146803751587868,0.7082844749093056,1676.9994051665465,0.34781693667173386
Georgia_Wonder_-_Siren,nvidia/canary-1b-v2,come,338,316.67,318.29,unknown,0.4583692218182404,0.8922968072698295,0.5286578144985816,1726.5010036712881,0.39778292876792093
Georgia_Wonder_-_Siren,nvidia/canary-1b-v2,to,339,318.29,318.43,unknown,0.408614506945014,0.9172838293015957,0.4513151329010725,2205.4909362232092,0.5051134414970875
Georgia_Wonder_-_Siren,nvidia/canary-1b-v2,me,340,318.43,318.49,unknown,0.25020253099501133,0.7745007872581482,0.32537734135985374,2070.562272443115,0.46834802255034447
Georgia_Wonder_-_Siren,nvidia/canary-1b-v2,help,341,318.49,319.01,unknown,0.23324337867753847,0.7544472866824695,0.3334023029144321,2217.2308169235034,0.5205373104129519
Georgia_Wonder_-_Siren,nvidia/canary-1b-v2,me,342,319.01,319.07,unknown,0.17800618894398212,0.2543834410607815,0.6934450939297676,2890.3191469590533,0.705270241945982
Georgia_Wonder_-_Siren,nvidia/canary-1b-v2,to,343,319.07,319.19,unknown,0.3020784637102714,0.8059477072495681,0.4693938081081097,2728.0792696241106,0.6939394382330087
Georgia_Wonder_-_Siren,nvidia/canary-1b-v2,love,344,319.19,322.53,unknown,0.4054549758078,0.6863321007630012,0.6331850130881012,1816.6168756031184,0.41288517931653135
Georgia_Wonder_-_Siren,nvidia/canary-1b-v2,you,345,322.53,322.59,unknown,0.5344566064221519,0.6708114402634757,0.7942008631569999,1868.7275820587456,0.4492452102048056
Georgia_Wonder_-_Siren,nvidia/canary-1b-v2,come,346,322.59,322.69,unknown,0.3096227285762628,0.4444000745813052,0.7025886128346125,1537.2205522298445,0.34993274758259457
Georgia_Wonder_-_Siren,nvidia/canary-1b-v2,to,347,322.69,322.75,unknown,0.33047824246542795,0.44396052190235685,0.7454214606966291,1542.9589142627701,0.36671518853732515
Georgia_Wonder_-_Siren,nvidia/canary-1b-v2,me,348,322.75,322.81,unknown,0.3827674239873886,0.4893411137163639,0.780201219022274,1566.822487108988,0.3871396407485008
Georgia_Wonder_-_Siren,nvidia/canary-1b-v2,come,349,322.81,324.76,unknown,0.40841744875793823,0.5731337978794244,0.7178133345391762,1606.3377853734949,0.3744027884097761
Georgia_Wonder_-_Siren,nvidia/canary-1b-v2,to,350,324.76,324.86,unknown,0.45610716938972473,1.1727995059706948,0.40961227362806146,2038.0764112115032,0.524095044894652
Georgia_Wonder_-_Siren,nvidia/canary-1b-v2,me,351,324.86,324.92,unknown,0.5577815435826778,1.1768241375684738,0.4815862327814102,1782.7445576926702,0.4467100389301777
Georgia_Wonder_-_Siren,nvidia/canary-1b-v2,help,352,324.92,326.71,unknown,0.4030152717217182,0.8718499549043676,0.4703809862645964,1837.9287426389753,0.44079621027534205
Georgia_Wonder_-_Siren,nvidia/canary-1b-v2,me,353,326.71,326.97,unknown,0.26326377743056845,0.9680530599185398,0.2798482115779604,1981.4376706904386,0.4723095553261893
Georgia_Wonder_-_Siren,nvidia/canary-1b-v2,to,354,326.97,327.69,unknown,0.30758941727571,0.7248676927425922,0.4680495084478305,2215.9763054218815,0.5146362536992782
Georgia_Wonder_-_Siren,nvidia/canary-1b-v2,love,355,327.69,329.43,unknown,0.46348937055006384,0.7167465709508422,0.7301954472447462,2214.330289905051,0.47639095862918995
Georgia_Wonder_-_Siren,nvidia/canary-1b-v2,you,356,329.43,329.49,unknown,0.24670455072607314,0.0401080052501389,7.593304429735456,4071.26786897419,0.7530171275138855
Girls_Under_Glass_-_We_Feel_Alright,nvidia/canary-1b-v2,and,0,55.16,55.42,correct,0.3209669754422944,0.4536927168675024,1.1487866290684403,1878.1520350627147,0.43088708149975746
Girls_Under_Glass_-_We_Feel_Alright,nvidia/canary-1b-v2,you,1,55.42,55.56,correct,0.5172814913094044,0.8247072100639343,0.6339637730270624,1605.781272335002,0.35666618309915066
Girls_Under_Glass_-_We_Feel_Alright,nvidia/canary-1b-v2,watch,2,55.56,56.08,correct,0.24473965088171618,0.6090075382962823,0.4436648549245937,2133.8327398403026,0.5021259021013975
Girls_Under_Glass_-_We_Feel_Alright,nvidia/canary-1b-v2,me,3,56.08,56.49,correct,0.2744209693537818,0.8172515531380972,0.35987211995654633,2052.5655937163806,0.5017795152134366
Girls_Under_Glass_-_We_Feel_Alright,nvidia/canary-1b-v2,now,4,56.49,57.43,substitution,0.22446731387609892,0.5195574038431491,0.7408566258036264,1893.1676033426008,0.4661530070375688
Girls_Under_Glass_-_We_Feel_Alright,nvidia/canary-1b-v2,and,5,58.74,59.0,substitution,0.36660683681738787,0.616121548966601,0.6189460014474804,1803.6629433548796,0.4049917397827938
Girls_Under_Glass_-_We_Feel_Alright,nvidia/canary-1b-v2,your,6,59.0,59.27,substitution,0.39439374456803006,0.7578934341669082,0.5285686721404393,1489.3469457974852,0.357866503794988
Girls_Under_Glass_-_We_Feel_Alright,nvidia/canary-1b-v2,eyes,7,59.27,59.87,deletion,0.2252811181430633,0.6237029306877118,0.47908547818660735,2480.5078348546613,0.5443999249201554
Girls_Under_Glass_-_We_Feel_Alright,nvidia/canary-1b-v2,do,8,59.87,60.25,deletion,0.2620055386569442,0.5615285871232428,0.8320962230606777,1934.7180164707174,0.47194703286740836
Girls_Under_Glass_-_We_Feel_Alright,nvidia/canary-1b-v2,shine,9,60.25,60.82,deletion,0.23628031330243235,0.6186520587052068,0.3781768148464541,2003.8411111486403,0.47869128445463793
Girls_Under_Glass_-_We_Feel_Alright,nvidia/canary-1b-v2,so,10,60.82,61.0,deletion,0.22584516201168298,0.28440202325582503,0.8898973815143109,2705.4469674536776,0.6281359985470771
Girls_Under_Glass_-_We_Feel_Alright,nvidia/canary-1b-v2,bright,11,61.0,61.87,deletion,0.2114146744158674,0.5258415936631091,1.331839843474804,1748.941523589307,0.4243793673020728
Girls_Under_Glass_-_We_Feel_Alright,nvidia/canary-1b-v2,by,12,61.87,62.1,deletion,0.3380765336751938,0.9408639019727707,0.3843736869096756,1998.9053190099626,0.4969674050807953
Girls_Under_Glass_-_We_Feel_Alright,nvidia/canary-1b-v2,your,13,62.1,62.69,deletion,0.3074751957319677,0.8900758139789104,0.3491439812351018,1662.746817392896,0.4300094395875931
Girls_Under_Glass_-_We_Feel_Alright,nvidia/canary-1b-v2,emotion,14,62.69,64.25,deletion,0.2778964613763882,0.6192361772326487,0.5836879031821376,1878.776423750412,0.47489630555113155
Girls_Under_Glass_-_We_Feel_Alright,nvidia/canary-1b-v2,when,15,70.46,70.74,deletion,0.3526578380335723,0.6065873082937493,1.9327861810884168,1773.773197514863,0.39921982682520346
Girls_Under_Glass_-_We_Feel_Alright,nvidia/canary-1b-v2,you,16,70.74,70.94,deletion,0.4376449314030734,0.8525265089490197,0.5094647366892208,1913.6399273078982,0.4237181381745772
Girls_Under_Glass_-_We_Feel_Alright,nvidia/canary-1b-v2,hold,17,70.94,71.39,deletion,0.4486691592907419,0.8259332100955807,0.5853475861403407,1541.1898151072392,0.32042261745248524
Girls_Under_Glass_-_We_Feel_Alright,nvidia/canary-1b-v2,me,18,71.39,71.83,deletion,0.4113437704121073,0.7704452698429426,0.5642329069475333,2116.16390306513,0.35916258953511715
Girls_Under_Glass_-_We_Feel_Alright,nvidia/canary-1b-v2,now,19,71.83,72.79,correct,0.3069729393419738,0.6264989330397489,0.7218879355260959,2063.6109070342495,0.45675164317855466
Girls_Under_Glass_-_We_Feel_Alright,nvidia/canary-1b-v2,i,20,74.36,74.68,correct,0.31681049019098284,0.6916173894756606,0.7986352341515678,2267.347888545034,0.5216982654162816
Girls_Under_Glass_-_We_Feel_Alright,nvidia/canary-1b-v2,feel,21,74.68,75.26,correct,0.3654713686259966,0.6465900239372064,0.8810722993479835,2215.2485382243276,0.4835980950839936
Girls_Under_Glass_-_We_Feel_Alright,nvidia/canary-1b-v2,your,22,75.26,75.86,correct,0.42022504668969374,0.7675751475187448,0.5557317279852354,1728.4062651031147,0.3921461570721406
Girls_Under_Glass_-_We_Feel_Alright,nvidia/canary-1b-v2,heartbeat,23,75.86,77.2,correct,0.36942831049155855,0.4781420828593481,1.444809938263562,1920.1670589643581,0.39464743963132304
Girls_Under_Glass_-_We_Feel_Alright,nvidia/canary-1b-v2,filled,24,77.2,77.64,substitution,0.4436217106413096,0.707529221001702,0.756551024193565,1986.7123210145212,0.39566144285102683
Girls_Under_Glass_-_We_Feel_Alright,nvidia/canary-1b-v2,with,25,77.64,78.21,correct,0.2813205210672271,0.5147374499469034,0.7940828766553633,2018.7226770930533,0.4510689745506933
Girls_Under_Glass_-_We_Feel_Alright,nvidia/canary-1b-v2,devotion,26,78.21,79.67,correct,0.34809387062385583,0.5833261498505142,0.694035252378245,2166.5301318917723,0.48130417477553056
Girls_Under_Glass_-_We_Feel_Alright,nvidia/canary-1b-v2,you're,27,87.7,88.09,correct,0.5096881763879643,0.7074636854123064,1.0121054275091304,1811.2950489491313,0.3363375684549642
Girls_Under_Glass_-_We_Feel_Alright,nvidia/canary-1b-v2,standing,28,88.09,88.97,correct,0.45378126776532124,0.7042547227520691,0.6713810067427786,2527.185372155274,0.4577388161107113
Girls_Under_Glass_-_We_Feel_Alright,nvidia/canary-1b-v2,by,29,88.97,89.41,substitution,0.4821409039820234,1.020507512614131,0.495078989615043,2040.0866003013389,0.39592343879242736
Girls_Under_Glass_-_We_Feel_Alright,nvidia/canary-1b-v2,my,30,89.41,89.79,correct,0.4567321458967721,0.9521299455224014,0.5170170126891718,2284.324758938705,0.45348817909636147
Girls_Under_Glass_-_We_Feel_Alright,nvidia/canary-1b-v2,side,31,89.79,90.63,correct,0.3851598044345667,0.6842874208731311,0.8192930025058788,2604.5005970703673,0.5239933650572222
Girls_Under_Glass_-_We_Feel_Alright,nvidia/canary-1b-v2,together,32,90.91,91.76,correct,0.4763478600716853,0.8726589827092139,0.6604495562694885,2029.3144038885848,0.4090228388597677
Girls_Under_Glass_-_We_Feel_Alright,nvidia/canary-1b-v2,we,33,91.76,92.42,substitution,0.4643603753712442,0.962637217508422,0.4992165048089292,2244.645954080306,0.3850783349739181
Girls_Under_Glass_-_We_Feel_Alright,nvidia/canary-1b-v2,enjoy,34,92.42,92.9,correct,0.4848158322274685,0.7903636782788314,0.6810951679944992,2249.619093564256,0.445041203728089
Girls_Under_Glass_-_We_Feel_Alright,nvidia/canary-1b-v2,the,35,92.9,93.68,correct,0.4923853391692752,1.0478294445645242,0.4830083754800615,2205.4234834817375,0.42649934015103746
Girls_Under_Glass_-_We_Feel_Alright,nvidia/canary-1b-v2,night,36,93.68,94.65,substitution,0.3536798765971547,0.6636221212822766,0.6772251745065053,2455.0511846224435,0.485794065395991
Girls_Under_Glass_-_We_Feel_Alright,nvidia/canary-1b-v2,i,37,97.12,97.36,correct,0.3995830153149587,0.9065921216927193,0.5811923367005808,2270.216467805172,0.4947334351363005
Girls_Under_Glass_-_We_Feel_Alright,nvidia/canary-1b-v2,will,38,97.36,97.54,correct,0.4729142226278782,0.7091216586530209,0.7279163107275963,1945.301193841031,0.4445934221148491
Girls_Under_Glass_-_We_Feel_Alright,nvidia/canary-1b-v2,follow,39,97.54,97.85,substitution,0.34577343503341956,0.8562181015663287,0.5793183814076817,2490.466956908747,0.5497492683284423
Girls_Under_Glass_-_We_Feel_Alright,nvidia/canary-1b-v2,you,40,97.85,98.99,correct,0.36417349553132644,0.6707021431142434,0.7336189407305639,2059.0604749988393,0.4623653571136662
Girls_Under_Glass_-_We_Feel_Alright,nvidia/canary-1b-v2,into,41,99.54,99.99,correct,0.4991753017719911,0.6549864298835093,0.8083175591060093,2108.555103435066,0.4229678304827943
Girls_Under_Glass_-_We_Feel_Alright,nvidia/canary-1b-v2,the,42,99.99,100.35,correct,0.5331118588264172,0.785413955266659,0.6929166164153662,1920.1596631640923,0.36502807797529757
Girls_Under_Glass_-_We_Feel_Alright,nvidia/canary-1b-v2,shining,43,100.35,101.38,substitution,0.46265671408928194,0.8498522193582209,0.55946716934711,2510.351259221887,0.45712644613540926
Girls_Under_Glass_-_We_Feel_Alright,nvidia/canary-1b-v2,light,44,101.38,101.76,correct,0.4471443799279985,0.9348176292010716,0.4979402919610341,2144.150267283043,0.4063097054050082
Girls_Under_Glass_-_We_Feel_Alright,nvidia/canary-1b-v2,you're,45,101.76,102.09,correct,0.3891184019545714,0.7000015361441506,0.6411088191800647,2114.6827889561014,0.3919351191984283
Girls_Under_Glass_-_We_Feel_Alright,nvidia/canary-1b-v2,standing,46,102.09,102.41,correct,0.18569520328726088,0.11433133190231663,2.4538391300610134,3073.859842044026,0.6121156547750746
Girls_Under_Glass_-_We_Feel_Alright,nvidia/canary-1b-v2,by,47,103.1,103.31,correct,0.4779231234089188,0.9385713813421519,0.5899041929970616,2258.0161633752095,0.40679609775543213
Girls_Under_Glass_-_We_Feel_Alright,nvidia/canary-1b-v2,my,48,103.34,103.44,correct,0.36329883833726245,0.7051394085089365,0.5249500622351965,1929.8188380999588,0.4066188807288806
Girls_Under_Glass_-_We_Feel_Alright,nvidia/canary-1b-v2,side,49,103.44,103.7,substitution,0.3174065500497818,0.44742288196395186,0.8831074946913225,3356.9255624457296,0.6740340333560417
Girls_Under_Glass_-_We_Feel_Alright,nvidia/canary-1b-v2,hand,50,103.7,103.95,correct,0.4747970700263977,0.9717022688300522,0.4962721180032801,2298.193879350965,0.43674342720596876
Girls_Under_Glass_-_We_Feel_Alright,nvidia/canary-1b-v2,in,51,103.95,104.37,correct,0.37792498812727304,0.7166463635537935,0.5429948833973511,2115.6097110506093,0.3948412097018698
Girls_Under_Glass_-_We_Feel_Alright,nvidia/canary-1b-v2,hand,52,104.37,104.82,substitution,0.46132378219341746,0.9177054087726437,0.5496986526615766,2065.0503723309803,0.3784916656357901
Girls_Under_Glass_-_We_Feel_Alright,nvidia/canary-1b-v2,we,53,104.82,104.84,correct,0.2847692320744197,0.6173054774602255,0.4601813753445943,1850.9518583894624,0.34885215759277344
Girls_Under_Glass_-_We_Feel_Alright,nvidia/canary-1b-v2,watch,54,104.84,105.2,correct,0.4577867280691862,0.9503133930265903,0.5336018458008767,2390.966920390757,0.4262421876192093
Girls_Under_Glass_-_We_Feel_Alright,nvidia/canary-1b-v2,the,55,105.2,106.04,correct,0.4071403649946054,0.7249285443582468,0.7638376222716438,2643.16381585539,0.5070440395010842
Girls_Under_Glass_-_We_Feel_Alright,nvidia/canary-1b-v2,light,56,106.72,107.0,correct,0.48969839801711423,0.9347809009975002,0.5842293116354174,2310.729823560021,0.4913294661429621
Girls_Under_Glass_-_We_Feel_Alright,nvidia/canary-1b-v2,when,57,107.0,107.74,substitution,0.44964711647480726,0.8024819407612085,0.5920299395918847,2119.2385868696147,0.42669717185199263
Girls_Under_Glass_-_We_Feel_Alright,nvidia/canary-1b-v2,we,58,107.74,107.83,correct,0.43533621430397035,1.0899649202823638,0.41089175939559935,1671.9481928542511,0.36594736874103545
Girls_Under_Glass_-_We_Feel_Alright,nvidia/canary-1b-v2,feel,59,107.83,108.17,correct,0.4960476395330931,0.9126227215716713,0.5495021319703052,2046.50928318657,0.40337665692756053
Girls_Under_Glass_-_We_Feel_Alright,nvidia/canary-1b-v2,alright,60,108.17,108.72,correct,0.3901440922991704,0.7532971483671059,0.6445052871259592,2457.6459564738466,0.4847577163728617
Girls_Under_Glass_-_We_Feel_Alright,nvidia/canary-1b-v2,alright,61,108.72,109.99,correct,0.43730539975375154,0.8558550502588279,0.7643986368266336,2436.8113464075423,0.4748780731737179
Girls_Under_Glass_-_We_Feel_Alright,nvidia/canary-1b-v2,when,62,112.48,112.97,correct,0.3580621871407385,0.6529824916549303,0.9346753507852554,2155.968958140076,0.44820584963869164
Girls_Under_Glass_-_We_Feel_Alright,nvidia/canary-1b-v2,you,63,112.97,113.22,substitution,0.45265055254653647,0.9717771493726306,0.5515153860604322,2307.789048186715,0.4915199975172679
Girls_Under_Glass_-_We_Feel_Alright,nvidia/canary-1b-v2,hold,64,113.22,113.38,substitution,0.5722601678636339,1.0649280945460002,0.5480389710929658,1619.0445853580486,0.3016239123211967
Girls_Under_Glass_-_We_Feel_Alright,nvidia/canary-1b-v2,my,65,113.38,113.7,deletion,0.6099908028330122,1.17674994128091,0.5464865037373134,1717.720304124369,0.35148329905101233
Girls_Under_Glass_-_We_Feel_Alright,nvidia/canary-1b-v2,hand,66,113.7,114.22,correct,0.2899442745143907,0.49641792979418187,0.8770255409834677,2653.931989516706,0.5834177722010696
Girls_Under_Glass_-_We_Feel_Alright,nvidia/canary-1b-v2,i,67,116.33,117.16,correct,0.2861948885023594,0.3743689596032103,0.8516124334600237,2802.0499629258766,0.6219723413387934
Girls_Under_Glass_-_We_Feel_Alright,nvidia/canary-1b-v2,do,68,132.03,132.84,correct,0.377788661368962,0.7533259371231342,0.5319012821405783,1711.6751620063192,0.39569056753454535
Girls_Under_Glass_-_We_Feel_Alright,nvidia/canary-1b-v2,not,69,132.84,133.97,substitution,0.34756659765223985,0.6909208742321514,0.560979418578695,2199.3102570081187,0.4994396804297557
Girls_Under_Glass_-_We_Feel_Alright,nvidia/canary-1b-v2,feel,70,133.97,134.09,substitution,0.12956726321807274,0.12941628236037034,1.01887669471594,2794.6507582825802,0.6260984585835383
Girls_Under_Glass_-_We_Feel_Alright,nvidia/canary-1b-v2,any,71,135.55,135.9,substitution,0.32414820672650085,0.6047716521118817,0.5630708085863214,1999.9426378822984,0.4748758979533848
Girls_Under_Glass_-_We_Feel_Alright,nvidia/canary-1b-v2,fear,72,135.9,136.07,deletion,0.2493278279900551,0.4699539318680763,0.5302006646990776,1973.4535109125786,0.37553019225597384
Girls_Under_Glass_-_We_Feel_Alright,nvidia/canary-1b-v2,while,73,136.07,136.51,correct,0.27809983771294355,0.5448663667775691,0.6300065293908119,2071.652164803638,0.4838483948260546
Girls_Under_Glass_-_We_Feel_Alright,nvidia/canary-1b-v2,you,74,136.51,136.57,correct,0.17853404049362456,0.0787289994103568,2.773473024368286,2288.1948471880664,0.5838622152805328
Girls_Under_Glass_-_We_Feel_Alright,nvidia/canary-1b-v2,disappear,75,136.57,137.13,correct,0.3372432015469817,0.4815705419808138,1.754934490215583,2187.258045898478,0.47767688065278724
Girls_Under_Glass_-_We_Feel_Alright,nvidia/canary-1b-v2,and,76,137.13,137.94,correct,0.3349034037740751,0.5751808239468212,0.7464521767079145,2026.2639728307047,0.4646598871411948
Girls_Under_Glass_-_We_Feel_Alright,nvidia/canary-1b-v2,you,77,137.94,138.7,deletion,0.3932158563558648,0.6536485943488959,0.6311738894480031,2000.7985169036997,0.45314615565102273
Girls_Under_Glass_-_We_Feel_Alright,nvidia/canary-1b-v2,start,78,139.35,139.88,correct,0.3458916237741186,0.5781636644612279,0.733731240818375,2066.0323685191797,0.4697650179528354
Girls_Under_Glass_-_We_Feel_Alright,nvidia/canary-1b-v2,to,79,139.88,140.05,correct,0.42490498094182266,0.6208911087167891,0.7357440371262399,2417.9845314681743,0.5197533290637167
Girls_Under_Glass_-_We_Feel_Alright,nvidia/canary-1b-v2,sing,80,140.05,140.25,correct,0.3140026087994161,0.38920127827188244,0.7974545774252518,2996.33137522593,0.5370775707389998
Girls_Under_Glass_-_We_Feel_Alright,nvidia/canary-1b-v2,feel,81,140.25,140.76,correct,0.5794683776118539,0.6774273998358032,0.8814219377257607,1707.3329379227264,0.3664827113801783
Girls_Under_Glass_-_We_Feel_Alright,nvidia/canary-1b-v2,the,82,140.76,140.82,correct,0.45848523718970163,0.604190605027335,0.7540190305028643,1422.064421315026,0.31953111716679167
Girls_Under_Glass_-_We_Feel_Alright,nvidia/canary-1b-v2,energy,83,140.82,141.24,substitution,0.17579838398682035,0.20288924277638612,0.9592489535393922,1923.2927057468792,0.4413489498521971
Girls_Under_Glass_-_We_Feel_Alright,nvidia/canary-1b-v2,i,84,147.32,147.52,correct,0.4179974530230869,0.5702014430002733,0.81083129752766,2174.828466788225,0.4736959839409048
Girls_Under_Glass_-_We_Feel_Alright,nvidia/canary-1b-v2,am,85,147.52,147.68,correct,0.3887177887890074,0.552632697754436,0.7448127302858565,2400.2165874337584,0.5144943545262018
Girls_Under_Glass_-_We_Feel_Alright,nvidia/canary-1b-v2,not,86,147.83,148.28,correct,0.30098129732876405,0.5539850439040028,0.7456474936738307,2178.9020153327783,0.49703472001211985
Girls_Under_Glass_-_We_Feel_Alright,nvidia/canary-1b-v2,afraid,87,148.28,148.51,substitution,0.32040229726296204,0.734572668488209,0.55907547301971,2550.451838190997,0.5273687575872128
Girls_Under_Glass_-_We_Feel_Alright,nvidia/canary-1b-v2,of,88,148.51,148.8,correct,0.22244520531967282,0.4925713110715151,0.4839212466031313,2989.2926221699677,0.643061026930809
Girls_Under_Glass_-_We_Feel_Alright,nvidia/canary-1b-v2,anything,89,148.8,149.78,correct,0.2407510359017622,0.40215753868577025,1.4280690567834036,2163.4632169598603,0.508007417122523
Girls_Under_Glass_-_We_Feel_Alright,nvidia/canary-1b-v2,of,90,150.9,150.96,substitution,0.21670525753870606,0.27667431998997927,1.5430637672543526,2795.663065949422,0.6602605618536472
Girls_Under_Glass_-_We_Feel_Alright,nvidia/canary-1b-v2,anything,91,150.96,151.64,correct,0.3809830826031019,0.7554950905989294,0.5249676083865231,2383.088504684481,0.4876641529063656
Girls_Under_Glass_-_We_Feel_Alright,nvidia/canary-1b-v2,you're,92,151.64,151.77,correct,0.2920604944229126,0.34450446714957556,0.9058385054270427,1842.0439193586867,0.43548513849576315
Girls_Under_Glass_-_We_Feel_Alright,nvidia/canary-1b-v2,standing,93,151.77,152.68,substitution,0.33693727687457387,0.4391024870113755,1.0153665396631981,2469.7261989054596,0.5052381854276268
Girls_Under_Glass_-_We_Feel_Alright,nvidia/canary-1b-v2,by,94,152.83,153.18,deletion,0.28734497802379805,0.48488886105135465,0.6522525686484116,1792.7527539934097,0.39896860947975743
Girls_Under_Glass_-_We_Feel_Alright,nvidia/canary-1b-v2,my,95,153.18,154.06,deletion,0.24999130160400743,0.43125500726072413,0.7056663607296191,2055.0082672458775,0.47003633975982667
Girls_Under_Glass_-_We_Feel_Alright,nvidia/canary-1b-v2,side,96,154.06,154.67,deletion,0.2634541488280802,0.4076818222688003,0.8711606331846931,2204.9037162873447,0.4941144773002827
Girls_Under_Glass_-_We_Feel_Alright,nvidia/canary-1b-v2,together,97,154.67,155.06,deletion,0.3061513577898343,0.5575512594410351,0.6557042925130754,2044.0129010835967,0.4901662128312247
Girls_Under_Glass_-_We_Feel_Alright,nvidia/canary-1b-v2,we,98,155.23,155.35,deletion,0.31308987736701965,0.5257398656436375,0.6362650181565966,2202.885998403171,0.5254540911742619
Girls_Under_Glass_-_We_Feel_Alright,nvidia/canary-1b-v2,enjoy,99,155.35,155.66,deletion,0.46195093147894917,0.6086227052352008,0.7926149543593911,2132.082616644903,0.45099931867683635
Girls_Under_Glass_-_We_Feel_Alright,nvidia/canary-1b-v2,the,100,155.66,155.82,deletion,0.25652922689914703,0.3785486701462004,0.8087116479873657,2564.4030046587886,0.6287700600094266
Girls_Under_Glass_-_We_Feel_Alright,nvidia/canary-1b-v2,night,101,155.82,156.62,deletion,0.2682072665413906,0.3208120849582998,1.1051934327202282,2255.5854493283027,0.5468451250558612
Girls_Under_Glass_-_We_Feel_Alright,nvidia/canary-1b-v2,i,102,159.09,160.41,deletion,0.25630555157615265,0.2885042781036505,0.958396659350731,2551.223840257583,0.5565784401457075
Girls_Under_Glass_-_We_Feel_Alright,nvidia/canary-1b-v2,will,103,164.53,164.9,deletion,0.4620232854674502,0.7217180349114465,0.6759803476856976,2089.8024118436333,0.3823449571685093
Girls_Under_Glass_-_We_Feel_Alright,nvidia/canary-1b-v2,follow,104,164.9,165.26,deletion,0.4643599815093554,0.7808284411827723,0.6319963175516862,2970.453310985236,0.5582988193401923
Girls_Under_Glass_-_We_Feel_Alright,nvidia/canary-1b-v2,you,105,165.26,165.35,deletion,0.496775513345545,0.8314516733993184,0.6102064685388044,2081.466725946001,0.3633108978921717
Girls_Under_Glass_-_We_Feel_Alright,nvidia/canary-1b-v2,into,106,165.35,165.74,deletion,0.42521838808343526,0.7566007006736029,0.5976622352997462,2197.1181838900775,0.4002461028950555
Girls_Under_Glass_-_We_Feel_Alright,nvidia/canary-1b-v2,the,107,165.74,165.86,correct,0.4342835322022438,0.9486334600618908,0.47728755857263294,1716.7268511163552,0.3367054377283369
Girls_Under_Glass_-_We_Feel_Alright,nvidia/canary-1b-v2,shining,108,165.86,166.25,correct,0.4710742304491442,0.8996031755624816,0.5480554353359134,2148.87757031644,0.4083957076072693
Girls_Under_Glass_-_We_Feel_Alright,nvidia/canary-1b-v2,light,109,166.25,166.53,correct,0.3994788969716718,0.98449069646097,0.42110255937422475,2211.0640458128228,0.3970183518625075
Girls_Under_Glass_-_We_Feel_Alright,nvidia/canary-1b-v2,you're,110,166.53,166.62,correct,0.44535861611366273,0.734286543726921,0.6668298244476318,2425.9577591470375,0.498826676607132
Girls_Under_Glass_-_We_Feel_Alright,nvidia/canary-1b-v2,standing,111,166.62,167.92,substitution,0.357527157903782,0.5636431537568569,1.2670894197055271,2439.4861020488433,0.502213040632861
Girls_Under_Glass_-_We_Feel_Alright,nvidia/canary-1b-v2,by,112,167.92,168.0,correct,0.4259121984243393,0.7046992495656014,0.7758437722921372,2303.6059501338423,0.4976026237010956
Girls_Under_Glass_-_We_Feel_Alright,nvidia/canary-1b-v2,my,113,168.0,169.54,substitution,0.480081869616653,0.896621869730227,0.57408306165175,1997.3288109043176,0.3626727771578413
Girls_Under_Glass_-_We_Feel_Alright,nvidia/canary-1b-v2,side,114,169.57,170.15,correct,0.5158585116030678,0.8417705874594431,0.6605799604975988,2138.1264310467445,0.40446685089005363
Girls_Under_Glass_-_We_Feel_Alright,nvidia/canary-1b-v2,hand,115,170.15,171.43,substitution,0.43894194145381016,0.82228716998531,0.7313518572027666,2263.7338501403856,0.41910143414117995
Girls_Under_Glass_-_We_Feel_Alright,nvidia/canary-1b-v2,in,116,173.96,174.02,correct,0.3633483424782753,0.8664816431701183,0.44700416177511215,2425.1616530682113,0.5172741487622261
Girls_Under_Glass_-_We_Feel_Alright,nvidia/canary-1b-v2,hand,117,174.02,174.22,substitution,0.42152735049074347,0.9027458700266752,0.48598721487955615,2070.949359874395,0.4645397541197864
Girls_Under_Glass_-_We_Feel_Alright,nvidia/canary-1b-v2,we,118,174.22,174.29,correct,0.4093843512237072,0.9511284977197647,0.4428979232907295,2108.4635108476414,0.4548304118216038
Girls_Under_Glass_-_We_Feel_Alright,nvidia/canary-1b-v2,watch,119,174.29,174.38,correct,0.3200900039889596,0.520971767604351,0.9343067543073134,2300.5844457480353,0.45703754370862787
Girls_Under_Glass_-_We_Feel_Alright,nvidia/canary-1b-v2,the,120,174.38,175.79,substitution,0.3577330226683064,0.7432658606215029,0.6744838773414789,1961.3869491262433,0.4298287689291089
Girls_Under_Glass_-_We_Feel_Alright,nvidia/canary-1b-v2,light,121,176.34,176.59,deletion,0.3300079293549061,0.38913335145584177,0.9220046954495567,2272.6829427177827,0.469447524952037
Girls_Under_Glass_-_We_Feel_Alright,nvidia/canary-1b-v2,and,122,176.59,177.15,deletion,0.47576439877351123,0.8266685888171196,0.6088565866152446,2090.3524669640206,0.4112417548894882
Girls_Under_Glass_-_We_Feel_Alright,nvidia/canary-1b-v2,we,123,177.15,177.21,deletion,0.31663990765810013,0.5856457129120827,0.5620329640805721,3403.9004426604292,0.6350132003426552
Girls_Under_Glass_-_We_Feel_Alright,nvidia/canary-1b-v2,feel,124,177.21,177.39,unknown,0.33935823738574983,0.6905242368578911,0.5222591951489448,3154.894608561823,0.6028059959411621
Girls_Under_Glass_-_We_Feel_Alright,nvidia/canary-1b-v2,alright,125,177.39,178.2,unknown,0.4537222923218519,0.8209477813764551,0.5746368632234377,2157.1287090922606,0.4050255363014923
Girls_Under_Glass_-_We_Feel_Alright,nvidia/canary-1b-v2,alright,126,178.2,178.78,unknown,0.48251465672538396,0.906220467317672,0.5605806840790643,2089.3627309619483,0.3856912993249439
Girls_Under_Glass_-_We_Feel_Alright,nvidia/canary-1b-v2,alright,127,178.78,179.12,unknown,0.2075106338842919,0.2257555025678716,1.6062857571401095,2720.337795387367,0.5845963688273179
Girls_Under_Glass_-_We_Feel_Alright,nvidia/canary-1b-v2,you're,128,179.87,180.26,unknown,0.37929159828594755,0.6430845893365109,1.507941029611088,2086.753588471456,0.4208382201336679
Girls_Under_Glass_-_We_Feel_Alright,nvidia/canary-1b-v2,standing,129,180.26,181.14,unknown,0.39629386914403814,0.6764678028069044,0.61997114451308,2506.3093706880964,0.47573241999274807
Girls_Under_Glass_-_We_Feel_Alright,nvidia/canary-1b-v2,by,130,181.14,181.59,unknown,0.5055774194853646,0.9831472276424875,0.5523564754700174,2141.1551066331626,0.3602329246243652
Girls_Under_Glass_-_We_Feel_Alright,nvidia/canary-1b-v2,my,131,181.59,181.95,unknown,0.4700403480957716,0.8896786226676061,0.5511230421371949,2070.842946640389,0.3743126950202844
Girls_Under_Glass_-_We_Feel_Alright,nvidia/canary-1b-v2,side,132,181.95,182.94,unknown,0.3664998075463504,0.6269281658857504,0.8028203318609255,2714.2236713546317,0.5189636789749716
Girls_Under_Glass_-_We_Feel_Alright,nvidia/canary-1b-v2,hand,133,183.48,183.83,unknown,0.4234229538981852,0.7508002815670088,0.6753041744232178,2203.191884581827,0.46858522139097514
Girls_Under_Glass_-_We_Feel_Alright,nvidia/canary-1b-v2,in,134,183.83,183.99,unknown,0.5549565239085091,0.6434247692426046,0.8666878706879086,1717.4070768871757,0.2948995903134346
Girls_Under_Glass_-_We_Feel_Alright,nvidia/canary-1b-v2,hand,135,183.99,184.53,unknown,0.4374650524834455,0.7711115161241111,0.6088195660356748,2051.338007936747,0.40070237951763604
Girls_Under_Glass_-_We_Feel_Alright,nvidia/canary-1b-v2,we,136,184.53,184.86,unknown,0.4833906011448966,0.8366434392001894,0.599921685953935,2041.34065509522,0.4120393271247546
Girls_Under_Glass_-_We_Feel_Alright,nvidia/canary-1b-v2,watch,137,184.86,185.43,unknown,0.40592764726569575,0.7747996151447296,0.6165258134565046,2223.79767856428,0.44139728599017664
Girls_Under_Glass_-_We_Feel_Alright,nvidia/canary-1b-v2,the,138,185.43,185.51,unknown,0.2720531043079164,0.29539476914538276,1.172172678841485,2617.186699184609,0.5711514287524753
Girls_Under_Glass_-_We_Feel_Alright,nvidia/canary-1b-v2,light,139,185.51,185.63,unknown,0.5297296409096036,1.0500237601143974,0.5185031763144902,2290.0506027061397,0.47044052822249277
Girls_Under_Glass_-_We_Feel_Alright,nvidia/canary-1b-v2,and,140,185.63,186.75,unknown,0.41298080605169957,0.7848852906252973,0.7715850339448156,2451.4583262987253,0.475255503634776
Girls_Under_Glass_-_We_Feel_Alright,nvidia/canary-1b-v2,we,141,189.24,189.31,unknown,0.18753545979658762,0.15367046867807707,4.661183860566881,2483.476746753665,0.5139789217048221
Girls_Under_Glass_-_We_Feel_Alright,nvidia/canary-1b-v2,feel,142,189.31,189.4,unknown,0.44167959690093994,0.832691204547882,0.5657995194196701,2273.4250353232287,0.4629697561264038
Girls_Under_Glass_-_We_Feel_Alright,nvidia/canary-1b-v2,alright,143,189.4,189.93,unknown,0.4230903248334753,0.6735854812994085,0.8318715686428135,2227.045022197181,0.4745923624984149
Girls_Under_Glass_-_We_Feel_Alright,nvidia/canary-1b-v2,alright,144,189.93,191.06,unknown,0.37803615140151386,0.7323621175875349,0.7136492037083492,2280.364931221121,0.48521691757785385
Girls_Under_Glass_-_We_Feel_Alright,nvidia/canary-1b-v2,alright,145,193.19,194.09,unknown,0.46135569548176736,0.5856153625495655,0.8952848388976657,2501.2593921527737,0.5761556622293806
Girls_Under_Glass_-_We_Feel_Alright,nvidia/canary-1b-v2,alright,146,197.01,197.83,unknown,0.41169841710308736,0.5878128689205782,0.810376164926724,2570.509103060585,0.5985146401958032
Girls_Under_Glass_-_We_Feel_Alright,nvidia/canary-1b-v2,we,147,210.62,210.98,unknown,0.5103351112741691,0.6264868636543934,0.8597395068559891,1955.9970840835467,0.3542936058380665
Girls_Under_Glass_-_We_Feel_Alright,nvidia/canary-1b-v2,feel,148,210.98,211.93,unknown,0.4471258520349568,0.7345065319654989,0.617548496407621,2406.428770417892,0.4214935472198561
Girls_Under_Glass_-_We_Feel_Alright,nvidia/canary-1b-v2,alright,149,211.93,212.84,unknown,0.4347929583520305,0.8624403891818864,0.5455098067011152,2365.4685146331794,0.45484876206942965
James_Elder_Mark_M_Thompson_-_The_English_Actor,nvidia/canary-1b-v2,are,0,5.91,5.94,correct,0.01717776106670499,0.01620789198204875,1.0636685341596603,1255.1709563846548,0.31197260320186615
James_Elder_Mark_M_Thompson_-_The_English_Actor,nvidia/canary-1b-v2,we,1,5.94,6.77,correct,0.024355506224350797,0.02011078141319255,1.3324435671170554,1753.974974720405,0.4021151082383262
James_Elder_Mark_M_Thompson_-_The_English_Actor,nvidia/canary-1b-v2,moving,2,7.66,13.84,substitution,0.23776985376395962,0.24286584062784006,0.9837218255707711,838.7078779273943,0.16273284311773198
James_Elder_Mark_M_Thompson_-_The_English_Actor,nvidia/canary-1b-v2,where,3,13.84,13.93,substitution,0.06339346133172512,0.04909285129979253,2.7010765075683594,2102.676817604214,0.476045823097229
James_Elder_Mark_M_Thompson_-_The_English_Actor,nvidia/canary-1b-v2,the,4,15.3,15.36,deletion,0.12754449847021274,0.12895451981707343,1.519483540739332,1941.3046867567773,0.5018270569188255
James_Elder_Mark_M_Thompson_-_The_English_Actor,nvidia/canary-1b-v2,sun,5,15.36,20.69,deletion,0.2342874400566458,0.23848508336042792,0.9931724081978018,876.1387906052919,0.17306988428368092
James_Elder_Mark_M_Thompson_-_The_English_Actor,nvidia/canary-1b-v2,will,6,20.69,20.76,deletion,0.052017897781398564,0.05451487501462301,0.9837916692097982,1917.544370945347,0.4866759081681569
James_Elder_Mark_M_Thompson_-_The_English_Actor,nvidia/canary-1b-v2,always,7,20.76,20.89,deletion,0.028079242445528507,0.026629526579442123,2.814298379421234,1863.7831621163516,0.495294980208079
James_Elder_Mark_M_Thompson_-_The_English_Actor,nvidia/canary-1b-v2,shine,8,23.05,24.21,deletion,0.18928379252552985,0.19649406695365906,0.9745386142730713,840.6795885405977,0.17827922576665878
James_Elder_Mark_M_Thompson_-_The_English_Actor,nvidia/canary-1b-v2,up,9,24.21,24.46,deletion,0.3527031088513987,0.6691338180431298,0.5734786636063031,960.0697026124202,0.17345078449164117
James_Elder_Mark_M_Thompson_-_The_English_Actor,nvidia/canary-1b-v2,and,10,24.46,24.7,correct,0.6167969898535655,0.8886392987691439,0.7038341485537015,843.4431683959714,0.17446625261352613
James_Elder_Mark_M_Thompson_-_The_English_Actor,nvidia/canary-1b-v2,over,11,24.7,25.06,correct,0.31893333829939363,1.0250251114368438,0.3889024626463652,1197.463399324924,0.26642766408622265
James_Elder_Mark_M_Thompson_-_The_English_Actor,nvidia/canary-1b-v2,where,12,25.09,26.76,correct,0.26748186208349367,0.30330446387469434,0.9307817621937011,988.5183336099765,0.2009280922317971
James_Elder_Mark_M_Thompson_-_The_English_Actor,nvidia/canary-1b-v2,we,13,26.76,27.47,substitution,0.14419299951911746,0.1447450973020939,1.174565144947597,1308.6613346979009,0.2926113915133786
James_Elder_Mark_M_Thompson_-_The_English_Actor,nvidia/canary-1b-v2,first,14,28.03,28.53,correct,0.10653414197943427,0.7617737726731734,0.1717650054530664,2494.1905860661245,0.5475498222491958
James_Elder_Mark_M_Thompson_-_The_English_Actor,nvidia/canary-1b-v2,felt,15,28.53,29.15,substitution,0.2395277462566077,1.4099929982156896,0.1783388533921384,1997.2992296497382,0.394984470596954
James_Elder_Mark_M_Thompson_-_The_English_Actor,nvidia/canary-1b-v2,art,16,29.15,30.41,substitution,0.3364653933379385,0.9916510527884519,0.3738477028078503,1762.4359376794575,0.3379288762807846
James_Elder_Mark_M_Thompson_-_The_English_Actor,nvidia/canary-1b-v2,divine,17,30.44,31.88,correct,0.2511903462390746,0.4899894534580169,0.7347109489863919,1215.0954318514541,0.2693181706051673
James_Elder_Mark_M_Thompson_-_The_English_Actor,nvidia/canary-1b-v2,moving,18,31.88,35.33,correct,0.25401136508277117,0.3987662112794635,0.9732970186486477,1130.5382529693593,0.24678277918882163
James_Elder_Mark_M_Thompson_-_The_English_Actor,nvidia/canary-1b-v2,forward,19,35.67,36.14,correct,0.16626037556824147,0.8947637953844569,1.6779369413852692,1865.1344768033193,0.42184412990714987
James_Elder_Mark_M_Thompson_-_The_English_Actor,nvidia/canary-1b-v2,pick,20,36.14,36.23,correct,0.07004204527898268,0.09572218493981795,0.7552684816447172,2707.5185040517204,0.6737284172664989
James_Elder_Mark_M_Thompson_-_The_English_Actor,nvidia/canary-1b-v2,a,21,36.23,36.26,substitution,0.28387191519141197,1.0379014126956463,0.33644284307956696,1428.2493339995085,0.3067232444882393
James_Elder_Mark_M_Thompson_-_The_English_Actor,nvidia/canary-1b-v2,road,22,36.26,36.62,substitution,0.18250601552426815,1.7941004812717438,0.11567586800083518,1971.8411983822712,0.430320205911994
James_Elder_Mark_M_Thompson_-_The_English_Actor,nvidia/canary-1b-v2,follow,23,36.62,37.08,correct,0.12290632523596287,0.5553434032201767,0.40936856910586356,2295.2511117990002,0.5496972942352295
James_Elder_Mark_M_Thompson_-_The_English_Actor,nvidia/canary-1b-v2,the,24,37.16,37.88,correct,0.12265204060345124,1.4602051535860086,0.21150630234907836,1728.8125475881102,0.37673939076753765
James_Elder_Mark_M_Thompson_-_The_English_Actor,nvidia/canary-1b-v2,sign,25,37.88,38.05,substitution,0.15364065276164757,0.5621285269919195,0.5188971161842346,2488.3923331965043,0.6188426002075798
James_Elder_Mark_M_Thompson_-_The_English_Actor,nvidia/canary-1b-v2,heading,26,38.05,39.54,correct,0.23343601610977202,0.572860466176644,0.7449655076721683,1570.3582692897344,0.3620966744609177
James_Elder_Mark_M_Thompson_-_The_English_Actor,nvidia/canary-1b-v2,upward,27,39.57,39.83,correct,0.3075314914358073,0.6923879641911079,0.47290245417890875,935.2635336855844,0.19804572622323857
James_Elder_Mark_M_Thompson_-_The_English_Actor,nvidia/canary-1b-v2,to,28,39.83,39.89,substitution,0.39655495967183796,0.422386463199343,0.9404697673661369,2278.9184655891368,0.538252170596804
James_Elder_Mark_M_Thompson_-_The_English_Actor,nvidia/canary-1b-v2,the,29,39.89,39.95,substitution,0.3444378152489662,0.3846762627363205,0.8915456980466843,1350.8834538572569,0.3368420712649822
James_Elder_Mark_M_Thompson_-_The_English_Actor,nvidia/canary-1b-v2,sound,30,39.95,40.07,substitution,0.29162698664835524,0.3926705377442496,0.8508148682968957,1217.533094753289,0.3074138153876577
James_Elder_Mark_M_Thompson_-_The_English_Actor,nvidia/canary-1b-v2,afar,31,40.07,40.29,substitution,0.3203963947792848,2.047462545335293,0.1933263229827086,906.3127185690324,0.18469338615735373
James_Elder_Mark_M_Thompson_-_The_English_Actor,nvidia/canary-1b-v2,i,32,40.29,40.32,correct,0.3755469024181366,0.4030289128422737,0.9720235466957092,1992.8063401817572,0.4785540699958801
James_Elder_Mark_M_Thompson_-_The_English_Actor,nvidia/canary-1b-v2,don't,33,40.32,43.39,substitution,0.24270003376171945,0.268711215708869,0.9547046163886513,1065.6588248391301,0.22720946783715107
James_Elder_Mark_M_Thompson_-_The_English_Actor,nvidia/canary-1b-v2,recognize,34,43.39,43.68,substitution,0.08958562120096758,0.3192061484369333,1.712787160417065,1874.568677253793,0.4496239270083606
James_Elder_Mark_M_Thompson_-_The_English_Actor,nvidia/canary-1b-v2,the,35,43.68,45.29,correct,0.21806316053884667,1.1862281140719735,0.2847353835308621,1799.397376591032,0.4205084457387065
James_Elder_Mark_M_Thompson_-_The_English_Actor,nvidia/canary-1b-v2,warning,36,45.35,45.56,substitution,0.12966698278551517,1.1035502008769824,0.14021915974824326,1582.4190054486348,0.36473499562429346
James_Elder_Mark_M_Thompson_-_The_English_Actor,nvidia/canary-1b-v2,sign,37,45.56,47.26,substitution,0.2441764215994728,0.542979283655276,0.6706708974403436,1478.0047025933602,0.32790328623330006
James_Elder_Mark_M_Thompson_-_The_English_Actor,nvidia/canary-1b-v2,you,38,47.26,47.46,substitution,0.2968903847716071,0.6606934111226689,0.4790191094983708,1021.8379672456166,0.2265663126652891
James_Elder_Mark_M_Thompson_-_The_English_Actor,nvidia/canary-1b-v2,never,39,47.46,47.92,substitution,0.3567251369357109,0.8225378653407097,0.555433316230774,1056.3568731424984,0.22410642191767693
James_Elder_Mark_M_Thompson_-_The_English_Actor,nvidia/canary-1b-v2,see,40,47.92,47.98,substitution,0.3102122630391802,0.3715754577091762,0.8958424500056675,1407.8683632490468,0.34293411884989056
James_Elder_Mark_M_Thompson_-_The_English_Actor,nvidia/canary-1b-v2,you,41,47.98,48.06,substitution,0.3286819741129875,0.7224424719810486,0.4501305162906647,1719.3289167433372,0.39719468355178833
James_Elder_Mark_M_Thompson_-_The_English_Actor,nvidia/canary-1b-v2,never,42,48.06,51.41,deletion,0.21891641071555334,0.3189120920968122,0.934225563896435,1330.6946179280117,0.2960395334944046
James_Elder_Mark_M_Thompson_-_The_English_Actor,nvidia/canary-1b-v2,see,43,51.41,51.62,deletion,0.10911034978926182,0.7413085624575615,0.18950393438960114,2726.6735988553937,0.6517087010045847
James_Elder_Mark_M_Thompson_-_The_English_Actor,nvidia/canary-1b-v2,no,44,51.62,52.25,correct,0.12374671636258855,1.8047692153383703,0.07497338030268164,1820.734943948436,0.40415485773016424
James_Elder_Mark_M_Thompson_-_The_English_Actor,nvidia/canary-1b-v2,matter,45,52.25,52.44,substitution,0.1982493613447462,0.45034740262088324,0.6222861423378899,1918.342320546478,0.43470948224975947
James_Elder_Mark_M_Thompson_-_The_English_Actor,nvidia/canary-1b-v2,how,46,52.52,52.91,substitution,0.4639070892617816,1.6683725080497207,0.33059651280442875,2096.26755954716,0.3221177075590406
James_Elder_Mark_M_Thompson_-_The_English_Actor,nvidia/canary-1b-v2,the,47,52.91,62.56,substitution,0.2601860478677571,0.7496263696398825,0.7004388857282388,2100.0778913113645,0.45309470280296704
James_Elder_Mark_M_Thompson_-_The_English_Actor,nvidia/canary-1b-v2,future,48,62.79,63.07,substitution,0.3142292042893748,0.5351949814226358,1.2719746280101039,2655.0946722691187,0.6152695494313394
James_Elder_Mark_M_Thompson_-_The_English_Actor,nvidia/canary-1b-v2,will,49,63.12,63.47,correct,0.3999351725364343,1.104564750423798,0.44863911049488264,2154.6187464279183,0.49183215621190196
James_Elder_Mark_M_Thompson_-_The_English_Actor,nvidia/canary-1b-v2,be,50,63.47,63.53,correct,0.15386785566806793,0.13826325322900498,1.1189019594873701,2163.021714839647,0.4849015346595219
James_Elder_Mark_M_Thompson_-_The_English_Actor,nvidia/canary-1b-v2,future,51,63.53,63.92,correct,0.30254569025926814,0.5176725240294323,0.980592398449432,2657.807423164995,0.5852754289327666
James_Elder_Mark_M_Thompson_-_The_English_Actor,nvidia/canary-1b-v2,will,52,63.92,63.99,correct,0.13440213073045015,0.06888406770303845,1.9360575377941132,2569.6754322003508,0.6226178407669067
James_Elder_Mark_M_Thompson_-_The_English_Actor,nvidia/canary-1b-v2,be,53,63.99,64.05,correct,0.09482275508344173,0.0555102052167058,1.719680592417717,2099.173545671441,0.4960610345005989
James_Elder_Mark_M_Thompson_-_The_English_Actor,nvidia/canary-1b-v2,we're,54,64.05,64.22,correct,0.5115630132587332,0.6368920138399852,0.8917460598443684,1338.3754772557604,0.25434317949571106
James_Elder_Mark_M_Thompson_-_The_English_Actor,nvidia/canary-1b-v2,heading,55,64.22,64.72,correct,0.4736726866276176,1.0040328944170918,0.6349507470925649,1912.350762063469,0.37615777358964636
James_Elder_Mark_M_Thompson_-_The_English_Actor,nvidia/canary-1b-v2,back,56,64.77,64.97,substitution,0.3556415224852769,0.8613389296376187,0.6494789123535156,2279.385820055327,0.48710037832674774
James_Elder_Mark_M_Thompson_-_The_English_Actor,nvidia/canary-1b-v2,to,57,64.97,65.18,correct,0.34090566375981207,0.3875347032495167,0.8668481655742811,2385.770167711943,0.4956196481766908
James_Elder_Mark_M_Thompson_-_The_English_Actor,nvidia/canary-1b-v2,where,58,65.18,65.53,substitution,0.41019683527319056,0.8194737638297834,0.6579696277254506,1845.275869334168,0.38331810816338185
James_Elder_Mark_M_Thompson_-_The_English_Actor,nvidia/canary-1b-v2,we,59,65.53,65.65,substitution,0.3407141640782356,1.008514481995787,0.4108316866414888,2565.2821429618957,0.4616846059049879
James_Elder_Mark_M_Thompson_-_The_English_Actor,nvidia/canary-1b-v2,come,60,65.65,65.9,substitution,0.297434039413929,0.5353387695338044,0.7741277750049319,2164.922889350206,0.45426975935697556
James_Elder_Mark_M_Thompson_-_The_English_Actor,nvidia/canary-1b-v2,from,61,65.9,66.36,correct,0.3208001145720482,1.1013115118443966,0.506531927883625,2001.6975882348033,0.40022882461547854
James_Elder_Mark_M_Thompson_-_The_English_Actor,nvidia/canary-1b-v2,where,62,66.36,66.94,correct,0.2749229338434007,0.6145131646522454,0.875341317483357,1909.7554487555778,0.4150158980536082
James_Elder_Mark_M_Thompson_-_The_English_Actor,nvidia/canary-1b-v2,we,63,66.94,67.09,substitution,0.3701362513444003,0.8672989720807356,0.5176742252181558,2218.803325771985,0.4713941111284144
James_Elder_Mark_M_Thompson_-_The_English_Actor,nvidia/canary-1b-v2,come,64,67.09,67.34,correct,0.27934941704626437,0.4949218812916014,0.7099666319511555,2142.1667436277776,0.47310024941409073
James_Elder_Mark_M_Thompson_-_The_English_Actor,nvidia/canary-1b-v2,from,65,67.34,67.83,correct,0.2885610821346442,0.8556489421537629,0.6385032415941909,2289.3211929954036,0.5206206849327794
James_Elder_Mark_M_Thompson_-_The_English_Actor,nvidia/canary-1b-v2,we're,66,68.3,68.55,substitution,0.341230840289167,1.4560877832451038,0.46363729930349756,1773.314903659042,0.3988758974841663
James_Elder_Mark_M_Thompson_-_The_English_Actor,nvidia/canary-1b-v2,the,67,68.55,68.88,correct,0.5974518710540401,0.8351605075101057,0.7972869972387949,2059.5654111467793,0.3817781520386537
James_Elder_Mark_M_Thompson_-_The_English_Actor,nvidia/canary-1b-v2,open,68,68.88,69.55,substitution,0.321103027349131,0.6524124232625278,1.404616391286254,1686.4146391073634,0.4048518083161778
James_Elder_Mark_M_Thompson_-_The_English_Actor,nvidia/canary-1b-v2,the,69,70.21,70.5,substitution,0.5726169706322253,0.8315323715796694,0.9075457155704498,1806.2415557325776,0.31950069312006235
James_Elder_Mark_M_Thompson_-_The_English_Actor,nvidia/canary-1b-v2,outspoken,70,70.5,71.61,substitution,0.32674802332615654,0.6884108699717316,1.0979192985706971,1949.8571367442971,0.3890180462548713
James_Elder_Mark_M_Thompson_-_The_English_Actor,nvidia/canary-1b-v2,english,71,71.99,72.58,correct,0.21222950308583677,0.6695799347362481,0.4103906073141843,1818.1900973523009,0.37413551821373403
James_Elder_Mark_M_Thompson_-_The_English_Actor,nvidia/canary-1b-v2,actors,72,72.68,73.16,correct,0.25071085043824637,0.7321024585801822,0.6697659877916942,2138.2016217453875,0.5178015782282903
James_Elder_Mark_M_Thompson_-_The_English_Actor,nvidia/canary-1b-v2,to,73,73.16,73.32,correct,0.4764662840300136,0.6642789857255088,0.7272675004270341,1606.9099810030339,0.39253266486856675
James_Elder_Mark_M_Thompson_-_The_English_Actor,nvidia/canary-1b-v2,the,74,73.32,73.38,correct,0.36554405465722084,0.47093459218740463,0.7759568467736244,1333.2179565571264,0.31806978583335876
James_Elder_Mark_M_Thompson_-_The_English_Actor,nvidia/canary-1b-v2,catcher,75,73.38,73.46,substitution,0.2793123887644874,0.34768550594647724,0.8329957789844937,1621.0815365434964,0.40955075290468
James_Elder_Mark_M_Thompson_-_The_English_Actor,nvidia/canary-1b-v2,i'm,76,73.46,77.73,substitution,0.2455983745582255,0.24709735374645017,1.0055341964477522,1100.601652492289,0.23700512415796715
James_Elder_Mark_M_Thompson_-_The_English_Actor,nvidia/canary-1b-v2,the,77,77.73,77.79,substitution,0.09304417350462504,0.017488273459353616,11.448219367436,2385.2662573567018,0.5816698542663029
James_Elder_Mark_M_Thompson_-_The_English_Actor,nvidia/canary-1b-v2,catcher,78,80.59,80.69,substitution,0.25286317176439543,0.27225280993364076,1.0350711291486567,1682.3505168739246,0.4242368557236411
James_Elder_Mark_M_Thompson_-_The_English_Actor,nvidia/canary-1b-v2,in,79,80.69,81.71,substitution,0.322643128443848,0.3312338088046421,0.9737504249269312,842.8573717393416,0.17714375589381565
James_Elder_Mark_M_Thompson_-_The_English_Actor,nvidia/canary-1b-v2,the,80,81.71,82.84,correct,0.3934719790933562,0.6271793635897949,0.7273810276242553,1658.9181727976734,0.3344172242357106
James_Elder_Mark_M_Thompson_-_The_English_Actor,nvidia/canary-1b-v2,rye,81,82.87,85.54,correct,0.2336826250999124,0.23943671137192188,1.0621571394947025,1188.876687439703,0.24569548803244853
James_Elder_Mark_M_Thompson_-_The_English_Actor,nvidia/canary-1b-v2,ode,82,85.59,86.06,substitution,0.11386746851106484,0.5380083300246328,0.6955007644114541,1961.142620391112,0.45296841041714536
James_Elder_Mark_M_Thompson_-_The_English_Actor,nvidia/canary-1b-v2,to,83,86.06,86.68,correct,0.15449258340383643,1.6749443622834201,0.16330252370950002,1866.3713297116105,0.4173977188209989
James_Elder_Mark_M_Thompson_-_The_English_Actor,nvidia/canary-1b-v2,salinger,84,86.71,87.11,substitution,0.17276287979857866,0.6964938819061878,0.2844519069374994,2302.218487339628,0.537339908092521
James_Elder_Mark_M_Thompson_-_The_English_Actor,nvidia/canary-1b-v2,that,85,87.11,87.8,correct,0.585541544953982,1.1679978122313817,0.49456607232491173,1215.0656887178795,0.22113897879918418
James_Elder_Mark_M_Thompson_-_The_English_Actor,nvidia/canary-1b-v2,the,86,87.83,87.93,correct,0.14326074222723642,0.600545283096532,0.5896336063742638,2075.0381359185144,0.5096460531155268
James_Elder_Mark_M_Thompson_-_The_English_Actor,nvidia/canary-1b-v2,man,87,87.93,89.71,substitution,0.4020494606872504,0.6947554718917577,0.7852272799345835,1049.149420032176,0.22128770106437942
James_Elder_Mark_M_Thompson_-_The_English_Actor,nvidia/canary-1b-v2,not,88,89.71,89.82,substitution,0.29704950749874115,0.359278650333484,0.8429269641637802,1730.1454563614225,0.4237433510522048
James_Elder_Mark_M_Thompson_-_The_English_Actor,nvidia/canary-1b-v2,even,89,89.82,90.05,substitution,0.24855067007816756,0.8150625687379104,0.4632087183686403,1689.5447442885363,0.4039023661842713
James_Elder_Mark_M_Thompson_-_The_English_Actor,nvidia/canary-1b-v2,try,90,90.05,90.19,substitution,0.24756355583667755,1.3369421251118183,0.2144649438560009,1076.7434077663743,0.22378065343946218
James_Elder_Mark_M_Thompson_-_The_English_Actor,nvidia/canary-1b-v2,to,91,90.19,90.25,substitution,0.4106771264757429,0.6300543206078666,0.6485492501940046,1589.2784082460146,0.35892224524702343
James_Elder_Mark_M_Thompson_-_The_English_Actor,nvidia/canary-1b-v2,recognize,92,90.25,92.88,substitution,0.25598437578833483,0.27908998490179104,0.9621803568187335,1084.7700621321544,0.23623760212344905
James_Elder_Mark_M_Thompson_-_The_English_Actor,nvidia/canary-1b-v2,the,93,93.33,98.25,substitution,0.34459340448771025,0.8769839737356725,1.0084073396165902,2273.3005788957566,0.4730249608905823
James_Elder_Mark_M_Thompson_-_The_English_Actor,nvidia/canary-1b-v2,heart,94,98.6,99.09,substitution,0.3006440538842723,0.7701677060554261,2.184378689752435,2108.7542782864925,0.4811903676896725
James_Elder_Mark_M_Thompson_-_The_English_Actor,nvidia/canary-1b-v2,inside,95,99.09,99.63,substitution,0.3074320259235673,0.7187577132451333,0.5479407568099135,2302.2877790767184,0.43521724388761035
James_Elder_Mark_M_Thompson_-_The_English_Actor,nvidia/canary-1b-v2,you,96,99.63,100.03,substitution,0.46860120774701586,1.1440986776074697,0.5231453488732494,2001.7855112208076,0.4195651862510415
James_Elder_Mark_M_Thompson_-_The_English_Actor,nvidia/canary-1b-v2,never,97,100.03,100.35,substitution,0.4292948714324406,1.012954301067761,0.5297459981271199,2173.976536976271,0.4235126895563943
James_Elder_Mark_M_Thompson_-_The_English_Actor,nvidia/canary-1b-v2,see,98,100.35,100.81,correct,0.39599165437268274,0.597898603070016,0.6939775125653136,2905.390245630718,0.5752046914661632
James_Elder_Mark_M_Thompson_-_The_English_Actor,nvidia/canary-1b-v2,you,99,100.81,100.92,correct,0.27997736011942226,0.3192491636921962,1.023281489809354,2027.7951470564146,0.4307130078474681
James_Elder_Mark_M_Thompson_-_The_English_Actor,nvidia/canary-1b-v2,never,100,101.19,101.78,substitution,0.37831842090236023,0.9019653512223158,0.571612132480368,2158.700780649565,0.43428725097328424
James_Elder_Mark_M_Thompson_-_The_English_Actor,nvidia/canary-1b-v2,see,101,101.78,102.26,substitution,0.2854577890382363,0.46940027779111493,0.6852064894942137,2994.977854993429,0.6070427097953283
James_Elder_Mark_M_Thompson_-_The_English_Actor,nvidia/canary-1b-v2,no,102,102.45,102.54,correct,0.3844720152291385,0.47221853651783685,0.8299288587136702,1549.206062700536,0.3493076942183755
James_Elder_Mark_M_Thompson_-_The_English_Actor,nvidia/canary-1b-v2,matter,103,102.54,103.48,correct,0.3866991450881014,1.1255339882751503,0.4727314940773615,2149.0137301182353,0.49405269752634634
James_Elder_Mark_M_Thompson_-_The_English_Actor,nvidia/canary-1b-v2,how,104,103.48,103.63,substitution,0.23329457552993998,0.14647468223291285,1.6670610624201156,2343.382686197657,0.5782602604697732
James_Elder_Mark_M_Thompson_-_The_English_Actor,nvidia/canary-1b-v2,the,105,103.63,104.8,substitution,0.32684482137362164,0.6950124665385201,0.7192216095706773,2298.4135035036297,0.5225796193357498
James_Elder_Mark_M_Thompson_-_The_English_Actor,nvidia/canary-1b-v2,future,106,105.03,105.31,substitution,0.37469481760936396,0.5404845917777669,1.0086909859411177,2501.0906404606108,0.5301960937438472
James_Elder_Mark_M_Thompson_-_The_English_Actor,nvidia/canary-1b-v2,will,107,105.36,105.71,substitution,0.530069675492613,1.125997505689922,0.5118750271044279,1887.109268021631,0.3822141956341894
James_Elder_Mark_M_Thompson_-_The_English_Actor,nvidia/canary-1b-v2,be,108,105.71,105.77,substitution,0.1266739023849368,0.13907011039555073,0.9049443155527115,1886.0306060931566,0.4051198996603489
James_Elder_Mark_M_Thompson_-_The_English_Actor,nvidia/canary-1b-v2,future,109,105.77,106.16,correct,0.3387630808921087,0.5279028834331603,0.7695973905779067,2227.0878930030735,0.4485847361031033
James_Elder_Mark_M_Thompson_-_The_English_Actor,nvidia/canary-1b-v2,will,110,106.16,106.23,correct,0.08369733724329206,0.06944157597091463,1.1964652405844793,2391.839940011077,0.5130909118387434
James_Elder_Mark_M_Thompson_-_The_English_Actor,nvidia/canary-1b-v2,be,111,106.23,106.29,substitution,0.061651362904480526,0.05546615219541958,1.1109028969492232,2205.2532464223355,0.453408168894904
James_Elder_Mark_M_Thompson_-_The_English_Actor,nvidia/canary-1b-v2,we're,112,106.29,106.46,correct,0.2668885737657547,0.619591152981708,0.6057414867376026,1561.7091893854997,0.3114087981613059
James_Elder_Mark_M_Thompson_-_The_English_Actor,nvidia/canary-1b-v2,heading,113,106.46,106.96,substitution,0.4107328382405368,0.991895364631306,0.583460625464266,1933.0613678874538,0.39128463701768357
James_Elder_Mark_M_Thompson_-_The_English_Actor,nvidia/canary-1b-v2,back,114,107.01,107.21,substitution,0.35804151743650436,0.8917695571753111,0.6738101027228616,2271.4679856719163,0.48721530491655524
James_Elder_Mark_M_Thompson_-_The_English_Actor,nvidia/canary-1b-v2,to,115,107.21,107.42,substitution,0.35030106579264003,0.37981090135872364,0.9124539519349734,2226.1128045077153,0.4942776958147685
James_Elder_Mark_M_Thompson_-_The_English_Actor,nvidia/canary-1b-v2,where,116,107.42,107.77,substitution,0.42100339029964645,0.8315391058200284,0.6384729123429248,1861.1751900695738,0.3897279657815632
James_Elder_Mark_M_Thompson_-_The_English_Actor,nvidia/canary-1b-v2,we,117,107.77,107.89,substitution,0.2847611371959959,0.9796320189322744,0.38417006922619684,2754.7896043427354,0.4988060210432325
James_Elder_Mark_M_Thompson_-_The_English_Actor,nvidia/canary-1b-v2,come,118,107.89,108.14,correct,0.27263655403146037,0.5482242223289278,0.7919026442148067,2552.4015171472606,0.5907853091204608
James_Elder_Mark_M_Thompson_-_The_English_Actor,nvidia/canary-1b-v2,from,119,108.14,108.6,correct,0.2887043821811676,1.0999787640571594,0.5599802829325199,2356.759391479602,0.5253441339731216
James_Elder_Mark_M_Thompson_-_The_English_Actor,nvidia/canary-1b-v2,where,120,108.6,109.18,substitution,0.2931952092146117,0.6077412901416658,0.9630946344326413,2197.1718679678415,0.5073908789763375
James_Elder_Mark_M_Thompson_-_The_English_Actor,nvidia/canary-1b-v2,we,121,109.18,109.33,correct,0.3532748213585685,0.8875603973865509,0.48274224733605103,2243.96894730932,0.4738813743871801
James_Elder_Mark_M_Thompson_-_The_English_Actor,nvidia/canary-1b-v2,come,122,109.33,109.58,substitution,0.28682362926857813,0.4845102514539446,0.7762760732855115,2154.769357151946,0.48897283737148556
James_Elder_Mark_M_Thompson_-_The_English_Actor,nvidia/canary-1b-v2,from,123,109.58,110.09,substitution,0.2995716409249739,0.840566652606834,0.6586784988641738,2373.6039301138912,0.527979296987707
James_Elder_Mark_M_Thompson_-_The_English_Actor,nvidia/canary-1b-v2,we're,124,110.55,110.79,substitution,0.4035680302633689,1.4491482927249029,0.45394051246918166,1694.7766205526905,0.36870316759898114
James_Elder_Mark_M_Thompson_-_The_English_Actor,nvidia/canary-1b-v2,the,125,110.79,111.1,substitution,0.5834100198219804,0.6554301429320785,0.9524533503195819,2056.027874178729,0.3119999836472904
James_Elder_Mark_M_Thompson_-_The_English_Actor,nvidia/canary-1b-v2,open,126,111.1,111.78,correct,0.4805264392414609,0.6764555179602089,1.1468555395667617,1550.273204427164,0.3220182071263726
James_Elder_Mark_M_Thompson_-_The_English_Actor,nvidia/canary-1b-v2,ill,127,112.48,112.84,correct,0.3484362497925758,0.813753131730482,2.3157226648181677,2317.132535411796,0.4746735993772745
James_Elder_Mark_M_Thompson_-_The_English_Actor,nvidia/canary-1b-v2,spoken,128,112.84,113.86,correct,0.24788260788402774,0.5935763799162074,1.3277382022277875,2302.443873329019,0.4734280274672942
James_Elder_Mark_M_Thompson_-_The_English_Actor,nvidia/canary-1b-v2,english,129,114.21,114.83,correct,0.19236281958978568,0.5973236964487317,0.36188345302396746,1717.742753956215,0.387169596641811
James_Elder_Mark_M_Thompson_-_The_English_Actor,nvidia/canary-1b-v2,actors,130,114.91,115.41,correct,0.23552725933216237,0.5537430245291304,2.108341952164968,2102.149380398545,0.4667200677924686
James_Elder_Mark_M_Thompson_-_The_English_Actor,nvidia/canary-1b-v2,you,131,115.41,115.7,correct,0.29977433755993843,0.4690312696620822,0.7413083338178694,1491.0074613142676,0.3651530211791396
James_Elder_Mark_M_Thompson_-_The_English_Actor,nvidia/canary-1b-v2,never,132,115.7,115.88,correct,0.13388844951987267,0.08854655642062426,1.664553064107895,1384.8981286656401,0.3389470845460892
James_Elder_Mark_M_Thompson_-_The_English_Actor,nvidia/canary-1b-v2,see,133,115.88,115.94,substitution,0.30551067739725113,0.31645853551370756,1.5646734237670898,1711.2283557902106,0.42091554403305054
James_Elder_Mark_M_Thompson_-_The_English_Actor,nvidia/canary-1b-v2,you,134,115.94,117.47,correct,0.44862540006976237,0.49741136068760444,0.9254778984821204,967.5235403227884,0.17814096930352125
James_Elder_Mark_M_Thompson_-_The_English_Actor,nvidia/canary-1b-v2,never,135,117.78,119.0,substitution,0.4269273132654547,0.5323002367984248,0.7965377168800994,1034.1158905414277,0.1793893501162529
James_Elder_Mark_M_Thompson_-_The_English_Actor,nvidia/canary-1b-v2,see,136,119.03,119.07,substitution,0.345361989736557,0.3957186102867126,0.8749760270118714,1653.831384500711,0.40121334195137026
James_Elder_Mark_M_Thompson_-_The_English_Actor,nvidia/canary-1b-v2,no,137,119.07,121.04,substitution,0.268876247037361,0.24805317292104684,1.3272616719182633,977.1350876707669,0.18229279877238364
James_Elder_Mark_M_Thompson_-_The_English_Actor,nvidia/canary-1b-v2,matter,138,121.04,121.26,correct,0.05233421862125397,0.03913838915526867,1.4973042917251587,2097.4636117941063,0.47451802968978885
James_Elder_Mark_M_Thompson_-_The_English_Actor,nvidia/canary-1b-v2,how,139,123.57,123.63,correct,0.24332794407382607,0.423718896927312,0.862823236733675,2015.159864320035,0.47945139929652214
James_Elder_Mark_M_Thompson_-_The_English_Actor,nvidia/canary-1b-v2,the,140,123.63,125.17,substitution,0.38398183054770485,0.4862722768278962,0.8529667937394344,1027.8073860961103,0.19589568236560534
James_Elder_Mark_M_Thompson_-_The_English_Actor,nvidia/canary-1b-v2,future,141,125.43,125.56,correct,0.2199316622999807,0.36694444629053274,0.9245084385077159,1610.6757477841406,0.39506063659985863
James_Elder_Mark_M_Thompson_-_The_English_Actor,nvidia/canary-1b-v2,will,142,125.56,128.18,substitution,0.3034414760236229,0.3838545434176922,0.8324094297630447,987.5231716330953,0.18224712634193047
James_Elder_Mark_M_Thompson_-_The_English_Actor,nvidia/canary-1b-v2,be,143,128.18,128.24,substitution,0.13182386330195836,0.13263622245618276,0.9942504167556763,1603.7167112610593,0.35515021852084566
James_Elder_Mark_M_Thompson_-_The_English_Actor,nvidia/canary-1b-v2,future,144,128.24,129.0,substitution,0.06790035054177405,0.06497668106871915,1.124454134918121,1365.2954381617071,0.3134745518306652
James_Elder_Mark_M_Thompson_-_The_English_Actor,nvidia/canary-1b-v2,will,145,131.23,132.86,substitution,0.38069648225392616,0.6832391430224691,0.5875790169409343,1747.773353509857,0.33755897751876285
James_Elder_Mark_M_Thompson_-_The_English_Actor,nvidia/canary-1b-v2,be,146,132.86,132.92,substitution,0.03786666342057288,0.020978350890800357,2.0161093920469284,2034.1858452765327,0.4555630162358284
James_Elder_Mark_M_Thompson_-_The_English_Actor,nvidia/canary-1b-v2,we're,147,133.15,136.2,correct,0.39078831306995787,0.623023943689886,0.6411721926251072,1583.265586754735,0.27667251229286194
James_Elder_Mark_M_Thompson_-_The_English_Actor,nvidia/canary-1b-v2,heading,148,136.23,136.61,correct,0.0684924440958151,0.06631338644045882,1.6768946982011563,1954.9659759179383,0.45066712978409557
James_Elder_Mark_M_Thompson_-_The_English_Actor,nvidia/canary-1b-v2,back,149,138.89,140.38,substitution,0.4762818678864278,0.7397076915760408,0.9406703969463706,1856.3363775740304,0.3285989573225379
James_Elder_Mark_M_Thompson_-_The_English_Actor,nvidia/canary-1b-v2,to,150,140.38,140.42,correct,0.3914913684129715,0.4728073924779892,0.8295706113179525,1605.6602015572762,0.2821847101052602
James_Elder_Mark_M_Thompson_-_The_English_Actor,nvidia/canary-1b-v2,where,151,140.42,140.51,substitution,0.3130837917327881,0.3710302047431469,0.8664287626743317,1286.6082288529528,0.2259905904531479
James_Elder_Mark_M_Thompson_-_The_English_Actor,nvidia/canary-1b-v2,we,152,140.51,140.6,substitution,0.043923972343856636,0.035782250237058506,1.4886316386136142,1440.9632959455566,0.3187286867336793
James_Elder_Mark_M_Thompson_-_The_English_Actor,nvidia/canary-1b-v2,come,153,140.83,144.02,substitution,0.37063847011641454,0.6416154432366465,0.6747895047852868,1698.6133761336494,0.31478389792623573
James_Elder_Mark_M_Thompson_-_The_English_Actor,nvidia/canary-1b-v2,from,154,144.02,144.32,substitution,0.8690244266481111,0.03202409195629033,112.94846297755386,2180.7596586571044,0.4349333300735011
James_Elder_Mark_M_Thompson_-_The_English_Actor,nvidia/canary-1b-v2,where,155,147.77,148.21,correct,0.5194805146505436,1.4238114605347316,0.38497638422995806,2302.2104002903784,0.4817298998435338
James_Elder_Mark_M_Thompson_-_The_English_Actor,nvidia/canary-1b-v2,we,156,148.21,148.27,correct,0.2697501480579376,0.3437393605709076,0.9378072151115963,1880.536902646451,0.3770339276109423
James_Elder_Mark_M_Thompson_-_The_English_Actor,nvidia/canary-1b-v2,come,157,148.27,148.36,correct,0.43567689711397345,0.7921916110949083,0.6246455447240309,2534.058918182414,0.5308378691023047
James_Elder_Mark_M_Thompson_-_The_English_Actor,nvidia/canary-1b-v2,from,158,148.36,148.62,correct,0.3440981076232025,0.550979175737926,0.6491124853491783,3417.87737444706,0.624355782355581
James_Elder_Mark_M_Thompson_-_The_English_Actor,nvidia/canary-1b-v2,we're,159,148.62,148.79,correct,0.36465581624131455,0.6654495000839233,0.5833109930941933,2360.2896865890884,0.506439064678393
James_Elder_Mark_M_Thompson_-_The_English_Actor,nvidia/canary-1b-v2,the,160,148.79,148.85,correct,0.52249526232481,0.6267799623310566,0.8513296842575073,2059.316819748058,0.44997019693255424
James_Elder_Mark_M_Thompson_-_The_English_Actor,nvidia/canary-1b-v2,open,161,148.85,148.97,correct,0.14593689755669662,0.151831538017307,1.0465011937277657,2597.9460755789914,0.574418340410505
James_Elder_Mark_M_Thompson_-_The_English_Actor,nvidia/canary-1b-v2,the,162,148.97,149.03,substitution,0.06496573239564896,0.05797911222491946,1.125252400125776,2755.4065465422277,0.6147587384496417
James_Elder_Mark_M_Thompson_-_The_English_Actor,nvidia/canary-1b-v2,ill,163,149.03,149.09,correct,0.06647106792245593,0.05605063534208706,1.196590883391244,3153.140495385734,0.6852295398712158
James_Elder_Mark_M_Thompson_-_The_English_Actor,nvidia/canary-1b-v2,spoken,164,149.09,149.25,substitution,0.19242807203217557,0.2092066488571857,1.1750444424779791,2647.2226411873357,0.592248968387905
James_Elder_Mark_M_Thompson_-_The_English_Actor,nvidia/canary-1b-v2,you,165,149.25,149.46,substitution,0.39229825074258057,0.8916856128236522,0.47772071348584216,2418.202282671444,0.50066335434499
James_Elder_Mark_M_Thompson_-_The_English_Actor,nvidia/canary-1b-v2,never,166,149.46,149.78,substitution,0.32612179390021734,1.0042200169392994,0.4664518045527594,2345.241555274294,0.5120810185159955
James_Elder_Mark_M_Thompson_-_The_English_Actor,nvidia/canary-1b-v2,see,167,149.78,150.16,unknown,0.288136499268668,0.5074780434370041,0.6027873676447641,3217.653868900876,0.6317301335788909
James_Elder_Mark_M_Thompson_-_The_English_Actor,nvidia/canary-1b-v2,you,168,150.16,150.22,unknown,0.2690391221216747,0.4812552843775068,0.6389095655509404,2490.2761823083783,0.5812767403466361
James_Elder_Mark_M_Thompson_-_The_English_Actor,nvidia/canary-1b-v2,never,169,150.22,150.34,unknown,0.22587806199278151,0.10689657208110605,2.430565050670079,2838.801855829338,0.6353934534958431
James_Elder_Mark_M_Thompson_-_The_English_Actor,nvidia/canary-1b-v2,see,170,150.34,150.4,unknown,0.20534764230251312,0.05862617013709886,3.5136419364384244,2249.2347483488966,0.5440406203269958
James_Elder_Mark_M_Thompson_-_The_English_Actor,nvidia/canary-1b-v2,no,171,150.45,150.54,unknown,0.43248841166496277,0.472218933430585,1.1489340717142278,1877.0246327433606,0.4462238143790852
James_Elder_Mark_M_Thompson_-_The_English_Actor,nvidia/canary-1b-v2,matter,172,150.54,151.48,unknown,0.404128772492456,1.125533807100636,0.49464373261031536,2284.2886578582084,0.511266417137467
James_Elder_Mark_M_Thompson_-_The_English_Actor,nvidia/canary-1b-v2,how,173,151.48,151.63,unknown,0.1678772007717806,0.14647434870986378,1.1965303070404951,2478.1455663872744,0.6059306193800533
James_Elder_Mark_M_Thompson_-_The_English_Actor,nvidia/canary-1b-v2,the,174,151.63,152.8,unknown,0.4407078197432889,0.6950124682533363,0.7512639025374065,2119.7603260786077,0.41503604749838513
James_Elder_Mark_M_Thompson_-_The_English_Actor,nvidia/canary-1b-v2,future,175,153.03,153.31,unknown,0.30746264671606405,0.5404845313319275,0.9951879266769655,2540.353006080919,0.5629105260295253
James_Elder_Mark_M_Thompson_-_The_English_Actor,nvidia/canary-1b-v2,will,176,153.36,153.71,unknown,0.4871951157325192,1.125997444516734,0.49065403248134415,1952.8867768558396,0.40508506564717545
James_Elder_Mark_M_Thompson_-_The_English_Actor,nvidia/canary-1b-v2,be,177,153.71,153.77,unknown,0.15344744641333818,0.13906988501548767,1.0853006690740585,1870.1531871640514,0.4007123038172722
James_Elder_Mark_M_Thompson_-_The_English_Actor,nvidia/canary-1b-v2,future,178,153.77,154.16,unknown,0.28892065974928083,0.52790303421872,0.8956859856843948,2389.922106310515,0.5143148012104488
James_Elder_Mark_M_Thompson_-_The_English_Actor,nvidia/canary-1b-v2,will,179,154.16,154.23,unknown,0.19002736939324272,0.06944173781408204,2.7030932770835028,2073.53869515288,0.46340957283973694
James_Elder_Mark_M_Thompson_-_The_English_Actor,nvidia/canary-1b-v2,be,180,154.23,154.29,unknown,0.07755310141614505,0.05546600637691362,1.395733322416033,2150.601833652593,0.4859271730695452
James_Elder_Mark_M_Thompson_-_The_English_Actor,nvidia/canary-1b-v2,we're,181,154.29,154.46,unknown,0.23167932523708595,0.6195910769073587,0.5456240922212601,1883.640846655065,0.4061830812378934
James_Elder_Mark_M_Thompson_-_The_English_Actor,nvidia/canary-1b-v2,heading,182,154.46,154.96,unknown,0.3819486371495507,0.9918954450975764,0.5496066128665751,2188.7410433924056,0.475877877257087
James_Elder_Mark_M_Thompson_-_The_English_Actor,nvidia/canary-1b-v2,back,183,155.01,155.21,unknown,0.38453791764649475,0.8917695246636868,0.8238999999382279,2497.9704986974434,0.5757927447557449
James_Elder_Mark_M_Thompson_-_The_English_Actor,nvidia/canary-1b-v2,to,184,155.21,155.42,unknown,0.34495098019639653,0.3798110267768304,0.9177931770682335,2275.5571629754813,0.5377381804088751
James_Elder_Mark_M_Thompson_-_The_English_Actor,nvidia/canary-1b-v2,where,185,155.42,155.77,unknown,0.4215867946806707,0.8315391062121642,0.6859035154706553,2070.7390360213185,0.48189214499373184
James_Elder_Mark_M_Thompson_-_The_English_Actor,nvidia/canary-1b-v2,we,186,155.77,155.89,unknown,0.285989132310663,0.9796321019530296,0.40845619567802977,2650.676516499265,0.5525249774966922
James_Elder_Mark_M_Thompson_-_The_English_Actor,nvidia/canary-1b-v2,come,187,155.89,156.14,unknown,0.27716206897188117,0.5482242990423132,0.8091050844501566,2352.61778815941,0.5524920059574975
James_Elder_Mark_M_Thompson_-_The_English_Actor,nvidia/canary-1b-v2,from,188,156.14,156.6,unknown,0.3441452530084872,1.0816695624414612,0.5748897685724146,2160.6827173724114,0.4664817499179466
James_Elder_Mark_M_Thompson_-_The_English_Actor,nvidia/canary-1b-v2,where,189,156.6,157.18,unknown,0.26604749652887544,0.6153997911681091,0.8400889298608226,2285.3536626443365,0.517682179327934
James_Elder_Mark_M_Thompson_-_The_English_Actor,nvidia/canary-1b-v2,we,190,157.18,157.33,unknown,0.3509083469124401,0.8875604368308011,0.46636021575507,2251.2040203866895,0.46473158282392163
James_Elder_Mark_M_Thompson_-_The_English_Actor,nvidia/canary-1b-v2,come,191,157.33,157.58,unknown,0.2730456345847675,0.4845102956252439,0.7049392121178764,2133.1667706529997,0.46830408700874876
James_Elder_Mark_M_Thompson_-_The_English_Actor,nvidia/canary-1b-v2,from,192,157.58,158.07,unknown,0.4056039475045114,0.8684832360946907,0.7034056630899321,1998.0480316201642,0.4138668769935392
James_Elder_Mark_M_Thompson_-_The_English_Actor,nvidia/canary-1b-v2,we're,193,158.53,158.78,unknown,0.4608264927353178,1.3900162540376186,0.468532705945628,1588.065644174832,0.3076374280665602
James_Elder_Mark_M_Thompson_-_The_English_Actor,nvidia/canary-1b-v2,the,194,158.78,159.11,unknown,0.41442008978790706,0.7432180492000448,0.6251534273227056,2418.111773092492,0.41026801367600757
James_Elder_Mark_M_Thompson_-_The_English_Actor,nvidia/canary-1b-v2,open,195,159.11,159.81,unknown,0.3197542924041811,0.6013601618684142,1.101358150965289,1574.0569077254995,0.3425284865263261
James_Elder_Mark_M_Thompson_-_The_English_Actor,nvidia/canary-1b-v2,the,196,160.49,160.77,unknown,0.3313271908029433,0.6304114166170268,18.009939632108136,2222.0307728973407,0.4131914617553834
James_Elder_Mark_M_Thompson_-_The_English_Actor,nvidia/canary-1b-v2,outspoken,197,160.77,162.12,unknown,0.2729129287703284,0.6166690838121777,1.5018807516015809,2433.964184135707,0.5403661894387213
James_Elder_Mark_M_Thompson_-_The_English_Actor,nvidia/canary-1b-v2,english,198,162.9,163.89,unknown,0.4726115815759262,0.6888041019561553,0.9172931213245213,2438.790083131513,0.45431459214642783
James_Elder_Mark_M_Thompson_-_The_English_Actor,nvidia/canary-1b-v2,actors,199,163.89,177.2,unknown,0.5618902875843244,0.9010637350810363,0.7468478176310228,1959.8279827467666,0.40839194403115836
Little_Chicago_s_Finest_-_My_Own,nvidia/canary-1b-v2,whenever,0,9.73,10.21,correct,0.2982952412358432,0.4071638648978101,0.8058143831648916,1242.456238383058,0.2787262757994094
Little_Chicago_s_Finest_-_My_Own,nvidia/canary-1b-v2,you,1,10.21,10.36,correct,0.30069100769127116,0.3832169666009791,0.7886427816222695,1576.0608963432762,0.3225764075622839
Little_Chicago_s_Finest_-_My_Own,nvidia/canary-1b-v2,decide,2,10.36,10.8,correct,0.44155567418783903,0.6254081642255187,0.7193574421107769,2636.6411869700482,0.37974396829182905
Little_Chicago_s_Finest_-_My_Own,nvidia/canary-1b-v2,to,3,10.8,10.87,correct,0.36205517686903477,0.45289168879389763,0.8252449557185173,959.4469737845966,0.1994441319257021
Little_Chicago_s_Finest_-_My_Own,nvidia/canary-1b-v2,run,4,10.87,11.16,correct,0.41793290665373206,0.588993024546653,0.7249115873128176,1025.6627601686662,0.18549959338270128
Little_Chicago_s_Finest_-_My_Own,nvidia/canary-1b-v2,from,5,11.16,11.4,substitution,0.2680839683722567,0.3282343172640712,0.817999800046285,1983.8905140310133,0.3863719900449117
Little_Chicago_s_Finest_-_My_Own,nvidia/canary-1b-v2,me,6,11.4,11.53,substitution,0.524548841374261,0.5903120679514748,0.8886505876268659,1131.209041213984,0.2389321763600622
Little_Chicago_s_Finest_-_My_Own,nvidia/canary-1b-v2,you,7,11.53,11.72,substitution,0.3006264618174596,0.3316407139328393,0.9368515502322804,1292.0130313489744,0.2884766086935997
Little_Chicago_s_Finest_-_My_Own,nvidia/canary-1b-v2,run,8,11.72,12.2,deletion,0.21182749749949345,0.29802752300523794,0.7225406513764308,1491.6729669292495,0.28566529086002934
Little_Chicago_s_Finest_-_My_Own,nvidia/canary-1b-v2,make,9,12.2,12.41,correct,0.20598937554851823,0.245829367119333,0.8456257037494493,1716.236556554763,0.3560077658166056
Little_Chicago_s_Finest_-_My_Own,nvidia/canary-1b-v2,sure,10,12.41,12.68,correct,0.23706882447004318,0.30021412173906964,0.7909689664840698,2654.338290626038,0.39608840048313143
Little_Chicago_s_Finest_-_My_Own,nvidia/canary-1b-v2,you,11,12.68,12.86,substitution,0.2520632687956095,0.32643070034682753,0.7769902020692825,1533.852213792999,0.3398004874587059
Little_Chicago_s_Finest_-_My_Own,nvidia/canary-1b-v2,far,12,12.86,13.14,substitution,0.18896448708349659,0.2588708827332143,0.7652699928129872,1999.2304030424941,0.36781191537457125
Little_Chicago_s_Finest_-_My_Own,nvidia/canary-1b-v2,gone,13,13.14,13.86,substitution,0.31604873570494163,0.4045822051091072,0.7895927719580822,1293.5548524946523,0.29804878051464373
Little_Chicago_s_Finest_-_My_Own,nvidia/canary-1b-v2,you,14,13.86,13.92,deletion,0.3410442216055734,0.33948035751070293,1.018858117716653,1520.271332198942,0.3883431681564876
Little_Chicago_s_Finest_-_My_Own,nvidia/canary-1b-v2,gone,15,13.92,14.3,correct,0.3415807160948004,0.46970746311403455,0.7446037899880182,1396.72036917401,0.28197598705689114
Little_Chicago_s_Finest_-_My_Own,nvidia/canary-1b-v2,just,16,14.3,14.45,correct,0.2175753379569334,0.29448306998785806,0.750764951986425,3869.6596921962173,0.5748731976046282
Little_Chicago_s_Finest_-_My_Own,nvidia/canary-1b-v2,know,17,14.45,14.55,correct,0.44926200558741886,0.6228700801730156,0.7177337060372034,1052.1334806600044,0.21676859507958093
Little_Chicago_s_Finest_-_My_Own,nvidia/canary-1b-v2,you,18,14.55,14.78,correct,0.5434353566169738,0.7000911867618561,0.7792684698104858,993.9899601507218,0.18739130437374116
Little_Chicago_s_Finest_-_My_Own,nvidia/canary-1b-v2,ain't,19,14.78,14.98,correct,0.4049607454375787,0.5767266398126428,0.7242986099286512,1294.4851114936048,0.25892991335554555
Little_Chicago_s_Finest_-_My_Own,nvidia/canary-1b-v2,gonna,20,14.98,15.23,substitution,0.362732450610825,0.48580836025731905,0.7744472048112324,1371.6238388315508,0.2839901122663702
Little_Chicago_s_Finest_-_My_Own,nvidia/canary-1b-v2,take,21,15.23,15.4,substitution,0.2975113693820803,0.4105663691696368,0.7417399381336413,2084.4098674201623,0.40110262365717636
Little_Chicago_s_Finest_-_My_Own,nvidia/canary-1b-v2,none,22,15.4,15.66,correct,0.3563255079347512,0.4927545600923999,0.7315347626291472,1347.4321723434298,0.2702239219998491
Little_Chicago_s_Finest_-_My_Own,nvidia/canary-1b-v2,for,23,15.66,15.77,substitution,0.16465046314092782,0.20740246428893164,0.7834382332288302,2841.3907445131726,0.5325366906248606
Little_Chicago_s_Finest_-_My_Own,nvidia/canary-1b-v2,me,24,15.77,15.86,deletion,0.3498205244541168,0.442839515209198,0.7914634644985199,1647.48764181884,0.3271743252873421
Little_Chicago_s_Finest_-_My_Own,nvidia/canary-1b-v2,take,25,15.86,16.04,correct,0.35610591620206833,0.4680352061986923,0.7701694071292877,1357.7754339365295,0.28864948749542235
Little_Chicago_s_Finest_-_My_Own,nvidia/canary-1b-v2,none,26,16.04,16.52,substitution,0.2125477242582249,0.29205779309542673,0.7300784779044817,1705.9068666303792,0.3197355995763023
Little_Chicago_s_Finest_-_My_Own,nvidia/canary-1b-v2,cause,27,16.52,16.7,substitution,0.18619760423898696,0.23704095259308816,0.78336580991745,3511.770417772162,0.5428313925862313
Little_Chicago_s_Finest_-_My_Own,nvidia/canary-1b-v2,i'm,28,16.7,16.93,correct,0.34673488020896914,0.45582208335399627,0.7702755784988403,1167.330106610022,0.24534335911273955
Little_Chicago_s_Finest_-_My_Own,nvidia/canary-1b-v2,good,29,16.93,17.21,correct,0.26632746260973716,0.3432854935526848,0.8841092028925496,1212.8860182384744,0.26806289486346707
Little_Chicago_s_Finest_-_My_Own,nvidia/canary-1b-v2,on,30,17.21,17.51,substitution,0.30664947606397397,0.3941218065041484,0.9046877134930004,1270.4375980584975,0.28515314604296826
Little_Chicago_s_Finest_-_My_Own,nvidia/canary-1b-v2,my,31,17.51,17.73,deletion,0.31929026648402214,0.40319325610995294,0.799760046005249,1284.9166284641203,0.25897947549819944
Little_Chicago_s_Finest_-_My_Own,nvidia/canary-1b-v2,own,32,17.79,18.34,correct,0.43817325805624324,0.530517058695356,0.8392919341723124,1310.3365020965334,0.2897792505721251
Little_Chicago_s_Finest_-_My_Own,nvidia/canary-1b-v2,my,33,18.34,18.47,correct,0.3531049609184265,0.4597920139630636,0.776857300599416,1524.5658025470184,0.32671037713686624
Little_Chicago_s_Finest_-_My_Own,nvidia/canary-1b-v2,own,34,18.47,18.77,correct,0.25271512590574496,0.32199203877738025,0.7941813107692834,1198.2936311766266,0.25201308591799304
Little_Chicago_s_Finest_-_My_Own,nvidia/canary-1b-v2,cause,35,18.77,18.93,substitution,0.20086999444497955,0.25393953919410706,0.7924636039468977,3275.9132664786016,0.5522950059837766
Little_Chicago_s_Finest_-_My_Own,nvidia/canary-1b-v2,all,36,18.93,19.15,deletion,0.5426034337530533,0.7473524324595928,0.7302333290378252,1330.848236345381,0.26087708460787934
Little_Chicago_s_Finest_-_My_Own,nvidia/canary-1b-v2,them,37,19.15,19.44,correct,0.4891194053925574,0.6835927893407643,0.7569082416594028,1100.8451256761223,0.22973946947604418
Little_Chicago_s_Finest_-_My_Own,nvidia/canary-1b-v2,things,38,19.44,19.65,correct,0.4222167165329059,0.5470358201613029,0.817180797457695,1840.9933810839684,0.39206524317463237
Little_Chicago_s_Finest_-_My_Own,nvidia/canary-1b-v2,you,39,19.65,19.71,substitution,0.4346776178904942,0.580087138073785,0.7497814042227608,2175.7894385825575,0.4823660807950156
Little_Chicago_s_Finest_-_My_Own,nvidia/canary-1b-v2,didn't,40,19.71,19.87,substitution,0.560457683271832,0.7772993677192264,0.7251418961418999,1025.6330479253768,0.20311465962893432
Little_Chicago_s_Finest_-_My_Own,nvidia/canary-1b-v2,done,41,19.87,20.15,deletion,0.4372467451518582,0.6207677371078922,0.7071394208938845,1088.775478183835,0.22398598396009015
Little_Chicago_s_Finest_-_My_Own,nvidia/canary-1b-v2,to,42,20.15,20.21,correct,0.38235995173454285,0.537497980254037,0.7182801621300834,1006.3365413324071,0.2106802271945136
Little_Chicago_s_Finest_-_My_Own,nvidia/canary-1b-v2,me,43,20.21,20.42,correct,0.42549020300308865,0.5967273786664009,0.7185239990552267,1369.9182961925253,0.29889798536896706
Little_Chicago_s_Finest_-_My_Own,nvidia/canary-1b-v2,you,44,20.42,20.56,correct,0.2815505573526025,0.35036882385611534,0.8128117397427559,1715.3058138191,0.37826402857899666
Little_Chicago_s_Finest_-_My_Own,nvidia/canary-1b-v2,done,45,20.56,20.93,correct,0.26967687234282495,0.3987947355955839,0.6749594360589981,1662.3033971489617,0.2644056499004364
Little_Chicago_s_Finest_-_My_Own,nvidia/canary-1b-v2,have,46,20.93,21.13,substitution,0.20362413505261595,0.2686163501983339,0.7725232514468107,1416.9398435335563,0.3432531289078973
Little_Chicago_s_Finest_-_My_Own,nvidia/canary-1b-v2,only,47,21.13,21.55,substitution,0.3747100246989209,0.5066827017328014,0.7450206072434135,959.475480100455,0.19221175996505696
Little_Chicago_s_Finest_-_My_Own,nvidia/canary-1b-v2,made,48,21.55,21.9,deletion,0.3447404438868547,0.4756506841916304,0.7296515733767779,1331.5062137487096,0.29308610180249584
Little_Chicago_s_Finest_-_My_Own,nvidia/canary-1b-v2,me,49,21.9,22.09,correct,0.2769558316185361,0.3677359411404246,0.7559271937324887,1291.7155247750952,0.26135450530619847
Little_Chicago_s_Finest_-_My_Own,nvidia/canary-1b-v2,strong,50,22.09,22.5,deletion,0.2901272745596038,0.3903042153765758,0.7811282661226061,2470.5751568398346,0.448123151395056
Little_Chicago_s_Finest_-_My_Own,nvidia/canary-1b-v2,me,51,22.5,22.76,correct,0.38636165857315063,0.4488899399127279,0.8766891573156629,2054.97011056662,0.401656554213592
Little_Chicago_s_Finest_-_My_Own,nvidia/canary-1b-v2,strong,52,22.76,23.19,substitution,0.24919343232474428,0.31181256282836833,0.8195408481232663,1350.4896135383292,0.29967666274689614
Little_Chicago_s_Finest_-_My_Own,nvidia/canary-1b-v2,this,53,23.19,23.36,correct,0.28244612954164805,0.35238226856056015,0.8065655388330158,3694.0926037762197,0.48247857156552765
Little_Chicago_s_Finest_-_My_Own,nvidia/canary-1b-v2,life,54,23.36,23.6,substitution,0.39654252940305956,0.5354341068477543,0.8510326809353299,1532.0947776571286,0.32625851035118103
Little_Chicago_s_Finest_-_My_Own,nvidia/canary-1b-v2,they,55,23.6,23.81,substitution,0.3962005696704854,0.5474559362653805,0.8224641758462657,1736.7669204628417,0.35779734279798425
Little_Chicago_s_Finest_-_My_Own,nvidia/canary-1b-v2,gave,56,23.81,24.02,deletion,0.37744773800174397,0.46784288932879764,0.8102478509147962,1355.8652849043417,0.27786913700401783
Little_Chicago_s_Finest_-_My_Own,nvidia/canary-1b-v2,just,57,24.02,24.29,correct,0.2165000387306871,0.26931132800106344,0.8141192177246357,3198.0775355663104,0.524556118866493
Little_Chicago_s_Finest_-_My_Own,nvidia/canary-1b-v2,one,58,24.29,24.5,substitution,0.338906650741895,0.45334599384417135,0.7584538335601488,1162.0466996714056,0.23177921337385973
Little_Chicago_s_Finest_-_My_Own,nvidia/canary-1b-v2,for,59,24.5,24.63,correct,0.09619810258348784,0.11380594298243522,0.8413034796714782,3268.9694252709232,0.6097744892040888
Little_Chicago_s_Finest_-_My_Own,nvidia/canary-1b-v2,me,60,24.63,24.69,correct,0.3203572779893875,0.4355658377919878,0.7440679839679173,2195.5951605298555,0.4012942463159561
Little_Chicago_s_Finest_-_My_Own,nvidia/canary-1b-v2,just,61,24.69,25.01,correct,0.27650505687509264,0.35566507790769847,0.7979052254131862,1968.6660762568026,0.41774209312030247
Little_Chicago_s_Finest_-_My_Own,nvidia/canary-1b-v2,one,62,25.01,25.38,correct,0.26275491260173844,0.38404038112337996,0.6951538847713936,1522.8737638599416,0.23698910198560574
Little_Chicago_s_Finest_-_My_Own,nvidia/canary-1b-v2,so,63,25.38,25.62,substitution,0.23696062255364198,0.29980579018592834,0.7975523471832275,2699.7096064605817,0.37739036031640494
Little_Chicago_s_Finest_-_My_Own,nvidia/canary-1b-v2,i'm,64,25.62,25.81,substitution,0.2710260599851608,0.35247221656820993,0.7824813533913005,922.2335243637391,0.18023478747768837
Little_Chicago_s_Finest_-_My_Own,nvidia/canary-1b-v2,gon,65,25.81,26.09,correct,0.32022010286649066,0.42622429033120474,0.7645281294981638,1015.5342618339331,0.20473857472340265
Little_Chicago_s_Finest_-_My_Own,nvidia/canary-1b-v2,live,66,26.09,26.29,correct,0.33168367199275806,0.43767682495324506,0.7900509134582852,1523.1132782084508,0.35921796702820324
Little_Chicago_s_Finest_-_My_Own,nvidia/canary-1b-v2,it,67,26.29,26.45,substitution,0.21633845236566332,0.2985677230689261,0.7287941111458672,1380.6185694748892,0.323232292301125
Little_Chicago_s_Finest_-_My_Own,nvidia/canary-1b-v2,long,68,26.45,26.7,deletion,0.37977671942540575,0.5214401371777058,0.7283224357025964,1072.5613572741427,0.23109246950064385
Little_Chicago_s_Finest_-_My_Own,nvidia/canary-1b-v2,my,69,26.7,26.76,correct,0.340418598481587,0.4387457924229758,0.7715951119150434,1191.601343944736,0.25972525988306316
Little_Chicago_s_Finest_-_My_Own,nvidia/canary-1b-v2,own,70,26.76,27.61,substitution,0.26815692675502406,0.36066078305568383,0.7505396831294765,1141.863716500788,0.24056680451916612
Little_Chicago_s_Finest_-_My_Own,nvidia/canary-1b-v2,long,71,27.61,28.12,correct,0.13872799708253958,0.18409850852648643,0.8418308052149686,1249.802198491294,0.2906436446038159
Little_Chicago_s_Finest_-_My_Own,nvidia/canary-1b-v2,on,72,28.32,28.47,correct,0.24788034356692257,0.349811972831102,0.7383977139697355,1306.3003374500227,0.2917921069790335
Little_Chicago_s_Finest_-_My_Own,nvidia/canary-1b-v2,my,73,28.47,28.57,substitution,0.28077856451272964,0.391548087199529,0.7183588345845541,1397.5757435196172,0.31352467586596805
Little_Chicago_s_Finest_-_My_Own,nvidia/canary-1b-v2,own,74,28.57,29.13,correct,0.20283184319612432,0.25674764903598146,0.804766022768177,1258.659176491085,0.27185510807350033
Little_Chicago_s_Finest_-_My_Own,nvidia/canary-1b-v2,my,75,29.13,29.35,substitution,0.1591770697462683,0.22368846189541122,0.7217861488461494,1926.529735435043,0.35260248680909473
Little_Chicago_s_Finest_-_My_Own,nvidia/canary-1b-v2,own,76,29.44,29.78,substitution,0.16269208329754906,0.23942358006496686,0.6847823101121027,2233.554152486897,0.388360787887831
Little_Chicago_s_Finest_-_My_Own,nvidia/canary-1b-v2,so,77,29.78,29.9,correct,0.2488031110593251,0.3162099154932158,0.791003691298621,3184.5931805460127,0.44362354810748783
Little_Chicago_s_Finest_-_My_Own,nvidia/canary-1b-v2,i'm,78,29.9,30.02,correct,0.2886831909418106,0.385701630796705,0.7472264681543622,776.6450718070859,0.1512186069573675
Little_Chicago_s_Finest_-_My_Own,nvidia/canary-1b-v2,gon,79,30.02,30.56,substitution,0.32028167771882027,0.42269746496759614,0.75610426890439,923.5856126234293,0.17792706153002277
Little_Chicago_s_Finest_-_My_Own,nvidia/canary-1b-v2,live,80,30.56,30.83,deletion,0.2258246473968029,0.3323161408305168,0.6865596274534861,1537.01585725889,0.3550589750210444
Little_Chicago_s_Finest_-_My_Own,nvidia/canary-1b-v2,it,81,30.83,30.87,correct,0.2558500051498413,0.34583550691604614,0.7400606274604797,1262.6357308307092,0.28254032135009766
Little_Chicago_s_Finest_-_My_Own,nvidia/canary-1b-v2,long,82,30.87,31.14,substitution,0.27054143051306406,0.37136013408501944,0.7300614714622498,1068.4828654520336,0.22603402584791182
Little_Chicago_s_Finest_-_My_Own,nvidia/canary-1b-v2,my,83,31.14,31.21,substitution,0.3474864496125115,0.4597538875208961,0.7567887239985995,1071.8534158831112,0.23097538782490623
Little_Chicago_s_Finest_-_My_Own,nvidia/canary-1b-v2,own,84,31.21,32.07,substitution,0.2811654004389825,0.3711970063007396,0.7593112821164338,1204.8668509499983,0.2590067430358866
Little_Chicago_s_Finest_-_My_Own,nvidia/canary-1b-v2,long,85,32.07,32.53,substitution,0.18114073811098932,0.22993890333920716,1.0278940105438232,1213.7135285463423,0.28879367977380754
Little_Chicago_s_Finest_-_My_Own,nvidia/canary-1b-v2,on,86,32.74,32.91,correct,0.2661299764325744,0.37013692997003855,0.7404517060831973,1280.0681652761984,0.28728413424993815
Little_Chicago_s_Finest_-_My_Own,nvidia/canary-1b-v2,my,87,32.91,33.16,substitution,0.2340392568813903,0.32344677319218007,0.737841642328671,1421.4086459433852,0.3015931764883654
Little_Chicago_s_Finest_-_My_Own,nvidia/canary-1b-v2,own,88,33.2,33.6,deletion,0.18961600283550661,0.23727698676114858,0.7977157678715018,1080.637678595085,0.2495387629714123
Little_Chicago_s_Finest_-_My_Own,nvidia/canary-1b-v2,my,89,33.6,33.79,correct,0.1257409400052645,0.18407444960691713,0.7058441909876737,1580.2656427746276,0.28593524951826443
Little_Chicago_s_Finest_-_My_Own,nvidia/canary-1b-v2,own,90,33.89,34.2,correct,0.170226526260376,0.2539165977920805,0.6734102828162057,1826.4676774072905,0.30916859422411236
Little_Chicago_s_Finest_-_My_Own,nvidia/canary-1b-v2,so,91,34.2,34.49,substitution,0.2431791150762189,0.3307300810852358,0.7340242343564187,2404.6635898926197,0.3733337437433581
Little_Chicago_s_Finest_-_My_Own,nvidia/canary-1b-v2,i'm,92,34.49,34.72,deletion,0.3674903523463469,0.5121508298011926,0.7177055684419779,1167.976827428253,0.22114809659811166
Little_Chicago_s_Finest_-_My_Own,nvidia/canary-1b-v2,gon,93,34.72,35.01,correct,0.3237781245261431,0.391526716761291,0.8268250320106745,1167.0208699753434,0.23143562115728855
Little_Chicago_s_Finest_-_My_Own,nvidia/canary-1b-v2,live,94,35.01,35.29,substitution,0.23277596047809046,0.2978497404725321,0.798577360568508,1658.4556344128916,0.3759064011035427
Little_Chicago_s_Finest_-_My_Own,nvidia/canary-1b-v2,it,95,35.29,35.35,substitution,0.18640847397702082,0.22959931833403452,0.8065637264932904,1277.3852246942572,0.26539063666548046
Little_Chicago_s_Finest_-_My_Own,nvidia/canary-1b-v2,long,96,35.35,35.56,substitution,0.3509395817915599,0.45193363601962727,0.7772293637196223,1242.5894043938022,0.275175532946984
Little_Chicago_s_Finest_-_My_Own,nvidia/canary-1b-v2,my,97,35.56,35.62,deletion,0.35265757356371197,0.4403588814394815,0.7988679153578622,1216.8430601948476,0.2592880598136357
Little_Chicago_s_Finest_-_My_Own,nvidia/canary-1b-v2,own,98,35.62,36.55,correct,0.30788394004106523,0.3974117559194565,0.7814823496341705,1228.1163518214814,0.2594872471690178
Little_Chicago_s_Finest_-_My_Own,nvidia/canary-1b-v2,long,99,36.55,37.13,correct,0.13105593354899495,0.16760574298955144,0.8585636975273253,1292.7097699074156,0.31202313280294813
Little_Chicago_s_Finest_-_My_Own,nvidia/canary-1b-v2,on,100,37.2,37.35,substitution,0.22319319378584623,0.3142758742906153,0.7893798314034939,1242.3362068805288,0.27554189786314964
Little_Chicago_s_Finest_-_My_Own,nvidia/canary-1b-v2,my,101,37.35,37.62,correct,0.22141106743365527,0.30592425423674285,0.7618018090724945,1403.4207249617461,0.2986124187707901
Little_Chicago_s_Finest_-_My_Own,nvidia/canary-1b-v2,own,102,37.66,38.01,correct,0.13142778449936918,0.17783343870388835,0.7516193107554787,1118.313861613008,0.25029608960214417
Little_Chicago_s_Finest_-_My_Own,nvidia/canary-1b-v2,my,103,38.01,38.21,correct,0.1362307700328529,0.20176046070727435,0.6967741657387126,1792.6901415160742,0.3126678961244496
Little_Chicago_s_Finest_-_My_Own,nvidia/canary-1b-v2,own,104,38.28,38.65,substitution,0.1538378270342946,0.22961170468479394,0.6725021630525589,1925.5261470150206,0.3430023789405823
Little_Chicago_s_Finest_-_My_Own,nvidia/canary-1b-v2,so,105,38.65,38.92,correct,0.2264433075984319,0.3190218135714531,0.7035565137863159,2562.8345624259914,0.35692464808623
Little_Chicago_s_Finest_-_My_Own,nvidia/canary-1b-v2,i'm,106,38.92,39.16,correct,0.2963934595938082,0.40232790178722805,0.7375063366360135,1172.3171648259065,0.24190011841279488
Little_Chicago_s_Finest_-_My_Own,nvidia/canary-1b-v2,gon,107,39.16,39.46,correct,0.2822376290957133,0.3880479475765517,0.7256532510121664,1075.041618132245,0.22917106567007123
Little_Chicago_s_Finest_-_My_Own,nvidia/canary-1b-v2,live,108,39.46,39.73,substitution,0.17867157351354074,0.25911142086160593,0.7015922768362637,1999.3684813155967,0.4522682376976671
Little_Chicago_s_Finest_-_My_Own,nvidia/canary-1b-v2,it,109,39.73,39.8,substitution,0.20942126462856928,0.2878868182500203,0.7295664019054837,1845.6119385107845,0.4480321705341339
Little_Chicago_s_Finest_-_My_Own,nvidia/canary-1b-v2,long,110,39.8,40.27,correct,0.1867412973706629,0.24618715934418872,0.934060206600264,1852.4190393314211,0.4171747825309342
Little_Chicago_s_Finest_-_My_Own,nvidia/canary-1b-v2,i,111,40.3,40.36,correct,0.10106087464373559,0.11412865051534027,0.9131232053041458,1832.0607389981246,0.41767603158950806
Little_Chicago_s_Finest_-_My_Own,nvidia/canary-1b-v2,thought,112,40.36,40.68,correct,0.13149287077997412,0.14630088026502303,1.6283660735402787,2051.567340313273,0.43115136878831045
Little_Chicago_s_Finest_-_My_Own,nvidia/canary-1b-v2,we,113,40.68,40.76,correct,0.15945616157518494,0.20329054238067734,0.7881917357444763,666.8803335932724,0.1309636582930883
Little_Chicago_s_Finest_-_My_Own,nvidia/canary-1b-v2,was,114,40.76,41.0,substitution,0.16137184892539624,0.19719535415923153,0.8261497947904799,2265.147509533219,0.30661999958532826
Little_Chicago_s_Finest_-_My_Own,nvidia/canary-1b-v2,fit,115,41.0,41.3,correct,0.13012179297705492,0.15853360092098062,1.0712239814527107,2865.1820092008998,0.5237171478343733
Little_Chicago_s_Finest_-_My_Own,nvidia/canary-1b-v2,for,116,41.3,41.47,correct,0.11227907407048501,0.137800340785792,0.8662854464430558,2500.553384302993,0.44660254724715887
Little_Chicago_s_Finest_-_My_Own,nvidia/canary-1b-v2,business,117,41.47,42.35,correct,0.23306517202995325,0.31157960822119524,0.8493439643006576,2266.966859359228,0.38401251215683785
Little_Chicago_s_Finest_-_My_Own,nvidia/canary-1b-v2,what's,118,42.45,42.62,correct,0.14527542766575752,0.20741322121926045,0.8314029448910764,3718.8523141005317,0.4990182981679314
Little_Chicago_s_Finest_-_My_Own,nvidia/canary-1b-v2,hot,119,42.62,42.86,correct,0.1579713779859818,0.16616818144057804,2.9889292900378885,2015.2633704042319,0.4377865567803383
Little_Chicago_s_Finest_-_My_Own,nvidia/canary-1b-v2,with,120,42.86,43.06,substitution,0.04941143127887145,0.055533139601997704,1.0084806628849194,2468.2845102707647,0.4962674917086311
Little_Chicago_s_Finest_-_My_Own,nvidia/canary-1b-v2,you,121,43.06,43.16,correct,0.18127107213843952,0.24940731986002487,0.7334132140333002,1043.2472206718364,0.22182085906917398
Little_Chicago_s_Finest_-_My_Own,nvidia/canary-1b-v2,blowin,122,43.16,43.75,correct,0.2310747987794457,0.3095680856204126,0.7835720833390951,973.063115582817,0.206894303613808
Little_Chicago_s_Finest_-_My_Own,nvidia/canary-1b-v2,kisses,123,43.75,44.56,correct,0.19144141163930975,0.2639187446753071,0.7614665546200492,3229.8169800845076,0.48879243281077256
Little_Chicago_s_Finest_-_My_Own,nvidia/canary-1b-v2,it's,124,44.66,44.81,correct,0.1826219242066145,0.2581563014537096,0.7639374557663413,3790.6237311321224,0.4391513177577187
Little_Chicago_s_Finest_-_My_Own,nvidia/canary-1b-v2,not,125,44.81,45.06,substitution,0.17653197129922255,0.20174249660755908,3.3279869790588106,1480.0169080279702,0.30808709295732634
Little_Chicago_s_Finest_-_My_Own,nvidia/canary-1b-v2,what,126,45.06,45.28,deletion,0.1896820398978889,0.2587465673374633,0.7837105890115103,1094.8483030195573,0.2537976422657569
Little_Chicago_s_Finest_-_My_Own,nvidia/canary-1b-v2,it,127,45.28,45.41,deletion,0.16985891958077748,0.21626141319672268,1.1151487628618877,1500.6966303916188,0.3295421222845713
Little_Chicago_s_Finest_-_My_Own,nvidia/canary-1b-v2,really,128,45.44,45.91,deletion,0.32633769727097106,0.4606653115210625,0.7332932582268348,1029.5572673199583,0.2031787453362575
Little_Chicago_s_Finest_-_My_Own,nvidia/canary-1b-v2,seems,129,45.91,46.68,deletion,0.3804257359714752,0.5095298007601895,0.8144898888576462,3363.6927677136327,0.4136418573648097
Little_Chicago_s_Finest_-_My_Own,nvidia/canary-1b-v2,the,130,46.88,46.97,correct,0.12088765102353963,0.13707605520771307,0.9467510689388622,1761.5085617635639,0.4126981029456312
Little_Chicago_s_Finest_-_My_Own,nvidia/canary-1b-v2,truth,131,46.97,47.37,correct,0.1609485900939204,0.20325542258661847,0.8707726944324582,2545.023899062788,0.4689027419270471
Little_Chicago_s_Finest_-_My_Own,nvidia/canary-1b-v2,is,132,47.37,47.49,correct,0.21607518887945584,0.28894731934581486,0.748346609728677,3399.472284182623,0.4405024285827364
Little_Chicago_s_Finest_-_My_Own,nvidia/canary-1b-v2,not,133,47.49,47.68,substitution,0.3566823388848986,0.4867360024225144,0.7344962188175747,1219.7612433469887,0.2353970188470114
Little_Chicago_s_Finest_-_My_Own,nvidia/canary-1b-v2,in,134,47.68,47.77,correct,0.4208836690946059,0.5454706251621246,0.7709779414263639,1239.1191053266973,0.26525847749276593
Little_Chicago_s_Finest_-_My_Own,nvidia/canary-1b-v2,these,135,47.77,48.24,substitution,0.5118793452195093,0.7488371199544739,0.7061536604282903,1700.9350819840326,0.2646409127057767
Little_Chicago_s_Finest_-_My_Own,nvidia/canary-1b-v2,bitches,136,48.24,48.99,correct,0.19919938134190476,0.2729207461492883,0.9710858971984299,2757.5769338930163,0.4344887933981271
Little_Chicago_s_Finest_-_My_Own,nvidia/canary-1b-v2,you,137,49.14,49.23,correct,0.10303760768676345,0.12876611147922548,1.80446565693075,1980.6490353476981,0.4552778235890649
Little_Chicago_s_Finest_-_My_Own,nvidia/canary-1b-v2,find,138,49.23,49.52,correct,0.2583258952945471,0.35409862000960857,0.7313683461397886,2340.862293794452,0.4505710960365832
Little_Chicago_s_Finest_-_My_Own,nvidia/canary-1b-v2,yourself,139,49.52,49.97,substitution,0.2212238974527133,0.31000385741342085,1.485034806387765,2854.506918368852,0.41164918912916765
Little_Chicago_s_Finest_-_My_Own,nvidia/canary-1b-v2,building,140,49.97,50.44,substitution,0.2148110548070833,0.2966878894424322,1.3349577527420193,1140.2123631780582,0.22012385747888508
Little_Chicago_s_Finest_-_My_Own,nvidia/canary-1b-v2,bridges,141,50.44,50.83,correct,0.33169627748429775,0.44543207560976344,0.7816372797602699,1327.7706534699064,0.301479367627984
Little_Chicago_s_Finest_-_My_Own,nvidia/canary-1b-v2,it's,142,50.83,50.97,correct,0.15039501222781837,0.20473729353398085,0.7816764786839485,2660.52278808795,0.435855383053422
Little_Chicago_s_Finest_-_My_Own,nvidia/canary-1b-v2,crazy,143,50.97,51.19,correct,0.14883084923028947,0.20245077282190324,0.7296354961395264,3870.059124103398,0.5406143355369568
Little_Chicago_s_Finest_-_My_Own,nvidia/canary-1b-v2,the,144,51.19,51.25,correct,0.04627613590231964,0.06311602358307157,0.7808864457266671,3713.404546684479,0.6792925085340228
Little_Chicago_s_Finest_-_My_Own,nvidia/canary-1b-v2,way,145,51.25,51.31,correct,0.01146470766980201,0.011522172630066052,1.059753157198429,1880.101456298646,0.5036231651902199
Little_Chicago_s_Finest_-_My_Own,nvidia/canary-1b-v2,we,146,51.35,51.42,substitution,0.23669829335995018,0.3224378521554172,1.1061478406190872,1639.0348919172957,0.3721817769110203
Little_Chicago_s_Finest_-_My_Own,nvidia/canary-1b-v2,they,147,51.42,51.49,correct,0.13613206975989872,0.1813027589685387,0.755956941180759,2744.5565982618973,0.5772330363591512
Little_Chicago_s_Finest_-_My_Own,nvidia/canary-1b-v2,fall,148,51.49,51.73,correct,0.28250769289353717,0.3964735292471372,0.7290718165727762,1920.6110829391125,0.3844169395474287
Little_Chicago_s_Finest_-_My_Own,nvidia/canary-1b-v2,just,149,51.73,51.92,correct,0.15069051848893816,0.20388539592650803,0.7515010400251909,3429.1683446805678,0.5292415022850037
Little_Chicago_s_Finest_-_My_Own,nvidia/canary-1b-v2,like,150,51.92,52.14,correct,0.19792823400348425,0.2695348983009656,0.7387759859363238,1380.0235209960813,0.2748380588988463
Little_Chicago_s_Finest_-_My_Own,nvidia/canary-1b-v2,heydy,151,52.14,52.67,correct,0.25895749160955694,0.3192809283219535,0.8366456453142495,1708.3781181452507,0.3463842784022463
Little_Chicago_s_Finest_-_My_Own,nvidia/canary-1b-v2,hit,152,52.67,53.16,correct,0.3102043168443554,0.38750175302321055,0.85608228085176,1929.8440692893,0.4149305708003494
Little_Chicago_s_Finest_-_My_Own,nvidia/canary-1b-v2,em,153,53.16,53.37,correct,0.10867016025535438,0.13295140364409788,0.8987994375436202,1322.255562716334,0.3099028448695722
Little_Chicago_s_Finest_-_My_Own,nvidia/canary-1b-v2,you,154,53.58,53.7,correct,0.20521508543086903,0.2619814961549959,0.9825460868222373,1608.333872772513,0.3475227217589106
Little_Chicago_s_Finest_-_My_Own,nvidia/canary-1b-v2,feel,155,53.7,53.97,substitution,0.2802835948251445,0.3926286879798462,0.7238722032514112,2635.700978509784,0.48902539908885956
Little_Chicago_s_Finest_-_My_Own,nvidia/canary-1b-v2,like,156,53.97,54.22,deletion,0.2087712001188525,0.2936550222470292,0.7670783911432538,1363.4297753775847,0.2830549957496779
Little_Chicago_s_Finest_-_My_Own,nvidia/canary-1b-v2,a,157,54.22,54.25,deletion,0.27393335849046707,0.4043930321931839,0.6782278120517731,1401.5938258430506,0.2916542626917362
Little_Chicago_s_Finest_-_My_Own,nvidia/canary-1b-v2,heydy,158,54.25,54.89,correct,0.2737522727769354,0.383759304665137,0.7258399940919185,1615.6284566625625,0.3460082135338714
Little_Chicago_s_Finest_-_My_Own,nvidia/canary-1b-v2,victim,159,54.89,55.62,correct,0.17711484145160905,0.22813678447369345,0.8874406784395629,1852.763967799488,0.42203697731977774
Little_Chicago_s_Finest_-_My_Own,nvidia/canary-1b-v2,it's,160,55.83,55.97,correct,0.2520526354201138,0.3677209239685908,0.707385964691639,3270.915260557166,0.475610239431262
Little_Chicago_s_Finest_-_My_Own,nvidia/canary-1b-v2,crazy,161,55.97,56.36,correct,0.2500612829545779,0.3453637945377046,0.7377885892277672,2395.893164779648,0.41843029856681824
Little_Chicago_s_Finest_-_My_Own,nvidia/canary-1b-v2,the,162,56.36,56.54,correct,0.2283217918127775,0.31690587401390075,0.7352117687463761,1140.8529486965376,0.2517347276210785
Little_Chicago_s_Finest_-_My_Own,nvidia/canary-1b-v2,way,163,56.54,56.88,correct,0.2793041467666626,0.3859525240565601,0.7527380271961814,942.2688176499656,0.18975637794325226
Little_Chicago_s_Finest_-_My_Own,nvidia/canary-1b-v2,we,164,56.88,57.12,correct,0.2842855444894387,0.39414423131025755,0.7506049940219293,939.0716313813724,0.1860494067749152
Little_Chicago_s_Finest_-_My_Own,nvidia/canary-1b-v2,give,165,57.12,57.64,correct,0.35409553924150633,0.47985381355280415,0.9514206846555074,1737.0588552353458,0.3647465584309478
Little_Chicago_s_Finest_-_My_Own,nvidia/canary-1b-v2,in,166,57.64,57.89,correct,0.2297353584629794,0.32871646247804165,0.7735911431135954,1192.6387294858926,0.27314746545420754
Little_Chicago_s_Finest_-_My_Own,nvidia/canary-1b-v2,i,167,57.92,57.96,correct,0.19465951919555663,0.25792657881975173,0.7626711845397949,1147.6181567023243,0.2636187672615051
Little_Chicago_s_Finest_-_My_Own,nvidia/canary-1b-v2,know,168,57.96,58.15,substitution,0.39903545876344043,0.571602850442841,0.7003421896979922,920.3431344033057,0.16077801336844763
Little_Chicago_s_Finest_-_My_Own,nvidia/canary-1b-v2,the,169,58.15,58.27,correct,0.22626334535224096,0.28708247521093916,0.7975905920778003,1216.7317660348986,0.257123625172036
Little_Chicago_s_Finest_-_My_Own,nvidia/canary-1b-v2,time,170,58.27,58.65,correct,0.31494114494749476,0.3959552971202703,0.9762180617877415,1758.34586027469,0.3056191617534274
Little_Chicago_s_Finest_-_My_Own,nvidia/canary-1b-v2,and,171,58.65,58.76,correct,0.42276742060979206,0.5855573912461599,0.7227374265591303,1152.7600244076837,0.22172593946258226
Little_Chicago_s_Finest_-_My_Own,nvidia/canary-1b-v2,the,172,58.76,58.83,correct,0.21553446021344927,0.28067510657840306,0.7690124842855666,1079.977340597171,0.22529035806655884
Little_Chicago_s_Finest_-_My_Own,nvidia/canary-1b-v2,time,173,58.83,59.17,correct,0.35310594133428624,0.45924282043769554,0.8240804140632217,2115.4662161592287,0.36948034247836553
Little_Chicago_s_Finest_-_My_Own,nvidia/canary-1b-v2,is,174,59.17,59.29,correct,0.2368070994104658,0.3111856867160116,0.7718554777758462,3235.2103049803195,0.3734835833311081
Little_Chicago_s_Finest_-_My_Own,nvidia/canary-1b-v2,now,175,59.29,59.46,correct,0.3961013202604495,0.5315494106004113,0.7546638971880862,1375.6831730625288,0.28367957708082703
Little_Chicago_s_Finest_-_My_Own,nvidia/canary-1b-v2,told,176,59.46,59.58,substitution,0.16167326071964844,0.19333960688007729,0.8686286636761257,1268.2187924313635,0.2873652981860297
Little_Chicago_s_Finest_-_My_Own,nvidia/canary-1b-v2,that,177,59.58,59.62,substitution,0.0284681499004364,0.030089253559708595,0.946562671661377,1713.7268136752468,0.4475311875343323
Little_Chicago_s_Finest_-_My_Own,nvidia/canary-1b-v2,girl,178,59.62,59.71,substitution,0.03553938967260448,0.02390860351310535,1.8029745058579878,1553.903697099389,0.40083211118524725
Little_Chicago_s_Finest_-_My_Own,nvidia/canary-1b-v2,there,179,59.74,59.83,correct,0.19448635280132293,0.269165956415236,0.7918208062648773,1217.9186601680685,0.2557807192206383
Little_Chicago_s_Finest_-_My_Own,nvidia/canary-1b-v2,was,180,59.83,59.96,correct,0.16921844556927682,0.24388707416752975,0.7085352937380472,3086.6770607382155,0.37945933640003204
Little_Chicago_s_Finest_-_My_Own,nvidia/canary-1b-v2,time,181,59.96,60.14,substitution,0.21926381224766373,0.27962994370609523,1.5609679222106934,1824.1644834716674,0.39177826046943665
Little_Chicago_s_Finest_-_My_Own,nvidia/canary-1b-v2,for,182,60.14,60.23,correct,0.16269881955601953,0.23337925428693945,0.712566077709198,1728.6819184044566,0.37087961489504034
Little_Chicago_s_Finest_-_My_Own,nvidia/canary-1b-v2,me,183,60.23,60.41,substitution,0.45759969875216483,0.6905838072299957,0.6622061222791672,1010.0908642820698,0.17391156479716302
Little_Chicago_s_Finest_-_My_Own,nvidia/canary-1b-v2,and,184,60.41,60.54,correct,0.29738037089506786,0.43183934688568115,0.6958672881126404,1313.379512252827,0.27013254165649414
Little_Chicago_s_Finest_-_My_Own,nvidia/canary-1b-v2,her,185,60.54,60.74,substitution,0.27309796247969975,0.3801916153593497,0.7249019200151617,1280.7707380177574,0.23801291869445282
Little_Chicago_s_Finest_-_My_Own,nvidia/canary-1b-v2,but,186,60.74,60.92,correct,0.1941153703346139,0.26284010690592585,0.7616590403375172,1082.1394987432816,0.24295769277073087
Little_Chicago_s_Finest_-_My_Own,nvidia/canary-1b-v2,that,187,60.92,61.07,correct,0.2241613466073485,0.3090037598329432,0.7599573941791758,1913.224298252635,0.38853073558386636
Little_Chicago_s_Finest_-_My_Own,nvidia/canary-1b-v2,time,188,61.07,61.38,correct,0.37790388854987483,0.5285578711944467,0.7176025685142068,1876.5146513592308,0.3234037430409123
Little_Chicago_s_Finest_-_My_Own,nvidia/canary-1b-v2,ran,189,61.38,61.55,correct,0.44906224231970937,0.6442172919449053,0.6999761430840743,1185.3894181306707,0.2339381826551337
Little_Chicago_s_Finest_-_My_Own,nvidia/canary-1b-v2,out,190,61.55,61.78,correct,0.3193792407214642,0.4244438058137894,0.8345443630218505,1444.11653476859,0.30684367775917054
Little_Chicago_s_Finest_-_My_Own,nvidia/canary-1b-v2,remember,191,61.78,62.13,correct,0.3157563180877612,0.4616308921040633,0.6908624875239837,915.5807118156572,0.157172710276567
Little_Chicago_s_Finest_-_My_Own,nvidia/canary-1b-v2,all,192,62.13,62.57,substitution,0.40909767895936966,0.609961960464716,0.6714263198276361,1052.1265804372686,0.14087958866730332
Little_Chicago_s_Finest_-_My_Own,nvidia/canary-1b-v2,the,193,62.57,62.67,correct,0.2481626339934089,0.3680508163842288,0.6817466562444513,1419.1946624167026,0.2318369448184967
Little_Chicago_s_Finest_-_My_Own,nvidia/canary-1b-v2,times,194,62.67,63.03,correct,0.24606708781793712,0.32688149623572826,0.7659302979707718,1990.8535831512825,0.34375715628266335
Little_Chicago_s_Finest_-_My_Own,nvidia/canary-1b-v2,that,195,63.03,63.17,correct,0.34171862713992596,0.4760438045486808,0.733260490000248,1520.3487998083922,0.32341260369867086
Little_Chicago_s_Finest_-_My_Own,nvidia/canary-1b-v2,i,196,63.17,63.25,correct,0.4666231870651245,0.6725891828536987,0.6927840974595811,1197.1927251379884,0.20527271760834587
Little_Chicago_s_Finest_-_My_Own,nvidia/canary-1b-v2,ran,197,63.25,63.55,correct,0.4137958536545436,0.5845776272542549,0.740270222678329,1228.362930366061,0.2516778946825952
Little_Chicago_s_Finest_-_My_Own,nvidia/canary-1b-v2,my,198,63.55,63.64,correct,0.46190304918722674,0.647734828970649,0.7276248010722074,1174.4023421096126,0.23184212974526666
Little_Chicago_s_Finest_-_My_Own,nvidia/canary-1b-v2,mouth,199,63.64,64.18,correct,0.2189922240113133,0.28470504232521715,0.9878528097580219,1804.1727161873398,0.399754348243105
Little_Chicago_s_Finest_-_My_Own,nvidia/canary-1b-v2,i'm,200,64.18,64.42,correct,0.2623862737306842,0.35658815337551963,0.7573873047475461,1368.9519657264648,0.2820741699801551
Little_Chicago_s_Finest_-_My_Own,nvidia/canary-1b-v2,going,201,64.42,64.7,substitution,0.3041937307965371,0.42368302277980313,0.7394719085385723,1143.6175427746289,0.19097478519524297
Little_Chicago_s_Finest_-_My_Own,nvidia/canary-1b-v2,to,202,64.7,64.92,correct,0.3810730203986168,0.5509771481156349,0.7018735681970915,1362.9246977619212,0.26791392359882593
Little_Chicago_s_Finest_-_My_Own,nvidia/canary-1b-v2,make,203,64.92,65.15,correct,0.34836892497081023,0.4805936274620203,0.735039241038836,1691.8927829743027,0.3440061876407036
Little_Chicago_s_Finest_-_My_Own,nvidia/canary-1b-v2,it,204,65.15,65.19,correct,0.4760010659694672,0.6970413446426391,0.6830302715301514,1640.2318995143323,0.31771981716156006
Little_Chicago_s_Finest_-_My_Own,nvidia/canary-1b-v2,and,205,65.19,65.38,correct,0.403608786208289,0.5672694302740551,0.7110816694441295,2430.198668908092,0.39237428704897565
Little_Chicago_s_Finest_-_My_Own,nvidia/canary-1b-v2,she,206,65.38,65.5,correct,0.3982144317456654,0.5628319701978138,0.7094712470258985,3206.373913234108,0.4196102182779993
Little_Chicago_s_Finest_-_My_Own,nvidia/canary-1b-v2,laughed,207,65.5,65.81,correct,0.43883266475270777,0.625318122918115,0.7262147402062136,1672.4622910705234,0.35061909302192573
Little_Chicago_s_Finest_-_My_Own,nvidia/canary-1b-v2,like,208,65.81,65.97,correct,0.3445616563161214,0.48147492276297676,0.7275371584627364,1605.651240051548,0.3618609176741706
Little_Chicago_s_Finest_-_My_Own,nvidia/canary-1b-v2,how,209,65.97,66.25,substitution,0.3183199031458747,0.4317382599317258,0.7965598394793849,1627.1934299608167,0.3687926463542446
Little_Chicago_s_Finest_-_My_Own,nvidia/canary-1b-v2,then,210,66.4,66.53,substitution,0.2442031198491653,0.3541714041183392,0.8239861051241557,1082.8815068144372,0.22815434137980142
Little_Chicago_s_Finest_-_My_Own,nvidia/canary-1b-v2,i,211,66.53,66.6,correct,0.35137171298265457,0.5199706628918648,0.675286203622818,1383.1065334193975,0.20276061072945595
Little_Chicago_s_Finest_-_My_Own,nvidia/canary-1b-v2,really,212,66.6,67.1,correct,0.2496948862617666,0.36587349095127797,0.6870365262031555,1609.1161708316893,0.26343155245889316
Little_Chicago_s_Finest_-_My_Own,nvidia/canary-1b-v2,started,213,67.1,67.6,correct,0.2934915793852674,0.40256065868393137,2.085011419322756,1850.2597936189147,0.2830246437203001
Little_Chicago_s_Finest_-_My_Own,nvidia/canary-1b-v2,to,214,67.6,67.67,correct,0.20993142988946703,0.24275646689865324,0.9503651327557034,1949.1754329853195,0.4625866744253371
Little_Chicago_s_Finest_-_My_Own,nvidia/canary-1b-v2,figure,215,67.67,68.04,substitution,0.4138515413738787,0.5830117152072489,0.7763907983899117,2098.989654483167,0.39837730638682844
Little_Chicago_s_Finest_-_My_Own,nvidia/canary-1b-v2,it,216,68.04,68.21,substitution,0.510396587221246,0.7212836475748765,0.7088996862110338,1165.0761531271016,0.2210691932000612
Little_Chicago_s_Finest_-_My_Own,nvidia/canary-1b-v2,out,217,68.21,68.45,substitution,0.43292151970995796,0.6015150472521782,0.7937288284301758,1406.0753469525177,0.2939192729967612
Little_Chicago_s_Finest_-_My_Own,nvidia/canary-1b-v2,really,218,68.61,68.8,substitution,0.3322860841594991,0.48311415536417845,0.8385061167535328,1124.3149716584658,0.21496455193985076
Little_Chicago_s_Finest_-_My_Own,nvidia/canary-1b-v2,thought,219,68.8,69.18,correct,0.3847646464460662,0.5624590253989611,0.8950362659635998,1427.651090176467,0.26653790740030153
Little_Chicago_s_Finest_-_My_Own,nvidia/canary-1b-v2,i,220,69.18,69.24,correct,0.44410941004753113,0.6664743508611407,0.6667411071913583,1324.1999235053495,0.19046799412795476
Little_Chicago_s_Finest_-_My_Own,nvidia/canary-1b-v2,was,221,69.24,69.45,correct,0.21547644488189532,0.2986213824023371,0.7410599615262903,1932.940522528897,0.2995042049366495
Little_Chicago_s_Finest_-_My_Own,nvidia/canary-1b-v2,living,222,69.45,69.7,correct,0.2711571619978973,0.3813543862530163,0.7133663637297494,1447.0102728720833,0.3123688410435404
Little_Chicago_s_Finest_-_My_Own,nvidia/canary-1b-v2,now,223,69.7,69.88,correct,0.4999057620763779,0.7029365062713623,0.7135293662548066,1344.6520770888997,0.24792500212788582
Little_Chicago_s_Finest_-_My_Own,nvidia/canary-1b-v2,i'm,224,69.88,69.98,correct,0.5096328171590964,0.713165633380413,0.7126019895076752,1131.6947119382112,0.19815769294897714
Little_Chicago_s_Finest_-_My_Own,nvidia/canary-1b-v2,living,225,69.98,70.25,substitution,0.502191357811292,0.6974902798732122,0.7258279701073964,1140.0118046793737,0.21671783725420635
Little_Chicago_s_Finest_-_My_Own,nvidia/canary-1b-v2,without,226,70.25,70.66,deletion,0.40643916411532294,0.5678353387034601,0.782279700703091,1501.789302126892,0.305561943186654
Little_Chicago_s_Finest_-_My_Own,nvidia/canary-1b-v2,her,227,70.66,71.17,correct,0.25428968505425886,0.3423536937683821,0.8206571037119085,1417.8988812557618,0.2803065584464507
Little_Chicago_s_Finest_-_My_Own,nvidia/canary-1b-v2,now,228,71.31,71.51,correct,0.23965043638070876,0.34699124906381423,0.7056665854020552,1232.762060731386,0.23266457867893306
Little_Chicago_s_Finest_-_My_Own,nvidia/canary-1b-v2,i,229,71.51,71.54,substitution,0.2748965881764889,0.37197811901569366,0.7410386949777603,1158.5371750637883,0.20213262364268303
Little_Chicago_s_Finest_-_My_Own,nvidia/canary-1b-v2,feel,230,71.54,71.85,substitution,0.2641873757957536,0.3630728465778863,0.9843143400023965,2088.506204112957,0.4309641670654802
Little_Chicago_s_Finest_-_My_Own,nvidia/canary-1b-v2,like,231,71.85,72.06,substitution,0.23213122296147048,0.3188232892813782,0.9225332364439964,1391.6009506067712,0.3033261311550935
Little_Chicago_s_Finest_-_My_Own,nvidia/canary-1b-v2,the,232,72.06,72.13,deletion,0.1839038785547018,0.2401506658643484,0.9856774806976318,1426.632478737303,0.3456795075908303
Little_Chicago_s_Finest_-_My_Own,nvidia/canary-1b-v2,greatest,233,72.13,72.53,deletion,0.28549684499475086,0.3923108459196307,0.9220605235208165,2087.9132414180453,0.3549701195548881
Little_Chicago_s_Finest_-_My_Own,nvidia/canary-1b-v2,on,234,72.53,72.76,correct,0.5392519407547437,0.7808705344796181,0.7062340562160199,949.3131075305298,0.16962778854828614
Little_Chicago_s_Finest_-_My_Own,nvidia/canary-1b-v2,the,235,72.76,73.04,correct,0.40102579072117805,0.5648608578989903,0.8881623248259226,1380.5114207108782,0.2838528871536255
Little_Chicago_s_Finest_-_My_Own,nvidia/canary-1b-v2,earth,236,73.04,73.44,correct,0.250693090619858,0.34720826407217165,0.8383867280049757,2280.7811004292557,0.43176574751057406
Little_Chicago_s_Finest_-_My_Own,nvidia/canary-1b-v2,and,237,73.61,73.73,correct,0.21117329903479135,0.3113636194861361,0.6989236644336155,1206.7410234464867,0.2519280133502824
Little_Chicago_s_Finest_-_My_Own,nvidia/canary-1b-v2,i,238,73.73,73.8,correct,0.34388966030544704,0.5067678060796525,0.67825272348192,1196.6821728815366,0.1967996060848236
Little_Chicago_s_Finest_-_My_Own,nvidia/canary-1b-v2,knew,239,73.8,73.93,substitution,0.3577292412519455,0.45107228628226687,0.7992529485906873,1232.6971771631604,0.26983131787606646
Little_Chicago_s_Finest_-_My_Own,nvidia/canary-1b-v2,the,240,73.93,74.09,correct,0.30233199066585964,0.43439434634314644,0.7136121557818519,1546.8733069086486,0.32944518079360324
Little_Chicago_s_Finest_-_My_Own,nvidia/canary-1b-v2,end,241,74.09,74.26,substitution,0.26923536472022536,0.3953591831028461,0.680768859386444,1384.8338021300551,0.27569578364491465
Little_Chicago_s_Finest_-_My_Own,nvidia/canary-1b-v2,was,242,74.26,74.4,substitution,0.21405762864742428,0.29809143336024135,0.7788656763732433,2986.911040609249,0.4838006217032671
Little_Chicago_s_Finest_-_My_Own,nvidia/canary-1b-v2,coming,243,74.4,74.71,deletion,0.3020687425399528,0.4182535968173076,1.3657659327282625,1334.9361661114472,0.2894337924526018
Little_Chicago_s_Finest_-_My_Own,nvidia/canary-1b-v2,mayan,244,74.71,75.0,correct,0.39093077136203647,0.5257409941987135,1.3592266775667667,1203.106521177311,0.24908553645946085
Little_Chicago_s_Finest_-_My_Own,nvidia/canary-1b-v2,calendar,245,75.0,75.78,correct,0.39900642460478203,0.5560131035911452,0.869279397385461,1500.0413197057355,0.32364906104547636
Little_Chicago_s_Finest_-_My_Own,nvidia/canary-1b-v2,whenever,246,76.38,76.87,correct,0.29614362067911987,0.395450567580619,0.828742191476642,1229.96692662254,0.27026418357525234
Little_Chicago_s_Finest_-_My_Own,nvidia/canary-1b-v2,you,247,76.87,77.02,correct,0.3195490258581498,0.42383257781758027,0.7619697241222158,1584.7529109585669,0.30687181432457533
Little_Chicago_s_Finest_-_My_Own,nvidia/canary-1b-v2,decide,248,77.02,77.47,substitution,0.45069389349343825,0.6223922568012257,0.7344324819895686,2613.2241736606506,0.36831337046258306
Little_Chicago_s_Finest_-_My_Own,nvidia/canary-1b-v2,to,249,77.47,77.54,deletion,0.3509473707526922,0.44658254086971283,0.8159026578068733,916.8513429261374,0.19409392680972815
Little_Chicago_s_Finest_-_My_Own,nvidia/canary-1b-v2,run,250,77.54,77.82,correct,0.42683177657665744,0.6031748695719626,0.7187712750127239,978.931837939554,0.17225658605175634
Little_Chicago_s_Finest_-_My_Own,nvidia/canary-1b-v2,from,251,77.82,78.07,correct,0.2556426466575691,0.3243440484095897,0.7855848010097232,2006.1177990797078,0.38751409149595667
Little_Chicago_s_Finest_-_My_Own,nvidia/canary-1b-v2,me,252,78.07,78.2,correct,0.4307213465372721,0.5783469915390015,0.7442493677139282,1182.0075254258652,0.260053218404452
Little_Chicago_s_Finest_-_My_Own,nvidia/canary-1b-v2,you,253,78.2,78.38,deletion,0.259950527921319,0.32876803874969485,0.8583818078041077,1407.3593707746766,0.31707254275679586
Little_Chicago_s_Finest_-_My_Own,nvidia/canary-1b-v2,run,254,78.38,78.87,deletion,0.20441764311970406,0.29615849172169306,0.7011597392694006,1474.5140002374474,0.2888508214140838
Little_Chicago_s_Finest_-_My_Own,nvidia/canary-1b-v2,make,255,78.87,79.08,correct,0.18961209633077183,0.24948103167116642,0.7664606695373853,1868.6859058415346,0.38069095586736995
Little_Chicago_s_Finest_-_My_Own,nvidia/canary-1b-v2,sure,256,79.08,79.35,correct,0.2167136404534866,0.3012777155843274,0.7228493197210903,2603.773714345555,0.4057106154746023
Little_Chicago_s_Finest_-_My_Own,nvidia/canary-1b-v2,you,257,79.35,79.52,correct,0.24589909389615058,0.3277615815401077,0.7602997720241547,1548.6199996664159,0.3443040505051613
Little_Chicago_s_Finest_-_My_Own,nvidia/canary-1b-v2,far,258,79.52,79.81,deletion,0.18437787925358862,0.25336583831813186,0.77482701651752,1966.4193812114036,0.35810883762314916
Little_Chicago_s_Finest_-_My_Own,nvidia/canary-1b-v2,gone,259,79.81,80.52,deletion,0.30408488615955176,0.40974073072797373,0.7478853573924616,1317.6507949657348,0.3004043886536046
Little_Chicago_s_Finest_-_My_Own,nvidia/canary-1b-v2,you,260,80.52,80.58,correct,0.2786401826888323,0.33251358941197395,0.8404980897903442,1478.3424471158778,0.3867832198739052
Little_Chicago_s_Finest_-_My_Own,nvidia/canary-1b-v2,gone,261,80.58,80.97,correct,0.33999370464256834,0.4701320415451413,0.7420218728837513,1386.7716355884702,0.2769957709880102
Little_Chicago_s_Finest_-_My_Own,nvidia/canary-1b-v2,just,262,80.97,81.12,correct,0.21982035040855408,0.28971632876816916,0.7735734546885771,3960.3065874269746,0.5684127746259465
Little_Chicago_s_Finest_-_My_Own,nvidia/canary-1b-v2,know,263,81.12,81.22,correct,0.4481010337670644,0.6215932915608088,0.7236173748970032,1046.7860529849752,0.21470809107025465
Little_Chicago_s_Finest_-_My_Own,nvidia/canary-1b-v2,you,264,81.22,81.45,substitution,0.5287746179103852,0.6990394759178161,0.7620861959457398,1011.3359014979466,0.18998694270849228
Little_Chicago_s_Finest_-_My_Own,nvidia/canary-1b-v2,ain't,265,81.45,81.65,substitution,0.421389432704967,0.5636691697265791,0.7869583342386328,1261.6422146222255,0.24978119361659754
Little_Chicago_s_Finest_-_My_Own,nvidia/canary-1b-v2,gonna,266,81.65,81.9,deletion,0.39743951122675625,0.4841904432645866,0.8426794345889773,1453.2961761804586,0.28429135573761805
Little_Chicago_s_Finest_-_My_Own,nvidia/canary-1b-v2,take,267,81.9,82.07,correct,0.31823237985372543,0.4285122728661487,0.7568825169613487,2068.952218107594,0.36129504559855713
Little_Chicago_s_Finest_-_My_Own,nvidia/canary-1b-v2,none,268,82.07,82.32,deletion,0.39239079036094526,0.5105868037100192,0.7707643530986927,1277.261055070316,0.2477977336556823
Little_Chicago_s_Finest_-_My_Own,nvidia/canary-1b-v2,for,269,82.32,82.44,correct,0.16044169611164502,0.20359507575631142,0.8093434827668327,2826.1793312314953,0.5405147895216942
Little_Chicago_s_Finest_-_My_Own,nvidia/canary-1b-v2,me,270,82.44,82.59,substitution,0.3742332125411314,0.4905560717863195,0.7673990936840281,1566.1925696509006,0.3173469217384563
Little_Chicago_s_Finest_-_My_Own,nvidia/canary-1b-v2,take,271,82.59,82.7,substitution,0.3242599975604277,0.4125571044591757,0.7913227723195002,1312.7976878832758,0.26870040595531464
Little_Chicago_s_Finest_-_My_Own,nvidia/canary-1b-v2,none,272,82.7,83.19,substitution,0.21003424516826305,0.2924110830392478,0.7159270734157203,1695.692284978918,0.31071182804287606
Little_Chicago_s_Finest_-_My_Own,nvidia/canary-1b-v2,cause,273,83.19,83.37,substitution,0.1814799766987562,0.23496661111712455,0.7714609175920486,3563.71302921905,0.5365851238369942
Little_Chicago_s_Finest_-_My_Own,nvidia/canary-1b-v2,i'm,274,83.37,83.59,substitution,0.33245737969875333,0.4571117919683456,0.7406040859222413,1190.243650256713,0.2520252084732056
Little_Chicago_s_Finest_-_My_Own,nvidia/canary-1b-v2,good,275,83.59,83.89,substitution,0.2566065372842731,0.32642229115872673,1.0957451264063518,1267.3954654923143,0.2750009239623041
Little_Chicago_s_Finest_-_My_Own,nvidia/canary-1b-v2,on,276,83.89,84.17,deletion,0.29639483796012017,0.415174474398936,0.7878209314038677,1269.4596387074052,0.2835425912372528
Little_Chicago_s_Finest_-_My_Own,nvidia/canary-1b-v2,my,277,84.17,84.39,correct,0.2953453954930107,0.4197894896691044,0.7108461484313011,1258.3267769334254,0.25890938316782314
Little_Chicago_s_Finest_-_My_Own,nvidia/canary-1b-v2,own,278,84.45,85.01,correct,0.40921107777318017,0.5220855582566535,0.8112613548997973,1321.9456096742933,0.29790388267548357
Little_Chicago_s_Finest_-_My_Own,nvidia/canary-1b-v2,my,279,85.01,85.14,substitution,0.3523759186267853,0.45874961813290915,0.7803625186284383,1517.2949616228473,0.33282665014266966
Little_Chicago_s_Finest_-_My_Own,nvidia/canary-1b-v2,own,280,85.14,85.44,correct,0.25302264162085275,0.322977802067092,0.793492216052431,1184.4321400690117,0.25132830847393384
Little_Chicago_s_Finest_-_My_Own,nvidia/canary-1b-v2,cause,281,85.44,85.6,correct,0.20597966884573302,0.2528331246640947,0.8140855928262075,3192.8038765457804,0.5548933777544234
Little_Chicago_s_Finest_-_My_Own,nvidia/canary-1b-v2,all,282,85.6,85.81,substitution,0.5507835062841574,0.7469084200759729,0.7372615213195483,1339.0602186051462,0.26386437378823757
Little_Chicago_s_Finest_-_My_Own,nvidia/canary-1b-v2,them,283,85.81,86.1,correct,0.49636273759026683,0.7025682118631178,0.7236405341855942,1100.5824166114003,0.227659719845941
Little_Chicago_s_Finest_-_My_Own,nvidia/canary-1b-v2,things,284,86.1,86.31,correct,0.38694316521286964,0.5190800136576096,0.8063974753022194,1848.8232629756906,0.3982202063004176
Little_Chicago_s_Finest_-_My_Own,nvidia/canary-1b-v2,you,285,86.31,86.37,substitution,0.4217563824994223,0.5932461491652897,0.7115388086863926,2353.4806965087946,0.49904512081827435
Little_Chicago_s_Finest_-_My_Own,nvidia/canary-1b-v2,didn't,286,86.37,86.54,substitution,0.5600388473586032,0.7537683985735241,0.7404385460050482,1122.1209387598665,0.22706795719109082
Little_Chicago_s_Finest_-_My_Own,nvidia/canary-1b-v2,done,287,86.54,86.81,deletion,0.43629806985457736,0.6194372927149137,0.7072579006354014,1091.596075956443,0.2230978364745776
Little_Chicago_s_Finest_-_My_Own,nvidia/canary-1b-v2,to,288,86.81,86.87,deletion,0.38055146485567093,0.5350921303033829,0.7184184119105339,976.7915104213396,0.20199481025338173
Little_Chicago_s_Finest_-_My_Own,nvidia/canary-1b-v2,me,289,86.87,87.09,correct,0.4344712632397811,0.5964284924169382,0.7354636440674464,1404.1565280219017,0.3094816164424022
Little_Chicago_s_Finest_-_My_Own,nvidia/canary-1b-v2,you,290,87.09,87.22,correct,0.28931257923444115,0.34682281215985616,0.8389275232950847,1796.8870286005904,0.3837293326854706
Little_Chicago_s_Finest_-_My_Own,nvidia/canary-1b-v2,done,291,87.22,87.59,substitution,0.28851131200790403,0.39622861668467524,0.7369276493787765,1734.6193571957144,0.27419651076197626
Little_Chicago_s_Finest_-_My_Own,nvidia/canary-1b-v2,have,292,87.59,87.8,correct,0.22575022683789334,0.27496295298139256,0.8418853208422661,1349.133439862171,0.3198070215682189
Little_Chicago_s_Finest_-_My_Own,nvidia/canary-1b-v2,only,293,87.8,88.22,correct,0.405141923090686,0.5130466170932936,0.799635815879573,917.6953284098232,0.17817831930259
Little_Chicago_s_Finest_-_My_Own,nvidia/canary-1b-v2,made,294,88.22,88.56,substitution,0.3481347117875073,0.4773771722574492,0.7350391697239231,1319.8359372773784,0.2891306861026867
Little_Chicago_s_Finest_-_My_Own,nvidia/canary-1b-v2,me,295,88.56,88.75,correct,0.2816674453871591,0.37605276987666175,0.74965557881764,1214.409463390965,0.24428007858140127
Little_Chicago_s_Finest_-_My_Own,nvidia/canary-1b-v2,strong,296,88.75,89.17,correct,0.28632655359156756,0.3852618385673217,0.7683534298254096,2441.961270991703,0.45020975464064145
Little_Chicago_s_Finest_-_My_Own,nvidia/canary-1b-v2,me,297,89.17,89.42,substitution,0.39038679003715515,0.45070392319134306,0.8820277856928962,2010.842111076272,0.39425220659800936
Little_Chicago_s_Finest_-_My_Own,nvidia/canary-1b-v2,strong,298,89.42,89.85,substitution,0.2516080615637095,0.3140895369908084,0.8270049781902976,1360.298625149117,0.3037053489166757
Little_Chicago_s_Finest_-_My_Own,nvidia/canary-1b-v2,this,299,89.85,90.02,deletion,0.25151692405343057,0.3407254569232464,0.7547429651021957,3461.812352705151,0.4749889373779297
Little_Chicago_s_Finest_-_My_Own,nvidia/canary-1b-v2,life,300,90.02,90.27,deletion,0.38425142214530045,0.5359985771830436,0.7837458341209976,1575.6137395555913,0.3338288720007296
Little_Chicago_s_Finest_-_My_Own,nvidia/canary-1b-v2,they,301,90.27,90.47,correct,0.3834468395975621,0.5469199668454088,0.7841356318929921,1750.6599774976169,0.36606300946163095
Little_Chicago_s_Finest_-_My_Own,nvidia/canary-1b-v2,gave,302,90.47,90.69,correct,0.36862303006152314,0.4683527934054534,0.7873546704649925,1363.4369027260998,0.2888037068769336
Little_Chicago_s_Finest_-_My_Own,nvidia/canary-1b-v2,just,303,90.69,90.95,substitution,0.19828926707650052,0.27162172266378487,0.747998136898567,3163.8294391223367,0.532601034332966
Little_Chicago_s_Finest_-_My_Own,nvidia/canary-1b-v2,one,304,90.95,91.16,correct,0.32373414998469147,0.4684163354661154,0.6989885698194089,1081.1703601161414,0.21142373622759528
Little_Chicago_s_Finest_-_My_Own,nvidia/canary-1b-v2,for,305,91.16,91.31,correct,0.10202089587555212,0.12583106164546573,0.8198684909764458,3070.617452632229,0.5968363162349252
Little_Chicago_s_Finest_-_My_Own,nvidia/canary-1b-v2,me,306,91.31,91.37,substitution,0.3359791785478592,0.4486254192888737,0.7550170123577118,2339.6795030753046,0.45177262648940086
Little_Chicago_s_Finest_-_My_Own,nvidia/canary-1b-v2,just,307,91.37,91.67,correct,0.2869932832139911,0.361571677254908,0.8195307074171124,1959.8207614399203,0.4211058657277714
Little_Chicago_s_Finest_-_My_Own,nvidia/canary-1b-v2,one,308,91.67,92.05,correct,0.26487410322922034,0.38404924331641777,0.7010981527770438,1552.8913234078002,0.2507184024264173
Little_Chicago_s_Finest_-_My_Own,nvidia/canary-1b-v2,so,309,92.05,92.29,substitution,0.2527847726036001,0.30026977316096976,0.842651731438107,2572.6167483178992,0.34939691700317244
Little_Chicago_s_Finest_-_My_Own,nvidia/canary-1b-v2,i'm,310,92.29,92.48,substitution,0.2805575182040532,0.35395459617887226,0.7990746412958417,902.4561574163124,0.17033662717966808
Little_Chicago_s_Finest_-_My_Own,nvidia/canary-1b-v2,gon,311,92.48,92.76,deletion,0.3179143196152103,0.4236233715088137,0.754649862166374,897.2313093455846,0.1775413655465649
Little_Chicago_s_Finest_-_My_Own,nvidia/canary-1b-v2,live,312,92.76,92.95,deletion,0.3225691013392948,0.4433264562061855,0.744017759958903,1484.6147057527367,0.3471892142579669
Little_Chicago_s_Finest_-_My_Own,nvidia/canary-1b-v2,it,313,92.95,93.12,correct,0.2208367754754267,0.29790061320129196,0.7443061816064935,1411.1766638450524,0.33366892839732926
Little_Chicago_s_Finest_-_My_Own,nvidia/canary-1b-v2,long,314,93.12,93.34,correct,0.40195171535015106,0.49916213750839233,0.814628496170044,1119.8834301293725,0.23957544565200806
Little_Chicago_s_Finest_-_My_Own,nvidia/canary-1b-v2,my,315,93.34,93.4,correct,0.5192794416631971,0.5784587221486228,0.8989221368517194,1110.5792073769626,0.2396369299718312
Little_Chicago_s_Finest_-_My_Own,nvidia/canary-1b-v2,own,316,93.4,94.27,substitution,0.29805191994664515,0.3650307428646595,0.8242025229525058,1218.7242144726015,0.2538482297925239
Little_Chicago_s_Finest_-_My_Own,nvidia/canary-1b-v2,long,317,94.27,94.78,correct,0.14781621917658908,0.1855124438604848,0.8763125051151622,1264.7624478296764,0.2855903435837139
Little_Chicago_s_Finest_-_My_Own,nvidia/canary-1b-v2,on,318,94.99,95.13,correct,0.26796828489750624,0.36831551510840654,0.7312425225973129,1349.5650381095477,0.30305520072579384
Little_Chicago_s_Finest_-_My_Own,nvidia/canary-1b-v2,my,319,95.13,95.38,substitution,0.2547666391840688,0.3460600998390604,0.7417848993230749,1491.8957863033875,0.3178181526837526
Little_Chicago_s_Finest_-_My_Own,nvidia/canary-1b-v2,own,320,95.41,95.8,substitution,0.18884581824143729,0.2504199751253639,0.7576892943609328,1214.708087027702,0.2685116518821035
Little_Chicago_s_Finest_-_My_Own,nvidia/canary-1b-v2,my,321,95.8,96.02,correct,0.15172628328204155,0.21630644213408232,0.7264796876907349,1931.6629736865652,0.35675711631774903
Little_Chicago_s_Finest_-_My_Own,nvidia/canary-1b-v2,own,322,96.1,96.44,correct,0.15872685127967112,0.23479362617473346,0.6863148164104771,2069.138963426784,0.364753591450485
Little_Chicago_s_Finest_-_My_Own,nvidia/canary-1b-v2,so,323,96.44,96.56,correct,0.19911524546997889,0.28991949345384327,0.6838526385171073,3455.5602535527796,0.46308800258806776
Little_Chicago_s_Finest_-_My_Own,nvidia/canary-1b-v2,i'm,324,96.56,96.69,substitution,0.2806508829196294,0.3963804582754771,0.7085190971692403,671.036389915534,0.11449875980615616
Little_Chicago_s_Finest_-_My_Own,nvidia/canary-1b-v2,gon,325,96.69,97.23,correct,0.30332489539000945,0.4200936977641057,0.7222125035221294,1006.959361651194,0.19601100203344377
Little_Chicago_s_Finest_-_My_Own,nvidia/canary-1b-v2,live,326,97.23,97.49,correct,0.23267363144883088,0.33389352155583246,0.704856419137546,1581.1861819390808,0.3646562950951712
Little_Chicago_s_Finest_-_My_Own,nvidia/canary-1b-v2,it,327,97.49,97.52,correct,0.261191663146019,0.33448036313056945,0.779828691482544,1203.3358116948145,0.2753489315509796
Little_Chicago_s_Finest_-_My_Own,nvidia/canary-1b-v2,long,328,97.52,97.79,correct,0.2656802535057068,0.36351213424370205,0.7323524499761647,1101.4659931654644,0.23206897953460956
Little_Chicago_s_Finest_-_My_Own,nvidia/canary-1b-v2,my,329,97.79,97.85,correct,0.31813647598028183,0.42229559645056725,0.7543536201119423,1200.6192970601028,0.26567012444138527
Little_Chicago_s_Finest_-_My_Own,nvidia/canary-1b-v2,own,330,97.85,98.74,substitution,0.2907024906016886,0.37265792954713106,0.7922682072967291,1231.7240598564188,0.2632028727481763
Little_Chicago_s_Finest_-_My_Own,nvidia/canary-1b-v2,long,331,98.74,99.2,substitution,0.18787549219094216,0.22694623130839317,0.8853221642971039,1178.2182750533207,0.2705881229043007
Little_Chicago_s_Finest_-_My_Own,nvidia/canary-1b-v2,on,332,99.41,99.58,correct,0.2757432686263009,0.3683483118289395,0.7726582351483797,1292.4124082459714,0.27364862749451085
Little_Chicago_s_Finest_-_My_Own,nvidia/canary-1b-v2,my,333,99.58,99.82,substitution,0.24568410735163423,0.33586597359842724,0.7471798503840411,1546.874324835594,0.32391720127176354
Little_Chicago_s_Finest_-_My_Own,nvidia/canary-1b-v2,own,334,99.87,100.27,correct,0.19246300284496762,0.23650726235725664,0.8113689571619034,1127.89082450578,0.25206091729077423
Little_Chicago_s_Finest_-_My_Own,nvidia/canary-1b-v2,my,335,100.27,100.46,substitution,0.1320546039690574,0.18609118226560808,0.7412429082961309,1713.181726917471,0.30225815233730136
Little_Chicago_s_Finest_-_My_Own,nvidia/canary-1b-v2,own,336,100.56,100.86,substitution,0.1731362570867394,0.25789280100302264,0.6739338365468112,1830.1340566286503,0.3087317781014876
Little_Chicago_s_Finest_-_My_Own,nvidia/canary-1b-v2,so,337,100.86,101.15,substitution,0.22617955831810832,0.32734005246311426,0.688878744840622,2514.0358972919503,0.3476866187993437
Little_Chicago_s_Finest_-_My_Own,nvidia/canary-1b-v2,i,338,101.15,101.23,correct,0.3559657831986745,0.5210804177655114,0.6822781827714708,1232.294078097936,0.22305736939112344
Little_Chicago_s_Finest_-_My_Own,nvidia/canary-1b-v2,gon,339,101.23,101.68,correct,0.29737122995512827,0.42933670963559833,0.6923152025865049,1275.76499095684,0.25311996316423224
Little_Chicago_s_Finest_-_My_Own,nvidia/canary-1b-v2,live,340,101.68,101.95,correct,0.20832911233107249,0.3003765468796094,0.7047903339068095,1711.6185884518293,0.38970669557650883
Little_Chicago_s_Finest_-_My_Own,nvidia/canary-1b-v2,it,341,101.95,102.02,substitution,0.16842321885956657,0.2206406808561749,0.7637177374627855,1392.8052777349487,0.29707737763722736
Little_Chicago_s_Finest_-_My_Own,nvidia/canary-1b-v2,long,342,102.02,102.22,substitution,0.32314038479870016,0.45740641314874997,0.71068782156164,1271.7556120764607,0.2831552238626914
Little_Chicago_s_Finest_-_My_Own,nvidia/canary-1b-v2,my,343,102.22,102.28,substitution,0.33282420890671865,0.4679569729736873,0.7097916688237872,1311.5422781810582,0.2874332368373871
Little_Chicago_s_Finest_-_My_Own,nvidia/canary-1b-v2,own,344,102.28,103.21,substitution,0.3018242367866016,0.3981046473035718,0.7632545451126477,1257.7266810520803,0.2669933870582297
Little_Chicago_s_Finest_-_My_Own,nvidia/canary-1b-v2,long,345,103.21,103.79,substitution,0.13290127993921838,0.17048100454192008,0.8852715290361836,1309.005477945256,0.3101967455398652
Little_Chicago_s_Finest_-_My_Own,nvidia/canary-1b-v2,on,346,103.86,104.02,correct,0.22483102532310617,0.3027439192454848,0.8198279009924995,1315.3231761868183,0.2848797200454606
Little_Chicago_s_Finest_-_My_Own,nvidia/canary-1b-v2,my,347,104.02,104.29,correct,0.21588193379963438,0.2951997285398344,0.7640373766422272,1450.5503067242728,0.3123760183652242
Little_Chicago_s_Finest_-_My_Own,nvidia/canary-1b-v2,own,348,104.33,104.67,substitution,0.1380915212872866,0.17715543649486593,0.7890842830812609,1179.9881222572576,0.2683115831098041
Little_Chicago_s_Finest_-_My_Own,nvidia/canary-1b-v2,my,349,104.67,104.88,substitution,0.13392575034716478,0.19275109365116805,0.7334287439783415,1862.2903856767796,0.33803174272179604
Little_Chicago_s_Finest_-_My_Own,nvidia/canary-1b-v2,own,350,104.95,105.32,correct,0.15519443449632422,0.2283616290859333,0.6852478166905845,2085.3997523722837,0.3637445859792756
Little_Chicago_s_Finest_-_My_Own,nvidia/canary-1b-v2,so,351,105.32,105.59,correct,0.24483963127793937,0.3251583432329112,0.7526735190687508,2685.685208055834,0.3617786045732169
Little_Chicago_s_Finest_-_My_Own,nvidia/canary-1b-v2,i'm,352,105.59,105.83,substitution,0.3132656757478361,0.4024801497106199,0.7821703486972384,1238.6737312680682,0.25015471986046545
Little_Chicago_s_Finest_-_My_Own,nvidia/canary-1b-v2,gon,353,105.83,106.12,correct,0.3087538741528988,0.3927801316604018,0.787927258759737,1050.1914391860619,0.20960392011329532
Little_Chicago_s_Finest_-_My_Own,nvidia/canary-1b-v2,live,354,106.12,106.4,substitution,0.19226694299328712,0.2594013988010345,0.7501206128827987,1894.7605261011809,0.4254706809597631
Little_Chicago_s_Finest_-_My_Own,nvidia/canary-1b-v2,it,355,106.4,106.47,correct,0.2253317954018712,0.30056787095963955,0.7494947984814644,1702.5361782703717,0.4193718209862709
Little_Chicago_s_Finest_-_My_Own,nvidia/canary-1b-v2,long,356,106.47,106.66,correct,0.28218353709036653,0.3893078565597534,0.7257547947493467,1573.2890055160146,0.3636295903812755
Little_Chicago_s_Finest_-_My_Own,nvidia/canary-1b-v2,me,357,106.66,106.86,correct,0.501804381608963,0.7043145637620579,0.7099016823551871,1494.6482126829885,0.3215510675852949
Little_Chicago_s_Finest_-_My_Own,nvidia/canary-1b-v2,and,358,106.86,106.98,substitution,0.30944767062153133,0.4530399079833712,0.6829473333699363,1244.672286319864,0.2533195284860475
Little_Chicago_s_Finest_-_My_Own,nvidia/canary-1b-v2,you,359,106.98,107.15,correct,0.371243863905731,0.5466474969136087,0.6890742716036344,1330.429010998485,0.24447504627077202
Little_Chicago_s_Finest_-_My_Own,nvidia/canary-1b-v2,girl,360,107.15,107.44,correct,0.3061178440111689,0.41249292786233127,1.0913642533123493,1442.4536654513267,0.29398681269958615
Little_Chicago_s_Finest_-_My_Own,nvidia/canary-1b-v2,coulda,361,107.44,107.72,substitution,0.29241673311879557,0.3974232173134242,0.8611891019728876,1476.3725539150814,0.30389013742246934
Little_Chicago_s_Finest_-_My_Own,nvidia/canary-1b-v2,been,362,107.72,107.91,correct,0.4077511124667667,0.5281438156962395,0.918103970232464,1153.0176054097658,0.23011182887213572
Little_Chicago_s_Finest_-_My_Own,nvidia/canary-1b-v2,the,363,107.91,107.98,correct,0.41476291604340076,0.5931415241211653,0.7239641323685646,1064.5869944662895,0.18642053101211786
Little_Chicago_s_Finest_-_My_Own,nvidia/canary-1b-v2,perfect,364,107.98,108.33,substitution,0.2508221734315157,0.3170018593947857,1.1842641876294062,1675.6035737454024,0.3705273450185091
Little_Chicago_s_Finest_-_My_Own,nvidia/canary-1b-v2,fit,365,108.33,108.6,correct,0.32479882664207754,0.4343859271371159,1.0732954617204338,1584.6585511311812,0.33631144412632646
Little_Chicago_s_Finest_-_My_Own,nvidia/canary-1b-v2,but,366,108.6,108.76,correct,0.19215139991750843,0.26739058094589335,0.799276634266502,1990.5375125400794,0.35909427467145416
Little_Chicago_s_Finest_-_My_Own,nvidia/canary-1b-v2,you,367,108.76,108.84,correct,0.23923194573985207,0.34441032509009045,0.6965207126405504,1610.6151929960408,0.3020283877849579
Little_Chicago_s_Finest_-_My_Own,nvidia/canary-1b-v2,had,368,108.84,109.02,correct,0.336124986037612,0.46045145131647586,0.7567821025848389,1534.493518668079,0.308555406332016
Little_Chicago_s_Finest_-_My_Own,nvidia/canary-1b-v2,to,369,109.02,109.1,correct,0.2348322056233883,0.32664934620261193,0.7413242638111115,1420.9089588194092,0.25943049788475037
Little_Chicago_s_Finest_-_My_Own,nvidia/canary-1b-v2,do,370,109.1,109.22,substitution,0.2229973657854966,0.30696868151426315,0.79460380758558,1396.0827626141468,0.2696460597217083
Little_Chicago_s_Finest_-_My_Own,nvidia/canary-1b-v2,your,371,109.22,109.38,correct,0.2517080820269055,0.35379886337452465,0.7296896941132016,1370.902089753059,0.22375078292356598
Little_Chicago_s_Finest_-_My_Own,nvidia/canary-1b-v2,best,372,109.38,109.81,substitution,0.1888399090558449,0.23883747948492143,1.1167815911008956,2357.729213884646,0.4236900873006658
Little_Chicago_s_Finest_-_My_Own,nvidia/canary-1b-v2,put,373,109.81,109.97,substitution,0.35321782901883125,0.4730753215133316,0.9360587331983778,1316.9289033150746,0.2816068505247434
Little_Chicago_s_Finest_-_My_Own,nvidia/canary-1b-v2,on,374,109.97,110.14,substitution,0.5865944372980219,0.7929168719994394,0.7441874209203219,1187.7917319099004,0.22277883950032687
Little_Chicago_s_Finest_-_My_Own,nvidia/canary-1b-v2,and,375,110.14,110.23,correct,0.20990809202194213,0.2859209019690752,0.7756071150302887,2303.5807210954354,0.4922779992222786
Little_Chicago_s_Finest_-_My_Own,nvidia/canary-1b-v2,flip,376,110.23,110.41,substitution,0.29339413806086495,0.3913961263994376,0.8931992905480521,1400.2162338276898,0.29354621523192953
Little_Chicago_s_Finest_-_My_Own,nvidia/canary-1b-v2,a,377,110.41,110.46,correct,0.32743213325738907,0.44829636067152023,0.7457360625267029,1102.1938736058776,0.20248505721489587
Little_Chicago_s_Finest_-_My_Own,nvidia/canary-1b-v2,trick,378,110.46,110.79,correct,0.3129137050774362,0.41338790984203416,0.7965510901477602,1867.8597934795116,0.3487180761165089
Little_Chicago_s_Finest_-_My_Own,nvidia/canary-1b-v2,now,379,110.79,110.99,correct,0.2638818570836024,0.36927168613130396,0.7214680910110474,1247.8372119093422,0.21977157382802529
Little_Chicago_s_Finest_-_My_Own,nvidia/canary-1b-v2,it's,380,110.99,111.13,substitution,0.19615085562691092,0.24841464310884476,0.8427301831543446,3380.5225526887666,0.47126579470932484
Little_Chicago_s_Finest_-_My_Own,nvidia/canary-1b-v2,on,381,111.13,111.35,correct,0.32112062960863114,0.44493514105677606,0.7357644462585449,1296.3338181457295,0.2328612694144249
Little_Chicago_s_Finest_-_My_Own,nvidia/canary-1b-v2,to,382,111.35,111.48,correct,0.18449865480264027,0.23642352397243183,0.9262745300928752,2925.2169433267163,0.45773197909196217
Little_Chicago_s_Finest_-_My_Own,nvidia/canary-1b-v2,the,383,111.48,111.59,correct,0.23375949511925379,0.33472418660918873,0.6986389458179474,1282.0234749807728,0.23163568414747715
Little_Chicago_s_Finest_-_My_Own,nvidia/canary-1b-v2,next,384,111.59,111.94,correct,0.26261877951522666,0.3557440639974979,0.793486434679765,2341.2739519228853,0.3794779204405271
Little_Chicago_s_Finest_-_My_Own,nvidia/canary-1b-v2,one,385,111.94,112.16,correct,0.19964855536818504,0.26564290188252926,0.776909405986468,893.5701727780616,0.16725015143553415
Little_Chicago_s_Finest_-_My_Own,nvidia/canary-1b-v2,just,386,112.16,112.37,correct,0.3146948842331767,0.42804092975954217,0.7723339100678762,3320.951959749424,0.5263252286240458
Little_Chicago_s_Finest_-_My_Own,nvidia/canary-1b-v2,another,387,112.37,112.69,substitution,0.5194443568587304,0.7413755480732237,0.7078135456357684,1344.4235999273285,0.2612890901310103
Little_Chicago_s_Finest_-_My_Own,nvidia/canary-1b-v2,hit,388,112.69,112.99,correct,0.4203653493613908,0.5794708614773822,0.7445394234223799,1670.9185718286858,0.34124915798505145
Little_Chicago_s_Finest_-_My_Own,nvidia/canary-1b-v2,i'ma,389,113.02,113.24,correct,0.33068842937548953,0.4695187636340658,0.7373456185062727,1238.7468958921297,0.21453713066875935
Little_Chicago_s_Finest_-_My_Own,nvidia/canary-1b-v2,never,390,113.24,113.53,correct,0.30338343628682196,0.438738901168108,0.6965340282768011,1188.7449808392628,0.21961064520291984
Little_Chicago_s_Finest_-_My_Own,nvidia/canary-1b-v2,get,391,113.53,113.74,substitution,0.20562547321120897,0.2853697615986069,0.753745881219705,1394.563422434,0.2650734515239795
Little_Chicago_s_Finest_-_My_Own,nvidia/canary-1b-v2,enough,392,113.74,114.08,substitution,0.28858554463934255,0.3966989665216691,0.7357215752472749,1665.8704250674825,0.3006711801564371
Little_Chicago_s_Finest_-_My_Own,nvidia/canary-1b-v2,so,393,114.08,114.22,correct,0.22754185926169157,0.32950264401733875,0.6932767555117607,4104.473535091952,0.4954457664862275
Little_Chicago_s_Finest_-_My_Own,nvidia/canary-1b-v2,you,394,114.22,114.39,substitution,0.45924818045214605,0.6424574836304313,0.715975306536022,1584.774549947829,0.28183042218810633
Little_Chicago_s_Finest_-_My_Own,nvidia/canary-1b-v2,know,395,114.39,114.61,correct,0.5479122126102447,0.760510151386261,0.7345595693588257,1105.179322101266,0.18129246652126313
Little_Chicago_s_Finest_-_My_Own,nvidia/canary-1b-v2,i,396,114.61,114.65,substitution,0.5497320532798767,0.7748273730278015,0.7114281058311462,1113.6130552790642,0.1921608030796051
Little_Chicago_s_Finest_-_My_Own,nvidia/canary-1b-v2,never,397,114.65,114.92,correct,0.4023903898894787,0.5661780056854089,0.7282374898592631,1102.6546911568196,0.20368062059084574
Little_Chicago_s_Finest_-_My_Own,nvidia/canary-1b-v2,quit,398,114.92,115.33,correct,0.3107986174396832,0.4242135663093491,0.919583182443272,1565.5812261898077,0.3466789878227494
Little_Chicago_s_Finest_-_My_Own,nvidia/canary-1b-v2,trying,399,115.5,115.71,substitution,0.30719855399397406,0.42821118272031133,0.8649502137432927,2093.9695943717716,0.36988343946311786
Little_Chicago_s_Finest_-_My_Own,nvidia/canary-1b-v2,to,400,115.71,115.77,substitution,0.37193057366779875,0.529642002923148,0.7064682415553502,918.6015465982165,0.12665982331548417
Little_Chicago_s_Finest_-_My_Own,nvidia/canary-1b-v2,bring,401,115.77,115.97,substitution,0.3298358311471732,0.4613767567536105,0.7361088110053021,913.3270927485831,0.1403240943732469
Little_Chicago_s_Finest_-_My_Own,nvidia/canary-1b-v2,me,402,115.97,116.06,correct,0.3648396834731102,0.5211476504802703,0.7024786472320557,1113.3919298718556,0.15161173045635223
Little_Chicago_s_Finest_-_My_Own,nvidia/canary-1b-v2,down,403,116.06,116.37,correct,0.35134537276976247,0.4782985880532685,0.8371566148365245,1473.9410400953163,0.2738468259134713
Little_Chicago_s_Finest_-_My_Own,nvidia/canary-1b-v2,but,404,116.37,116.53,correct,0.45017317434151966,0.631715875532892,0.7428699996736314,1198.7027239765482,0.2296955171558592
Little_Chicago_s_Finest_-_My_Own,nvidia/canary-1b-v2,i,405,116.53,116.6,substitution,0.4346039899521404,0.6266823593113158,0.713953779803382,1351.5971389752888,0.24884596798155043
Little_Chicago_s_Finest_-_My_Own,nvidia/canary-1b-v2,climb,406,116.6,116.91,correct,0.40175409702693715,0.5352190912646406,0.8765030783765456,1630.3543629331991,0.32356731922310944
Little_Chicago_s_Finest_-_My_Own,nvidia/canary-1b-v2,to,407,116.91,117.04,correct,0.3120453161497911,0.4106131876508395,0.8962684154510498,2690.4097720751774,0.4419172555208206
Little_Chicago_s_Finest_-_My_Own,nvidia/canary-1b-v2,the,408,117.04,117.17,correct,0.3608399204909801,0.5007606528699398,0.7371874809265136,1163.4742148156624,0.22039003471533458
Little_Chicago_s_Finest_-_My_Own,nvidia/canary-1b-v2,top,409,117.17,117.45,substitution,0.4239685115714868,0.5621072848637899,0.8753076255321502,1847.8464249076394,0.3765607098738352
Little_Chicago_s_Finest_-_My_Own,nvidia/canary-1b-v2,had,410,117.45,117.64,substitution,0.4246557961133393,0.5618903484534133,0.7717304988340898,1300.6068968287784,0.2698776362971826
Little_Chicago_s_Finest_-_My_Own,nvidia/canary-1b-v2,my,411,117.64,117.72,correct,0.5134064058462778,0.7011374665631188,0.7377052638265822,1164.1352876258022,0.21771093292368782
Little_Chicago_s_Finest_-_My_Own,nvidia/canary-1b-v2,head,412,117.72,117.92,substitution,0.6079343648060508,0.8042053269303363,0.7718986609707708,1417.0850926505334,0.2787775993347168
Little_Chicago_s_Finest_-_My_Own,nvidia/canary-1b-v2,all,413,117.92,118.07,correct,0.5812090302214903,0.8141652065164903,0.7170019044595606,1002.7325824737813,0.17442471577840693
Little_Chicago_s_Finest_-_My_Own,nvidia/canary-1b-v2,in,414,118.07,118.17,substitution,0.4820592159574682,0.6598445746031675,0.7384753118861805,992.273931253757,0.18194646456024863
Little_Chicago_s_Finest_-_My_Own,nvidia/canary-1b-v2,the,415,118.17,118.26,correct,0.44735406745563855,0.6285870183597911,0.7115747820247303,1097.1452599210481,0.19204887815497138
Little_Chicago_s_Finest_-_My_Own,nvidia/canary-1b-v2,mix,416,118.26,118.5,correct,0.4340900555253029,0.5844875670693539,0.7477618168901514,1833.5763785646948,0.35218846797943115
Little_Chicago_s_Finest_-_My_Own,nvidia/canary-1b-v2,and,417,118.5,118.6,substitution,0.24909009716727518,0.3552116101438349,0.7024101506580006,1825.6860303665196,0.40575233372774994
Little_Chicago_s_Finest_-_My_Own,nvidia/canary-1b-v2,now,418,118.6,118.76,substitution,0.2845993646317058,0.384076295627488,0.745263182454639,1154.7508728317962,0.19069905993011263
Little_Chicago_s_Finest_-_My_Own,nvidia/canary-1b-v2,it,419,118.76,118.83,correct,0.15546164537469545,0.2102115953134166,0.8011026448673673,2140.4871320402453,0.44780899087587994
Little_Chicago_s_Finest_-_My_Own,nvidia/canary-1b-v2,feels,420,118.83,119.14,correct,0.19884842426023064,0.274774392354576,0.9775611951070673,2630.73394704571,0.4359961656086585
Little_Chicago_s_Finest_-_My_Own,nvidia/canary-1b-v2,severed,421,119.14,119.45,correct,0.27424183827550974,0.3526036870830199,0.9165934394387638,1493.8414988969853,0.2769585742669947
Little_Chicago_s_Finest_-_My_Own,nvidia/canary-1b-v2,off,422,119.45,119.72,substitution,0.2679862173895041,0.3817661204685768,0.8960473795731863,1915.5264840026744,0.39311649625500045
Little_Chicago_s_Finest_-_My_Own,nvidia/canary-1b-v2,i'ma,423,119.72,119.92,substitution,0.31558614901520987,0.4631968248974193,0.6827046004208651,936.4348740563953,0.1250374632125551
Little_Chicago_s_Finest_-_My_Own,nvidia/canary-1b-v2,break,424,119.92,120.26,correct,0.1823421985766775,0.24618901552733136,1.0766133923788328,1118.3130832034053,0.2176338446301383
Little_Chicago_s_Finest_-_My_Own,nvidia/canary-1b-v2,through,425,120.26,120.35,correct,0.23131189630790192,0.3245800987140022,0.9760773777961731,1442.4425713235178,0.30132727324962616
Little_Chicago_s_Finest_-_My_Own,nvidia/canary-1b-v2,these,426,120.35,120.54,correct,0.20698636592853636,0.24980176186987332,1.155218774364108,1766.0624717635437,0.337746619113854
Little_Chicago_s_Finest_-_My_Own,nvidia/canary-1b-v2,binds,427,120.54,120.81,correct,0.2623776748776436,0.32493060963849224,1.307290607690811,2028.1422812308404,0.3518740087747574
Little_Chicago_s_Finest_-_My_Own,nvidia/canary-1b-v2,just,428,120.81,120.96,correct,0.31756331552477446,0.41732004394426064,1.2456613042775322,2787.235039146064,0.5094206973033792
Little_Chicago_s_Finest_-_My_Own,nvidia/canary-1b-v2,to,429,120.96,121.03,correct,0.3535492271184921,0.4820521576330066,0.8937517926096916,1541.7236200390237,0.323854174464941
Little_Chicago_s_Finest_-_My_Own,nvidia/canary-1b-v2,make,430,121.03,121.25,correct,0.4319112384319305,0.6121536263823509,0.7486640548706055,1336.2824083236742,0.26841464936733245
Little_Chicago_s_Finest_-_My_Own,nvidia/canary-1b-v2,it,431,121.25,121.36,substitution,0.4076390140331708,0.5713897588161322,0.7215204009642968,1090.9494422092662,0.18660141413028425
Little_Chicago_s_Finest_-_My_Own,nvidia/canary-1b-v2,on,432,121.36,121.49,correct,0.5342768217836108,0.741819999047688,0.723192857844489,1118.7021644196886,0.183932683297566
Little_Chicago_s_Finest_-_My_Own,nvidia/canary-1b-v2,my,433,121.49,121.62,correct,0.4142456809679667,0.5926618874073029,0.6957903464635213,1142.1515070683424,0.1775999074180921
Little_Chicago_s_Finest_-_My_Own,nvidia/canary-1b-v2,own,434,121.62,122.0,correct,0.386042995245329,0.5220552552491426,0.7980443210828871,1208.41269225712,0.24591392048058056
Little_Chicago_s_Finest_-_My_Own,nvidia/canary-1b-v2,show,435,122.08,122.32,substitution,0.37787435610813125,0.5317080065745998,0.7307315159727026,3042.29108361993,0.507944729593065
Little_Chicago_s_Finest_-_My_Own,nvidia/canary-1b-v2,you,436,122.32,122.48,substitution,0.6220350182718701,0.873419518272082,0.7173369725545248,1256.338982061117,0.19536297768354416
Little_Chicago_s_Finest_-_My_Own,nvidia/canary-1b-v2,what,437,122.48,122.66,correct,0.5585992813110352,0.7914270013570786,0.7225386947393417,1045.0702384762133,0.175365711376071
Little_Chicago_s_Finest_-_My_Own,nvidia/canary-1b-v2,i'm,438,122.66,122.8,substitution,0.5011350996792316,0.6658574640750885,0.7599726133048534,1110.9915025146224,0.19843151746317744
Little_Chicago_s_Finest_-_My_Own,nvidia/canary-1b-v2,on,439,122.8,123.03,substitution,0.6062153772665904,0.820703352873142,0.7411932395054743,1096.536018752198,0.1790188135435948
Little_Chicago_s_Finest_-_My_Own,nvidia/canary-1b-v2,every,440,123.03,123.27,correct,0.3759067009847898,0.5159329144427409,0.7811546784180862,1232.6073954382775,0.2186327424760048
Little_Chicago_s_Finest_-_My_Own,nvidia/canary-1b-v2,night,441,123.27,123.56,correct,0.33914231369271874,0.468405463907402,0.748343076556921,1599.8926228730836,0.3016127401497215
Little_Chicago_s_Finest_-_My_Own,nvidia/canary-1b-v2,to,442,123.56,123.7,correct,0.3826715429313481,0.5170365944504738,0.7732214629650116,2670.9125687374844,0.42387793958187103
Little_Chicago_s_Finest_-_My_Own,nvidia/canary-1b-v2,the,443,123.7,123.82,substitution,0.3516241679234164,0.49986460166318075,0.7187227989946093,1060.457019795685,0.19809679367712565
Little_Chicago_s_Finest_-_My_Own,nvidia/canary-1b-v2,morn,444,123.82,124.21,substitution,0.4148790563868229,0.596020830405313,0.7420551610547442,1137.0993864874356,0.1957852518142656
Little_Chicago_s_Finest_-_My_Own,nvidia/canary-1b-v2,we,445,124.3,124.42,substitution,0.24205922721219914,0.33857350304190603,0.7590646573475429,1126.0500651085526,0.22460503769772394
Little_Chicago_s_Finest_-_My_Own,nvidia/canary-1b-v2,had,446,124.42,124.63,substitution,0.4040917209956957,0.569798477317976,0.7236208060513372,1554.6134194714791,0.2982596651367519
Little_Chicago_s_Finest_-_My_Own,nvidia/canary-1b-v2,it,447,124.63,124.76,correct,0.25353471587101617,0.35701395869255065,0.730262279510498,1157.6089737107804,0.19210259715716044
Little_Chicago_s_Finest_-_My_Own,nvidia/canary-1b-v2,on,448,124.76,125.01,correct,0.3907881299299853,0.5626511286411967,0.7108041388647897,1135.4528816936947,0.2076249085366726
Little_Chicago_s_Finest_-_My_Own,nvidia/canary-1b-v2,lock,449,125.01,125.28,substitution,0.26554508435850344,0.3739289361362656,0.9552222291628519,1511.08386540373,0.3258463889360428
Little_Chicago_s_Finest_-_My_Own,nvidia/canary-1b-v2,girl,450,125.51,125.72,substitution,0.30261244997382164,0.4310156029338638,0.7535557647546133,1309.5794588656565,0.27794756554067135
Little_Chicago_s_Finest_-_My_Own,nvidia/canary-1b-v2,it's,451,125.72,125.83,correct,0.24098804655174413,0.32814718410372734,0.8029678910970688,2872.004916788319,0.48359562704960507
Little_Chicago_s_Finest_-_My_Own,nvidia/canary-1b-v2,such,452,125.83,125.99,correct,0.1884784032073286,0.26426228591137463,0.7455921272436777,2661.758968683001,0.44501080529557335
Little_Chicago_s_Finest_-_My_Own,nvidia/canary-1b-v2,a,453,125.99,126.04,substitution,0.1364981553384236,0.18383248788969858,0.745000422000885,2578.896327839865,0.554478142942701
Little_Chicago_s_Finest_-_My_Own,nvidia/canary-1b-v2,tragedy,454,126.04,126.49,correct,0.2582812846011045,0.346409939381541,0.7991264073216185,2049.04314085261,0.41878876956749933
Little_Chicago_s_Finest_-_My_Own,nvidia/canary-1b-v2,we,455,126.49,126.63,correct,0.5308523960411549,0.7292385529726744,0.7242954336106777,1088.1217255413912,0.19765368197113276
Little_Chicago_s_Finest_-_My_Own,nvidia/canary-1b-v2,hit,456,126.63,126.8,deletion,0.5487701375233499,0.7574822541914488,0.723528011849052,1458.9088599542658,0.2702460783092599
Little_Chicago_s_Finest_-_My_Own,nvidia/canary-1b-v2,it,457,126.8,126.93,correct,0.3627745787302653,0.5034085800250371,0.7301103234291076,1169.1428322588422,0.1684185768167178
Little_Chicago_s_Finest_-_My_Own,nvidia/canary-1b-v2,off,458,126.93,127.16,correct,0.43147861912846563,0.6209628123044968,0.7294746541976929,1541.3423310578978,0.3225458937883377
Little_Chicago_s_Finest_-_My_Own,nvidia/canary-1b-v2,hard,459,127.16,127.56,substitution,0.41194864197380165,0.5748018454760313,0.7801750911907717,1265.4182532438556,0.26244650611823256
Little_Chicago_s_Finest_-_My_Own,nvidia/canary-1b-v2,it,460,127.61,127.76,correct,0.2955455703332144,0.3583433772711193,1.084679645650527,1614.842156533623,0.34818609146510854
Little_Chicago_s_Finest_-_My_Own,nvidia/canary-1b-v2,turned,461,127.76,127.93,correct,0.4252318120316455,0.5639265030622482,0.7632203572674802,2140.428050406835,0.3736476968777807
Little_Chicago_s_Finest_-_My_Own,nvidia/canary-1b-v2,to,462,127.93,128.08,substitution,0.42321326101527496,0.5684135486097897,0.7643423395998338,1837.668429056401,0.3010553708847831
Little_Chicago_s_Finest_-_My_Own,nvidia/canary-1b-v2,a,463,128.08,128.14,correct,0.4688529632985592,0.683166032191366,0.7448162585496902,1070.125984680149,0.20319564640522003
Little_Chicago_s_Finest_-_My_Own,nvidia/canary-1b-v2,catastrophe,464,128.14,128.8,substitution,0.3039922419882996,0.39605851266795483,0.8285464442951579,2160.0653125847234,0.4173656685251585
Little_Chicago_s_Finest_-_My_Own,nvidia/canary-1b-v2,watch,465,128.8,129.06,substitution,0.2414036201762742,0.31946304491881666,0.7831086043653817,1912.5403460407065,0.319540324139184
Little_Chicago_s_Finest_-_My_Own,nvidia/canary-1b-v2,you,466,129.06,129.12,substitution,0.30519446304866243,0.4215259552001953,0.7237998587744576,944.7220225212533,0.16773556172847748
Little_Chicago_s_Finest_-_My_Own,nvidia/canary-1b-v2,walk,467,129.12,129.45,substitution,0.28108661130277646,0.3765128631558683,1.0617865572373073,1201.8840752924955,0.2353811181253857
Little_Chicago_s_Finest_-_My_Own,nvidia/canary-1b-v2,off,468,129.45,129.68,substitution,0.35989907376754743,0.48413296000888717,0.7800627946853638,1808.7666906779355,0.35631778607001674
Little_Chicago_s_Finest_-_My_Own,nvidia/canary-1b-v2,just,469,129.68,129.83,substitution,0.26680794084335074,0.34733038132681565,0.8230396403985865,3424.456583723457,0.5801719953032101
Little_Chicago_s_Finest_-_My_Own,nvidia/canary-1b-v2,to,470,129.83,129.92,correct,0.2873261570930481,0.3689316592433236,0.8306865637952631,2118.0104898931013,0.43344216590577905
Little_Chicago_s_Finest_-_My_Own,nvidia/canary-1b-v2,claim,471,129.92,130.18,correct,0.47764183920142905,0.6400821036659181,0.7832994205611092,1341.1595104392948,0.2609101195952722
Little_Chicago_s_Finest_-_My_Own,nvidia/canary-1b-v2,another,472,130.18,130.48,correct,0.4509354391784379,0.6408093242031155,0.7089961405956384,1132.7991718770186,0.22015550145597168
Little_Chicago_s_Finest_-_My_Own,nvidia/canary-1b-v2,casualty,473,130.48,130.97,correct,0.3278112989263954,0.43789097345951533,0.823329911187843,1896.4238984269614,0.39230763719037726
Little_Chicago_s_Finest_-_My_Own,nvidia/canary-1b-v2,i,474,130.97,131.03,correct,0.374751267688615,0.5501904147011893,0.6820822954177856,1509.6805799529643,0.27170419905866894
Little_Chicago_s_Finest_-_My_Own,nvidia/canary-1b-v2,knocked,475,131.03,131.25,substitution,0.24774255990982055,0.3498635693639517,0.7805392503738403,1476.702752806608,0.3251048105955124
Little_Chicago_s_Finest_-_My_Own,nvidia/canary-1b-v2,the,476,131.25,131.32,correct,0.22028296696953475,0.30503341695293784,0.7538461834192276,1441.2368015166762,0.3125450750812888
Little_Chicago_s_Finest_-_My_Own,nvidia/canary-1b-v2,dirt,477,131.32,131.66,substitution,0.28099670704152135,0.3922859458504496,0.7578239038183883,1253.067248477804,0.22199943460322716
Little_Chicago_s_Finest_-_My_Own,nvidia/canary-1b-v2,off,478,131.66,131.9,deletion,0.3258019248368563,0.45874833867505743,0.748428068779133,1692.0443870809681,0.3709079556994968
Little_Chicago_s_Finest_-_My_Own,nvidia/canary-1b-v2,while,479,131.9,132.1,correct,0.4805296774614941,0.6517916552045129,0.7565883316776969,1203.8575777181911,0.2562460225414146
Little_Chicago_s_Finest_-_My_Own,nvidia/canary-1b-v2,i'm,480,132.1,132.18,correct,0.5135461002588272,0.7090572893619538,0.7237935960292816,1056.5523690879993,0.18616240173578263
Little_Chicago_s_Finest_-_My_Own,nvidia/canary-1b-v2,moving,481,132.18,132.5,substitution,0.5817989626101085,0.8036228192704065,0.7312615190233503,1018.7716971518189,0.2006617614201137
Little_Chicago_s_Finest_-_My_Own,nvidia/canary-1b-v2,on,482,132.5,132.7,substitution,0.3020218293267218,0.4283059983598915,0.7377659326249902,1239.6984883460927,0.23335836319760841
Little_Chicago_s_Finest_-_My_Own,nvidia/canary-1b-v2,casually,483,132.7,133.18,substitution,0.3583711338802599,0.47487480103826296,0.7865181381885822,1694.1285026940882,0.35510199402387327
Little_Chicago_s_Finest_-_My_Own,nvidia/canary-1b-v2,what,484,133.18,133.31,substitution,0.3041738043228785,0.4099607487519582,0.7909272710482279,923.96923880592,0.16729884147644042
Little_Chicago_s_Finest_-_My_Own,nvidia/canary-1b-v2,doesn't,485,133.31,133.57,correct,0.3082866211389673,0.41825453269070595,0.7758602438301876,1733.0008738026427,0.3024578145865736
Little_Chicago_s_Finest_-_My_Own,nvidia/canary-1b-v2,take,486,133.57,133.77,correct,0.2207685007967732,0.302276994694363,0.8768312985246832,1741.4299191459154,0.3168939592486078
Little_Chicago_s_Finest_-_My_Own,nvidia/canary-1b-v2,me,487,133.77,133.98,correct,0.40190043455610674,0.5549110534290472,0.7258701100945473,1234.4758876877481,0.2593506509438157
Little_Chicago_s_Finest_-_My_Own,nvidia/canary-1b-v2,out,488,133.98,134.21,correct,0.26162253227084875,0.3686447302624583,0.8736295080184937,1256.1105424573616,0.2517847138643265
Little_Chicago_s_Finest_-_My_Own,nvidia/canary-1b-v2,only,489,134.41,134.66,correct,0.6882158092878483,0.9144693701355545,0.7625969802891767,1101.2542257886073,0.18898731552892262
Little_Chicago_s_Finest_-_My_Own,nvidia/canary-1b-v2,makes,490,134.66,134.85,correct,0.5387637202035297,0.7287374044006522,0.7663533741777594,1428.8168931800353,0.29306032542477956
Little_Chicago_s_Finest_-_My_Own,nvidia/canary-1b-v2,me,491,134.85,134.91,substitution,0.3142566553183964,0.4127433810915266,0.76339362348829,2291.6410126608603,0.49914348125457764
Little_Chicago_s_Finest_-_My_Own,nvidia/canary-1b-v2,stronger,492,134.91,135.23,correct,0.42115503251552583,0.5553486415318081,0.794214906011309,2013.198277334953,0.35826628931931087
Little_Chicago_s_Finest_-_My_Own,nvidia/canary-1b-v2,face,493,135.23,135.45,substitution,0.18497323027501503,0.2387006270388762,0.8178888857364655,2628.1702869671994,0.4714918937534094
Little_Chicago_s_Finest_-_My_Own,nvidia/canary-1b-v2,it,494,135.45,135.49,substitution,0.1642267263183991,0.2147456780076027,0.7695072193940481,1185.6409136785494,0.2661300003528595
Little_Chicago_s_Finest_-_My_Own,nvidia/canary-1b-v2,piece,495,135.49,135.76,deletion,0.2380773516992728,0.3281952928130825,0.9762117902437846,2356.9588024296813,0.40671120484670004
Little_Chicago_s_Finest_-_My_Own,nvidia/canary-1b-v2,by,496,135.76,136.0,correct,0.3206750736213647,0.466637053168737,0.8186560754592602,1437.6006946895648,0.29662106558680534
Little_Chicago_s_Finest_-_My_Own,nvidia/canary-1b-v2,piece,497,136.0,136.32,correct,0.22749789471604995,0.30290551951953343,1.1596614616257803,1930.5236924851674,0.35952150970697405
Little_Chicago_s_Finest_-_My_Own,nvidia/canary-1b-v2,till,498,136.32,136.51,correct,0.3373647518879311,0.4911457146094604,0.7603006715124304,2042.5531134657758,0.4127353362061761
Little_Chicago_s_Finest_-_My_Own,nvidia/canary-1b-v2,it's,499,136.51,136.68,correct,0.298853762447834,0.4086204257450606,0.7454305824480558,3157.599713353076,0.46984763365042836
Little_Chicago_s_Finest_-_My_Own,nvidia/canary-1b-v2,art,500,136.68,136.89,substitution,0.4482884429719137,0.6406004759280578,0.7142038371251977,1236.2817852086937,0.22694942290368286
Little_Chicago_s_Finest_-_My_Own,nvidia/canary-1b-v2,like,501,136.89,137.07,substitution,0.36025625756010415,0.5024492257274688,0.7892429947853088,1489.947197939499,0.3256703935563564
Little_Chicago_s_Finest_-_My_Own,nvidia/canary-1b-v2,the,502,137.07,137.14,correct,0.38720742685513365,0.5541714265321692,0.7931937376658121,1321.724698381814,0.27821965515613556
Little_Chicago_s_Finest_-_My_Own,nvidia/canary-1b-v2,mona,503,137.14,137.67,correct,0.41439316624350714,0.5998634007808409,0.6975636994629576,1182.0610745946824,0.20869765901251844
Little_Chicago_s_Finest_-_My_Own,nvidia/canary-1b-v2,yeah,504,137.73,138.03,correct,0.294282493096861,0.4202930841764266,0.8512965314316027,1569.431881698959,0.2986154912999182
Little_Chicago_s_Finest_-_My_Own,nvidia/canary-1b-v2,you,505,138.13,138.28,correct,0.2506592125248383,0.34868241178200526,0.7703501091283911,1247.7312104606813,0.22884534255546682
Little_Chicago_s_Finest_-_My_Own,nvidia/canary-1b-v2,might,506,138.28,138.47,deletion,0.45422952757640317,0.623586698689244,0.7235896722836928,1280.826360846984,0.24530905417420648
Little_Chicago_s_Finest_-_My_Own,nvidia/canary-1b-v2,have,507,138.47,138.56,correct,0.3267919566482306,0.45689238607883453,0.7734078347682953,985.1023570622492,0.17988529205322265
Little_Chicago_s_Finest_-_My_Own,nvidia/canary-1b-v2,took,508,138.56,138.75,correct,0.26739049330353737,0.3567135670137676,0.9150570305910978,2060.596074679565,0.41144718432968314
Little_Chicago_s_Finest_-_My_Own,nvidia/canary-1b-v2,a,509,138.75,138.81,correct,0.3891493784529822,0.5374738754970687,0.7517426780291966,1342.72954891117,0.2552118216242109
Little_Chicago_s_Finest_-_My_Own,nvidia/canary-1b-v2,chip,510,138.81,139.06,substitution,0.2335555556097201,0.3189987858890423,0.8438474450792585,1908.862714470594,0.3492130706352847
Little_Chicago_s_Finest_-_My_Own,nvidia/canary-1b-v2,up,511,139.06,139.2,deletion,0.2592628295222918,0.3411448020488024,1.6066947340965272,1250.1576287354103,0.26123617788155873
Little_Chicago_s_Finest_-_My_Own,nvidia/canary-1b-v2,off,512,139.2,139.3,correct,0.335339792072773,0.4758680971960227,0.7761274427175522,1094.326826871118,0.212345652282238
Little_Chicago_s_Finest_-_My_Own,nvidia/canary-1b-v2,my,513,139.3,139.37,correct,0.39222794605626,0.5541222294171652,0.7161726686689589,1147.8308630748734,0.20177511043018764
Little_Chicago_s_Finest_-_My_Own,nvidia/canary-1b-v2,shoulder,514,139.37,139.67,correct,0.40214309954282007,0.5546986018166398,0.7519294745994337,2004.688976133689,0.36114877755894803
Little_Chicago_s_Finest_-_My_Own,nvidia/canary-1b-v2,but,515,139.67,139.84,correct,0.41280333031164973,0.5684580975457242,0.7667744849857531,1211.633940770878,0.243794037323249
Little_Chicago_s_Finest_-_My_Own,nvidia/canary-1b-v2,i,516,139.84,139.92,substitution,0.4511042253838645,0.6574578450785743,0.699033280213674,1301.3605031157892,0.17322983675532871
Little_Chicago_s_Finest_-_My_Own,nvidia/canary-1b-v2,promise,517,139.92,140.29,substitution,0.38392228278808477,0.47529855593130355,0.847195029258728,2121.360402562378,0.3081160572970786
Little_Chicago_s_Finest_-_My_Own,nvidia/canary-1b-v2,i'ma,518,140.29,140.46,deletion,0.5043060293323115,0.6764496282527321,0.7463744031755548,1242.2871517547712,0.20514660603121707
Little_Chicago_s_Finest_-_My_Own,nvidia/canary-1b-v2,keep,519,140.52,140.84,correct,0.3831984632781574,0.5127795384398528,0.9166143059730529,1811.0118038157416,0.36057785408837456
Little_Chicago_s_Finest_-_My_Own,nvidia/canary-1b-v2,on,520,140.84,141.07,deletion,0.5792268494573923,0.7707655475689814,0.7632352709770203,1089.5709703015239,0.1621007718718969
Little_Chicago_s_Finest_-_My_Own,nvidia/canary-1b-v2,going,521,141.07,141.34,correct,0.47189864988128344,0.6536256623143951,0.7660604079564413,1341.4166200102995,0.2522336850563685
Little_Chicago_s_Finest_-_My_Own,nvidia/canary-1b-v2,till,522,141.34,141.52,substitution,0.3466900821775198,0.479885942209512,0.7982701778411865,1801.0933004171834,0.3886950634419918
Little_Chicago_s_Finest_-_My_Own,nvidia/canary-1b-v2,it's,523,141.52,141.66,correct,0.2926136013120413,0.39383595902472734,0.7653385251760483,3363.4805515138655,0.5025907102972269
Little_Chicago_s_Finest_-_My_Own,nvidia/canary-1b-v2,over,524,141.66,141.87,correct,0.47955602277880127,0.670224865331598,0.7375315116799396,1310.1645659656156,0.2543174183886984
Little_Chicago_s_Finest_-_My_Own,nvidia/canary-1b-v2,cause,525,141.87,142.46,substitution,0.3391413367644418,0.467504312080564,0.9780676597729325,2335.2127149238213,0.4514855006709695
Little_Chicago_s_Finest_-_My_Own,nvidia/canary-1b-v2,whenever,526,143.07,143.54,substitution,0.3019788308689992,0.40927985765259056,0.7850934617659625,1233.8773133494803,0.2718818571929838
Little_Chicago_s_Finest_-_My_Own,nvidia/canary-1b-v2,you,527,143.54,143.69,deletion,0.3311614429249483,0.42759761564871845,0.7817309078048257,1529.3373966708193,0.31223604608984556
Little_Chicago_s_Finest_-_My_Own,nvidia/canary-1b-v2,decide,528,143.69,144.14,deletion,0.4374643247954699,0.6196769001532574,0.725343334431551,2572.240642610812,0.3870118076399881
Little_Chicago_s_Finest_-_My_Own,nvidia/canary-1b-v2,to,529,144.14,144.2,correct,0.388629499822855,0.4399601202458143,0.9049743711948395,1024.7947315554907,0.2165289120748639
Little_Chicago_s_Finest_-_My_Own,nvidia/canary-1b-v2,run,530,144.2,144.49,correct,0.4382891315035522,0.59288260480389,0.7565852086991072,1013.1439162329011,0.1826291207689792
Little_Chicago_s_Finest_-_My_Own,nvidia/canary-1b-v2,from,531,144.49,144.74,substitution,0.2475194067314819,0.3248958758733891,0.7827122652972186,2017.7783731352827,0.3982542874636473
Little_Chicago_s_Finest_-_My_Own,nvidia/canary-1b-v2,me,532,144.74,144.81,correct,0.46037591165966457,0.6097083224190606,0.7581026024288602,1179.8580889853565,0.27119418647554183
Little_Chicago_s_Finest_-_My_Own,nvidia/canary-1b-v2,you,533,144.81,145.05,correct,0.31168243454562294,0.38430639052832566,0.9089845639687998,1345.1465721012141,0.29596210298714815
Little_Chicago_s_Finest_-_My_Own,nvidia/canary-1b-v2,run,534,145.05,145.53,substitution,0.2109100169573839,0.297331465408206,0.7239817048494632,1494.4141021612882,0.29484960866662174
Little_Chicago_s_Finest_-_My_Own,nvidia/canary-1b-v2,make,535,145.53,145.75,correct,0.20609311029935876,0.24949689209461212,0.8226260369022688,1854.5433206851533,0.3762601191798846
Little_Chicago_s_Finest_-_My_Own,nvidia/canary-1b-v2,sure,536,145.75,146.02,correct,0.24626461068789166,0.30258726278940834,0.8144923647244772,2441.2816509995023,0.3956115369995435
Little_Chicago_s_Finest_-_My_Own,nvidia/canary-1b-v2,you,537,146.02,146.19,substitution,0.27195678847400767,0.32882751328380483,0.8212087750434875,1511.558238947493,0.3457800894975662
Little_Chicago_s_Finest_-_My_Own,nvidia/canary-1b-v2,far,538,146.19,146.47,substitution,0.20018013074032723,0.25902360148968234,0.812328282863863,2023.7877764712184,0.36102649473374887
Little_Chicago_s_Finest_-_My_Own,nvidia/canary-1b-v2,gone,539,146.47,147.19,deletion,0.31892125384929854,0.40410716850788164,0.798879453769097,1300.0735854677575,0.29417424629896116
Little_Chicago_s_Finest_-_My_Own,nvidia/canary-1b-v2,you,540,147.19,147.25,deletion,0.30121728777885437,0.33156644872256685,0.9120655230113438,1547.9997435633538,0.4008749510560717
Little_Chicago_s_Finest_-_My_Own,nvidia/canary-1b-v2,gone,541,147.25,147.63,correct,0.34252785004320596,0.4705478556099392,0.7441009141149975,1403.3617982405472,0.2819182269629978
Little_Chicago_s_Finest_-_My_Own,nvidia/canary-1b-v2,just,542,147.63,147.78,correct,0.21412250574897318,0.2930392719366971,0.7420733851544997,3971.723307635835,0.5763598768150106
Little_Chicago_s_Finest_-_My_Own,nvidia/canary-1b-v2,know,543,147.78,147.88,correct,0.4540111476724798,0.6274394826455549,0.7193770462816412,1044.1228039209261,0.2192572463642467
Little_Chicago_s_Finest_-_My_Own,nvidia/canary-1b-v2,you,544,147.88,148.12,substitution,0.5384290461187009,0.6988114692546703,0.772537644262667,995.5085245519864,0.18390077186955345
Little_Chicago_s_Finest_-_My_Own,nvidia/canary-1b-v2,ain't,545,148.12,148.31,deletion,0.39731829045783906,0.5712942800351551,0.7169011036554972,1258.2714760961721,0.24818927156073706
Little_Chicago_s_Finest_-_My_Own,nvidia/canary-1b-v2,gonna,546,148.31,148.56,deletion,0.3693265792514597,0.48601808585226536,0.7955977405820575,1329.9802690928834,0.271530383931739
Little_Chicago_s_Finest_-_My_Own,nvidia/canary-1b-v2,take,547,148.56,148.73,correct,0.2808066453588636,0.40802625409866633,0.7066820828538192,2149.934999500597,0.40989419739497335
Little_Chicago_s_Finest_-_My_Own,nvidia/canary-1b-v2,none,548,148.73,148.99,correct,0.3471210914953002,0.4945730181603596,0.7073196275480862,1304.438413871969,0.2622833889106224
Little_Chicago_s_Finest_-_My_Own,nvidia/canary-1b-v2,for,549,148.99,149.11,substitution,0.16176148770110949,0.21742363274097443,0.764154600245612,2706.1598842871267,0.5198700247066361
Little_Chicago_s_Finest_-_My_Own,nvidia/canary-1b-v2,me,550,149.11,149.19,deletion,0.33243531982103985,0.4445297320683797,0.7487581835852729,1727.4327329635623,0.3396466457181507
Little_Chicago_s_Finest_-_My_Own,nvidia/canary-1b-v2,take,551,149.19,149.37,deletion,0.3409505009651184,0.46775736659765244,0.7370800673961639,1371.400686227887,0.2932115435600281
Little_Chicago_s_Finest_-_My_Own,nvidia/canary-1b-v2,none,552,149.37,149.85,deletion,0.2091426059322537,0.29279375807294306,0.7168837234659015,1669.409938710083,0.3088006962020442
Little_Chicago_s_Finest_-_My_Own,nvidia/canary-1b-v2,cause,553,149.85,150.04,deletion,0.19095167340267272,0.24838070500464665,0.763022800286611,3418.414492939243,0.552551969176247
Little_Chicago_s_Finest_-_My_Own,nvidia/canary-1b-v2,i'm,554,150.04,150.26,deletion,0.34376799191037816,0.4583220686763525,0.7647400125861168,1178.2376145087871,0.25498352323969203
Little_Chicago_s_Finest_-_My_Own,nvidia/canary-1b-v2,good,555,150.26,150.55,deletion,0.26846897904761136,0.3348753711907193,1.136744188144803,1278.324658893735,0.2834189864806831
Little_Chicago_s_Finest_-_My_Own,nvidia/canary-1b-v2,on,556,150.55,150.84,correct,0.30362092098221183,0.40153363160789013,0.9800045154988766,1248.7707895351805,0.2756518917158246
Little_Chicago_s_Finest_-_My_Own,nvidia/canary-1b-v2,my,557,150.84,151.06,correct,0.30864838987588883,0.40701766341924667,0.7634856986999512,1272.9867385784505,0.2637244141101837
Little_Chicago_s_Finest_-_My_Own,nvidia/canary-1b-v2,own,558,151.12,151.67,substitution,0.4324339110404253,0.5299527574330568,0.8343583514293035,1301.2070067127645,0.291568976889054
Little_Chicago_s_Finest_-_My_Own,nvidia/canary-1b-v2,my,559,151.67,151.81,substitution,0.3573160320520401,0.460774140432477,0.7867694869637489,1542.8699922608762,0.3272654637694359
Little_Chicago_s_Finest_-_My_Own,nvidia/canary-1b-v2,own,560,151.81,152.11,deletion,0.24576694044199857,0.3142770456545281,0.7909045129111318,1246.3002407901638,0.26468221978707746
Little_Chicago_s_Finest_-_My_Own,nvidia/canary-1b-v2,cause,561,152.11,152.27,deletion,0.21714729815721512,0.26370420803626377,0.8239414427015517,3315.7913060574165,0.5612816231118308
Little_Chicago_s_Finest_-_My_Own,nvidia/canary-1b-v2,all,562,152.27,152.48,deletion,0.5825810263986173,0.7652322857276254,0.7642050877861355,1317.4339497025833,0.2521005350610484
Little_Chicago_s_Finest_-_My_Own,nvidia/canary-1b-v2,them,563,152.48,152.77,deletion,0.5084772566333413,0.6856593063566834,0.7683263756334782,1076.7425653186533,0.22239662474021316
Little_Chicago_s_Finest_-_My_Own,nvidia/canary-1b-v2,things,564,152.77,152.98,deletion,0.4069363474845886,0.5332237867557484,0.7974977804266888,1841.9151786471718,0.3956644444361977
Little_Chicago_s_Finest_-_My_Own,nvidia/canary-1b-v2,you,565,152.98,153.04,correct,0.43245192617177963,0.5813662670552731,0.7415455654263496,2337.080604000187,0.49073877185583115
Little_Chicago_s_Finest_-_My_Own,nvidia/canary-1b-v2,didn't,566,153.04,153.2,correct,0.5743300020694733,0.7771225985553529,0.7431994477907816,1069.5408577837263,0.21051685925987032
Little_Chicago_s_Finest_-_My_Own,nvidia/canary-1b-v2,done,567,153.2,153.48,correct,0.43693656306112966,0.6210810801675243,0.7032940253134696,1099.8684046601086,0.22478595520219496
Little_Chicago_s_Finest_-_My_Own,nvidia/canary-1b-v2,to,568,153.48,153.54,deletion,0.38640013337135315,0.5403118814740863,0.724961417061942,982.208404730447,0.20729760825634003
Little_Chicago_s_Finest_-_My_Own,nvidia/canary-1b-v2,me,569,153.54,153.73,deletion,0.455786916471663,0.6329126400606973,0.7222905669893537,1285.791105200899,0.28421237426144735
Little_Chicago_s_Finest_-_My_Own,nvidia/canary-1b-v2,you,570,153.73,153.89,correct,0.28052015354235965,0.3609742787149217,0.7901241547531552,1747.7845910977935,0.38265729116068947
Little_Chicago_s_Finest_-_My_Own,nvidia/canary-1b-v2,done,571,153.89,154.26,correct,0.2683564875184036,0.39462791019823495,0.6827163827128526,1683.2361980539836,0.28044031596765284
Little_Chicago_s_Finest_-_My_Own,nvidia/canary-1b-v2,have,572,154.26,154.46,substitution,0.20654224807565863,0.2685391828417778,0.7836511162194338,1447.370173184272,0.3514957908879627
Little_Chicago_s_Finest_-_My_Own,nvidia/canary-1b-v2,only,573,154.46,154.89,correct,0.3637582967255978,0.5074693712782352,0.7238204200217064,966.9990891695938,0.19547693938650984
Little_Chicago_s_Finest_-_My_Own,nvidia/canary-1b-v2,made,574,154.89,155.23,correct,0.3373303328816955,0.4785790298436139,0.7084567450188302,1323.4723255189579,0.29339149493623423
Little_Chicago_s_Finest_-_My_Own,nvidia/canary-1b-v2,me,575,155.23,155.42,correct,0.26685761931267654,0.3656944307413968,0.7322400131008842,1280.6302819892187,0.2593773901462555
Little_Chicago_s_Finest_-_My_Own,nvidia/canary-1b-v2,strong,576,155.42,155.84,substitution,0.28182495596508184,0.38776147775352,0.7492974930339389,2449.2651101321417,0.4525878131389618
Little_Chicago_s_Finest_-_My_Own,nvidia/canary-1b-v2,me,577,155.84,156.09,correct,0.3778922110795975,0.4526726369346891,0.8531877866813115,2061.7940267644603,0.4002946726977825
Little_Chicago_s_Finest_-_My_Own,nvidia/canary-1b-v2,strong,578,156.09,156.52,correct,0.24481453730704936,0.3118141065252588,0.8026219669808733,1348.9161345479924,0.30715883158622903
Little_Chicago_s_Finest_-_My_Own,nvidia/canary-1b-v2,this,579,156.52,156.69,correct,0.2623041491759451,0.3479877302521153,0.7627794711213363,3522.8635101587647,0.4896180198380822
Little_Chicago_s_Finest_-_My_Own,nvidia/canary-1b-v2,life,580,156.69,156.94,correct,0.36989642506731407,0.517852909596903,0.8341852639402662,1600.3704688381981,0.3372657261788845
Little_Chicago_s_Finest_-_My_Own,nvidia/canary-1b-v2,they,581,156.94,157.14,substitution,0.4032424139705571,0.5702110888775099,0.7626917335120115,1795.4201437320155,0.37086477706378157
Little_Chicago_s_Finest_-_My_Own,nvidia/canary-1b-v2,gave,582,157.14,157.36,correct,0.3757171455025673,0.45771670460700986,0.8191047573089599,1448.3753898859454,0.29027697890996934
Little_Chicago_s_Finest_-_My_Own,nvidia/canary-1b-v2,just,583,157.36,157.62,correct,0.20798048357080137,0.27298614588965264,0.7799459631953921,3241.6903213605246,0.5456670299172401
Little_Chicago_s_Finest_-_My_Own,nvidia/canary-1b-v2,one,584,157.62,157.83,correct,0.3432988291606307,0.45321454138805467,0.7678455039858818,1144.3470840918674,0.22073395581295094
Little_Chicago_s_Finest_-_My_Own,nvidia/canary-1b-v2,for,585,157.83,157.96,correct,0.09643812502423922,0.11164270217219989,0.8787085096041362,3420.230535552496,0.6116574416557948
Little_Chicago_s_Finest_-_My_Own,nvidia/canary-1b-v2,me,586,157.96,158.02,substitution,0.3297545484134129,0.432699339730399,0.7675223435674395,2248.3118336612083,0.4065889481987272
Little_Chicago_s_Finest_-_My_Own,nvidia/canary-1b-v2,just,587,158.02,158.34,correct,0.28389568115983693,0.3571091788155692,0.80566759960992,2045.3013378910757,0.43514067019735064
Little_Chicago_s_Finest_-_My_Own,nvidia/canary-1b-v2,one,588,158.34,158.71,correct,0.2694138355734872,0.3841241776216321,0.7045347835959458,1561.3971697452655,0.2358421010941994
Little_Chicago_s_Finest_-_My_Own,nvidia/canary-1b-v2,so,589,158.71,158.93,correct,0.23412710335105658,0.2943013571202755,0.7973446846008301,2989.5369276499937,0.3472983315587044
Little_Chicago_s_Finest_-_My_Own,nvidia/canary-1b-v2,i'm,590,158.93,159.15,correct,0.27347657332817715,0.3556371070444584,0.775026910007,871.7835604104439,0.16102634680767855
Little_Chicago_s_Finest_-_My_Own,nvidia/canary-1b-v2,gon,591,159.15,159.42,correct,0.31065532714128496,0.42602714598178865,0.7303806841373444,885.1674265735885,0.16432450115680694
Little_Chicago_s_Finest_-_My_Own,nvidia/canary-1b-v2,live,592,159.42,159.62,correct,0.31797272420447803,0.4353598246107931,0.7532232429670251,1425.0434091300842,0.3209107382142026
Little_Chicago_s_Finest_-_My_Own,nvidia/canary-1b-v2,it,593,159.62,159.78,correct,0.216156126310428,0.30041783303022385,0.7189992566903433,1423.6965502573335,0.3341905309094323
Little_Chicago_s_Finest_-_My_Own,nvidia/canary-1b-v2,long,594,159.78,160.03,correct,0.37831639857203875,0.515666041109297,0.7364369785344159,1117.925427185441,0.24462140986212977
Little_Chicago_s_Finest_-_My_Own,nvidia/canary-1b-v2,my,595,160.03,160.1,substitution,0.36295241117477417,0.47431444459491306,0.7641871637768216,1245.5879081853975,0.27973610990577275
Little_Chicago_s_Finest_-_My_Own,nvidia/canary-1b-v2,own,596,160.1,160.94,correct,0.26918302128712335,0.36458322356144585,0.7434666242864397,1210.8465467638428,0.258626740011904
Little_Chicago_s_Finest_-_My_Own,nvidia/canary-1b-v2,long,597,160.94,161.45,correct,0.14281632041508732,0.18229685728770814,0.9632265674216407,1342.7260334294374,0.31386451742478777
Little_Chicago_s_Finest_-_My_Own,nvidia/canary-1b-v2,on,598,161.65,161.82,correct,0.2474562835536505,0.3403107474901174,0.9875108066358065,1323.0004848111705,0.2978884703234622
Little_Chicago_s_Finest_-_My_Own,nvidia/canary-1b-v2,my,599,161.82,162.05,correct,0.2509526549480282,0.3383972616149829,0.7498751741189223,1467.1053546898777,0.30924153327941895
Little_Chicago_s_Finest_-_My_Own,nvidia/canary-1b-v2,own,600,162.08,162.47,correct,0.19981663301587105,0.25186858438821724,0.7961290575737177,1195.8309344671181,0.2651150690954785
Little_Chicago_s_Finest_-_My_Own,nvidia/canary-1b-v2,my,601,162.47,162.68,correct,0.1557274204881295,0.22001143978179796,0.7239708382150402,2023.4719136120723,0.37384955196276953
Little_Chicago_s_Finest_-_My_Own,nvidia/canary-1b-v2,own,602,162.78,163.11,substitution,0.16213486612670952,0.2424355207218064,0.6705181201299032,2109.348668124906,0.36366133929954636
Little_Chicago_s_Finest_-_My_Own,nvidia/canary-1b-v2,so,603,163.11,163.23,correct,0.22729275056294032,0.3108844735792705,0.7327810823917389,3205.38542340025,0.43463847200785366
Little_Chicago_s_Finest_-_My_Own,nvidia/canary-1b-v2,i'm,604,163.23,163.36,correct,0.30803225735823314,0.393909482161204,0.7798750360806783,749.7903850152259,0.13980169743299484
Little_Chicago_s_Finest_-_My_Own,nvidia/canary-1b-v2,gon,605,163.36,163.89,correct,0.3508762774760263,0.42254711609137685,0.8358265705275953,956.0468873915801,0.18440337060836323
Little_Chicago_s_Finest_-_My_Own,nvidia/canary-1b-v2,live,606,163.89,164.16,correct,0.23526010885834694,0.3317137877146403,0.7159499108791352,1636.1124084470682,0.3689688414335251
Little_Chicago_s_Finest_-_My_Own,nvidia/canary-1b-v2,it,607,164.16,164.2,correct,0.2594380140304565,0.3454512894153595,0.7510842561721802,1347.6211164786314,0.28808589577674865
Little_Chicago_s_Finest_-_My_Own,nvidia/canary-1b-v2,long,608,164.2,164.47,correct,0.27785421907901764,0.3704219669103622,0.7502561072508495,1116.1003065385405,0.23136935979127884
Little_Chicago_s_Finest_-_My_Own,nvidia/canary-1b-v2,my,609,164.47,164.54,correct,0.36085063964128494,0.44037654995918274,0.8204508572816849,1150.6584048646882,0.2494246196001768
Little_Chicago_s_Finest_-_My_Own,nvidia/canary-1b-v2,own,610,164.54,165.4,correct,0.2887539322017342,0.37454905849631115,0.780725577826141,1263.3127681699646,0.26672507069444146
Little_Chicago_s_Finest_-_My_Own,nvidia/canary-1b-v2,long,611,165.4,165.85,substitution,0.1800959742989163,0.23544488365438823,0.970386690022994,1295.7910086091415,0.3030741385051182
Little_Chicago_s_Finest_-_My_Own,nvidia/canary-1b-v2,on,612,166.08,166.24,correct,0.2668273738688893,0.3850848442978329,0.7384190857410431,1255.4622597323453,0.27601006047593224
Little_Chicago_s_Finest_-_My_Own,nvidia/canary-1b-v2,my,613,166.24,166.49,correct,0.2418790336146399,0.3372313537531429,0.7259264058536954,1456.682354750605,0.3126953051046089
Little_Chicago_s_Finest_-_My_Own,nvidia/canary-1b-v2,own,614,166.54,166.93,substitution,0.21486275643110275,0.2403083218350297,0.8808149028392065,1190.6034577131825,0.27784336784056257
Little_Chicago_s_Finest_-_My_Own,nvidia/canary-1b-v2,my,615,166.93,167.13,correct,0.12344088360829197,0.1775631651930187,0.7278308712917826,1723.8281876052336,0.31950225843035657
Little_Chicago_s_Finest_-_My_Own,nvidia/canary-1b-v2,own,616,167.23,167.53,substitution,0.171767149459232,0.25793034334977466,0.6678367022312048,1812.0358575131693,0.30802482411716925
Little_Chicago_s_Finest_-_My_Own,nvidia/canary-1b-v2,so,617,167.53,167.82,correct,0.23854561196640134,0.3212210047058761,0.7377664837986231,2446.3587742926934,0.3698004090692848
Little_Chicago_s_Finest_-_My_Own,nvidia/canary-1b-v2,i'm,618,167.82,168.05,correct,0.3608841414634998,0.5118627479443183,0.7044880802814777,1236.8835083286478,0.23237277682010943
Little_Chicago_s_Finest_-_My_Own,nvidia/canary-1b-v2,gon,619,168.05,168.35,correct,0.28455188689809857,0.3942436855850798,0.7235013643900553,1289.7660236426734,0.2588401143298005
Little_Chicago_s_Finest_-_My_Own,nvidia/canary-1b-v2,live,620,168.35,168.62,correct,0.20735229402780533,0.2933594803015391,0.7324821949005127,1764.3314429322713,0.40302808086077374
Little_Chicago_s_Finest_-_My_Own,nvidia/canary-1b-v2,it,621,168.62,168.69,substitution,0.15564660355448723,0.22335238382220268,0.6969336420297623,1290.6677288454416,0.2807670384645462
Little_Chicago_s_Finest_-_My_Own,nvidia/canary-1b-v2,long,622,168.69,168.89,substitution,0.34800587221980095,0.4553817639296705,0.7616207057779486,1245.3501478247795,0.28035870126702567
Little_Chicago_s_Finest_-_My_Own,nvidia/canary-1b-v2,my,623,168.89,168.95,correct,0.3750035837292671,0.4655120074748993,0.8010507524013519,1253.553045798763,0.26434968784451485
Little_Chicago_s_Finest_-_My_Own,nvidia/canary-1b-v2,own,624,168.95,169.89,correct,0.3231900875816251,0.3958284061143894,0.8305452595842947,1275.3273271564738,0.2676486688675267
Little_Chicago_s_Finest_-_My_Own,nvidia/canary-1b-v2,long,625,169.89,170.46,correct,0.14082979110460128,0.16787887833291484,0.8943346767656265,1328.707936212864,0.31852343197791805
Little_Chicago_s_Finest_-_My_Own,nvidia/canary-1b-v2,on,626,170.53,170.68,substitution,0.21839202042011654,0.2911277820410974,1.201957593945896,1294.5767769755942,0.28363286221728606
Little_Chicago_s_Finest_-_My_Own,nvidia/canary-1b-v2,my,627,170.68,170.93,correct,0.24621842675177114,0.329593582877091,0.7506794439894813,1438.4272632773557,0.30082182586193085
Little_Chicago_s_Finest_-_My_Own,nvidia/canary-1b-v2,own,628,171.0,171.34,correct,0.13304124410087997,0.17828271215831912,0.75226660515811,1224.5479804526688,0.2879817167649398
Little_Chicago_s_Finest_-_My_Own,nvidia/canary-1b-v2,my,629,171.34,171.54,substitution,0.13972318718548526,0.20363641521808776,0.7156642296097495,1927.2037328510944,0.34734283116730774
Little_Chicago_s_Finest_-_My_Own,nvidia/canary-1b-v2,own,630,171.61,171.99,correct,0.1515576403542626,0.22780335108499702,0.6713581783015553,1983.5125268224458,0.3526010535112241
Little_Chicago_s_Finest_-_My_Own,nvidia/canary-1b-v2,so,631,171.99,172.26,correct,0.23968641310930253,0.3254085193077723,0.7352622429529826,2466.6535679430294,0.39179428815841677
Little_Chicago_s_Finest_-_My_Own,nvidia/canary-1b-v2,i'm,632,172.26,172.5,substitution,0.2975425179357882,0.40253632488074126,0.7422867483562894,1269.239611557353,0.26620960345974676
Little_Chicago_s_Finest_-_My_Own,nvidia/canary-1b-v2,gon,633,172.5,172.79,correct,0.2923498692051057,0.3971034937327908,0.7357443917182184,1097.8985674231672,0.23226799887995567
Little_Chicago_s_Finest_-_My_Own,nvidia/canary-1b-v2,live,634,172.79,173.06,substitution,0.18193913822372754,0.26114285265405973,0.7057053089141846,1985.5777854972105,0.45394291579723356
Little_Chicago_s_Finest_-_My_Own,nvidia/canary-1b-v2,it,635,173.06,173.14,substitution,0.20451208651065828,0.27823940813541415,0.7388112902641296,1805.7349888556098,0.4361676424741745
Little_Chicago_s_Finest_-_My_Own,nvidia/canary-1b-v2,long,636,173.14,173.37,correct,0.3278486502170563,0.43181747794151304,0.7602005124092102,1579.466685571195,0.36965584874153135
Little_Chicago_s_Finest_-_My_Own,nvidia/canary-1b-v2,i'm,637,173.37,173.43,substitution,0.585163027048111,0.812209464609623,0.7219555303454399,1760.680823362263,0.3577243462204933
Little_Chicago_s_Finest_-_My_Own,nvidia/canary-1b-v2,good,638,173.43,173.62,substitution,0.3830089895498185,0.5565888354820865,0.746332449572427,1791.5183085479532,0.35553217785699026
Little_Chicago_s_Finest_-_My_Own,nvidia/canary-1b-v2,on,639,173.62,173.74,substitution,0.31837005274636404,0.4668766441089766,0.6849428159849984,1362.2420796217982,0.2758787934269224
Little_Chicago_s_Finest_-_My_Own,nvidia/canary-1b-v2,my,640,173.74,173.86,substitution,0.2102569839251893,0.26373388252354096,2.8582965561321805,1441.6872958840863,0.30419020674058367
Little_Chicago_s_Finest_-_My_Own,nvidia/canary-1b-v2,own,641,173.91,174.35,correct,0.17257381272308217,0.23501582096893495,1.0226210144658883,1362.3634069805275,0.31188891797016066
Little_Chicago_s_Finest_-_My_Own,nvidia/canary-1b-v2,i,642,174.41,174.54,substitution,0.48026225715875626,0.6293723493814468,0.7837581276893616,1504.9551354328928,0.3028072734673818
Little_Chicago_s_Finest_-_My_Own,nvidia/canary-1b-v2,don't,643,174.54,174.72,substitution,0.36247859299182894,0.5210937976837158,0.709570100903511,1169.5276049353326,0.227552942186594
Little_Chicago_s_Finest_-_My_Own,nvidia/canary-1b-v2,need,644,174.72,174.98,correct,0.3094464337517475,0.4251105733986559,0.7517001875515642,1843.3215742507439,0.32789743511841213
Little_Chicago_s_Finest_-_My_Own,nvidia/canary-1b-v2,you,645,174.98,175.28,correct,0.21451894072533556,0.2675582073403127,1.0398891604307927,1688.816669239023,0.35689937887769757
Little_Chicago_s_Finest_-_My_Own,nvidia/canary-1b-v2,you,646,175.36,175.49,substitution,0.12346253118344716,0.1647902802963342,0.8565333528178078,2004.0075340139883,0.3724252890263285
Little_Chicago_s_Finest_-_My_Own,nvidia/canary-1b-v2,think,647,175.49,175.69,substitution,0.11140539408054041,0.14254611155585103,0.8843528213708297,2800.0144819259936,0.5149087776308474
Little_Chicago_s_Finest_-_My_Own,nvidia/canary-1b-v2,you,648,175.69,175.76,correct,0.11174664925783873,0.14260816294699907,0.7972608283162117,1349.8137296611794,0.22072711400687695
Little_Chicago_s_Finest_-_My_Own,nvidia/canary-1b-v2,got,649,175.76,175.95,correct,0.22067695891573316,0.3056240738147781,0.7952640198525929,1308.2973143807412,0.24340831807681493
Little_Chicago_s_Finest_-_My_Own,nvidia/canary-1b-v2,me,650,175.95,176.04,correct,0.20441209253939716,0.286307345059785,0.7250590378587897,1124.1751680409084,0.17432961612939835
Little_Chicago_s_Finest_-_My_Own,nvidia/canary-1b-v2,down,651,176.04,176.46,correct,0.18018574695831732,0.22808096922286178,0.960336694250936,1360.4813144160476,0.288931614678839
Little_Chicago_s_Finest_-_My_Own,nvidia/canary-1b-v2,but,652,176.49,176.64,substitution,0.15527995982590845,0.1593319906935315,6.028942332548254,1283.4885273947436,0.304080736987731
Little_Chicago_s_Finest_-_My_Own,nvidia/canary-1b-v2,this,653,176.64,176.81,substitution,0.23490002535675703,0.30626088052399847,2.075635662204341,3347.349470931089,0.4524648699321245
Little_Chicago_s_Finest_-_My_Own,nvidia/canary-1b-v2,what,654,176.81,177.01,substitution,0.30868227326351666,0.4455325532218684,0.7156470469806505,1184.1750873546166,0.2292144858966703
Little_Chicago_s_Finest_-_My_Own,nvidia/canary-1b-v2,i'ma,655,177.01,177.16,correct,0.2729417107561055,0.3964747199240853,0.6907635927200317,1032.5679808144732,0.18281913943150463
Little_Chicago_s_Finest_-_My_Own,nvidia/canary-1b-v2,do,656,177.16,177.45,substitution,0.25090446863924304,0.33303162347405185,0.9599952524708163,1387.0763240499045,0.29362134587380195
Little_Chicago_s_Finest_-_My_Own,nvidia/canary-1b-v2,i'ma,657,177.49,177.67,correct,0.2619550973176956,0.38853900879621506,0.6780969768762588,1193.532519679964,0.2098941132426262
Little_Chicago_s_Finest_-_My_Own,nvidia/canary-1b-v2,show,658,177.67,178.02,correct,0.23340323802671933,0.33839243415154907,0.7044260643030468,2451.459979303541,0.36288210828053324
Little_Chicago_s_Finest_-_My_Own,nvidia/canary-1b-v2,how,659,178.02,178.19,correct,0.2982444378890489,0.43512992325582,0.6962528793435347,1241.9495820412674,0.2249557324930241
Little_Chicago_s_Finest_-_My_Own,nvidia/canary-1b-v2,a,660,178.19,178.27,correct,0.2582558549940586,0.3880729891359806,0.6664987742900849,762.1564696736261,0.10616334229707718
Little_Chicago_s_Finest_-_My_Own,nvidia/canary-1b-v2,real,661,178.27,178.55,correct,0.3173776530931073,0.4279078528765709,0.7887818890233194,1245.9255765645648,0.23431781342914026
Little_Chicago_s_Finest_-_My_Own,nvidia/canary-1b-v2,man,662,178.55,178.88,correct,0.23914018811451065,0.33637878485023975,0.7553181598583857,1268.2330697141233,0.2496719207200739
Little_Chicago_s_Finest_-_My_Own,nvidia/canary-1b-v2,do,663,178.88,179.07,substitution,0.4200046548531169,0.6124651187232563,0.7277905089514596,1175.1305943869665,0.20815250703266688
Little_Chicago_s_Finest_-_My_Own,nvidia/canary-1b-v2,it,664,179.07,179.15,correct,0.45187912583351136,0.6607208266854286,0.7377422153949738,1036.5376024647007,0.20148650780320168
Little_Chicago_s_Finest_-_My_Own,nvidia/canary-1b-v2,when,665,179.15,179.3,correct,0.32795585253659415,0.4775834644542021,0.6941984856829924,1067.8620939532743,0.1776481923811576
Little_Chicago_s_Finest_-_My_Own,nvidia/canary-1b-v2,he,666,179.3,179.38,correct,0.391678575012419,0.5847030182679495,0.670593625969357,1395.1267237041368,0.24710443119208017
Little_Chicago_s_Finest_-_My_Own,nvidia/canary-1b-v2,move,667,179.38,179.72,correct,0.3347783745511582,0.47801947907397624,0.7506496498459264,1306.7539469990236,0.2834158288805108
Little_Chicago_s_Finest_-_My_Own,nvidia/canary-1b-v2,on,668,179.72,179.96,correct,0.3614066711698587,0.5303107149039323,0.7023573082226974,1165.238244219687,0.21489764463443023
Little_Chicago_s_Finest_-_My_Own,nvidia/canary-1b-v2,kick,669,179.96,180.15,correct,0.15276527116518646,0.18661910124743977,1.2288074635324024,2060.113192211346,0.43047942717870075
Little_Chicago_s_Finest_-_My_Own,nvidia/canary-1b-v2,it,670,180.15,180.26,correct,0.27738742530345917,0.40128103586343616,0.7024560158069317,1633.1797660181192,0.326592009801131
Little_Chicago_s_Finest_-_My_Own,nvidia/canary-1b-v2,like,671,180.26,180.42,substitution,0.3718733015573687,0.5511206218765842,0.7112187180254195,1533.525757463229,0.30484377096096676
Little_Chicago_s_Finest_-_My_Own,nvidia/canary-1b-v2,a,672,180.42,180.48,correct,0.23949409974738955,0.34684245102107525,0.716412864625454,1051.944440337748,0.19145813025534153
Little_Chicago_s_Finest_-_My_Own,nvidia/canary-1b-v2,villain,673,180.48,180.9,correct,0.25821446263127856,0.33515529073774813,0.9533421953519186,1293.3904114049399,0.2718234699633386
Little_Chicago_s_Finest_-_My_Own,nvidia/canary-1b-v2,you,674,180.94,181.05,correct,0.34295323491096497,0.4398821225533119,0.8037706246742835,1228.175763862548,0.23849102969353014
Little_Chicago_s_Finest_-_My_Own,nvidia/canary-1b-v2,took,675,181.05,181.35,correct,0.3301606231340856,0.44426621304768504,0.8104710488608389,1642.8274688383713,0.33598775664965314
Little_Chicago_s_Finest_-_My_Own,nvidia/canary-1b-v2,me,676,181.35,181.46,correct,0.4206946976482868,0.5784884318709373,0.7256873299678167,1583.11667076486,0.26085012778639793
Little_Chicago_s_Finest_-_My_Own,nvidia/canary-1b-v2,straight,677,181.46,181.64,correct,0.1973903308622539,0.25995208313688634,0.8003893852233886,1325.5369550069506,0.2649468943476677
Little_Chicago_s_Finest_-_My_Own,nvidia/canary-1b-v2,down,678,181.64,181.82,correct,0.45746611271585735,0.6086750186624981,0.7753724796431405,1441.8258106293276,0.2833821404547918
Little_Chicago_s_Finest_-_My_Own,nvidia/canary-1b-v2,went,679,181.82,181.94,correct,0.23629449422542864,0.3209301714713757,0.7656151698185847,2467.4777915824166,0.4204323853437717
Little_Chicago_s_Finest_-_My_Own,nvidia/canary-1b-v2,wrong,680,181.94,182.08,substitution,0.48137322440743446,0.7052327813580632,0.6950909048318863,1746.17886287281,0.33229833003133535
Little_Chicago_s_Finest_-_My_Own,nvidia/canary-1b-v2,like,681,182.08,182.17,correct,0.40473809160969476,0.5891222655773163,0.691405328837308,1351.8631858404722,0.26115759936246
Little_Chicago_s_Finest_-_My_Own,nvidia/canary-1b-v2,a,682,182.17,182.2,correct,0.18150321394205093,0.22217024117708206,0.8340597897768021,2743.567052972601,0.5706396773457527
Little_Chicago_s_Finest_-_My_Own,nvidia/canary-1b-v2,sin,683,182.2,182.43,correct,0.22099210429363525,0.30621468748610753,0.7486986449131598,2185.0998591971857,0.35556436673952985
Little_Chicago_s_Finest_-_My_Own,nvidia/canary-1b-v2,but,684,182.48,182.84,correct,0.22630444361279026,0.3012631706391963,0.964658240477244,1870.435004907045,0.3726841394717877
Little_Chicago_s_Finest_-_My_Own,nvidia/canary-1b-v2,i,685,182.84,182.92,correct,0.3645066738128662,0.5337440818548203,0.6830658376216888,1329.224880203631,0.2172247588634491
Little_Chicago_s_Finest_-_My_Own,nvidia/canary-1b-v2,had,686,182.92,183.01,correct,0.15111119909719986,0.21446304057132115,0.7279122580181469,2384.7106461462954,0.37977559051730414
Little_Chicago_s_Finest_-_My_Own,nvidia/canary-1b-v2,a,687,183.01,183.04,correct,0.058094074949622154,0.07486680895090103,0.7721562534570694,4948.0186149231895,0.6402623355388641
Little_Chicago_s_Finest_-_My_Own,nvidia/canary-1b-v2,rebound,688,183.16,183.58,correct,0.22424539658758375,0.30743440356519486,0.893400310145484,1544.4118310865306,0.32082179155614643
Little_Chicago_s_Finest_-_My_Own,nvidia/canary-1b-v2,cause,689,183.58,183.68,correct,0.24980613713463148,0.352729815368851,0.7737279931704203,2004.842485332924,0.3916739697257678
Little_Chicago_s_Finest_-_My_Own,nvidia/canary-1b-v2,i'm,690,183.74,183.88,substitution,0.31897997576743364,0.4697336684912443,0.6788535974919796,1239.2926858085393,0.24967402685433626
Little_Chicago_s_Finest_-_My_Own,nvidia/canary-1b-v2,going,691,183.88,184.23,correct,0.3182760425604498,0.448724946174293,0.8062391709058713,1370.8621525162469,0.3031089344085791
Little_Chicago_s_Finest_-_My_Own,nvidia/canary-1b-v2,for,692,184.23,184.29,correct,0.027975120448640416,0.035921614217971055,0.9040638208389282,1617.429629079693,0.3853929319552013
Little_Chicago_s_Finest_-_My_Own,nvidia/canary-1b-v2,the,693,184.29,188.28,correct,0.28898007869371484,0.39249881117471624,0.8002020550555871,1582.9078001811233,0.28306791102579104
Little_Chicago_s_Finest_-_My_Own,nvidia/canary-1b-v2,win,694,188.31,188.67,correct,0.25335053896579224,0.34884426823984355,0.8768169192167429,1466.0035926161481,0.2928524143420733
Little_Chicago_s_Finest_-_My_Own,nvidia/canary-1b-v2,and,695,188.71,188.9,substitution,0.30245252219694,0.4265183749653044,0.7156966328620911,1395.6281835823522,0.27445403451011297
Little_Chicago_s_Finest_-_My_Own,nvidia/canary-1b-v2,i'ma,696,188.9,189.07,correct,0.38922327443173055,0.564330341000306,0.6914576888084412,1175.9584215073417,0.22415745415185628
Little_Chicago_s_Finest_-_My_Own,nvidia/canary-1b-v2,live,697,189.07,189.32,correct,0.29224184474774767,0.4272217111928122,0.7061494226966586,1263.1293111016723,0.2613432753298964
Little_Chicago_s_Finest_-_My_Own,nvidia/canary-1b-v2,it,698,189.32,189.46,correct,0.34807356214150786,0.4612882463261485,0.941471416503191,1454.3443212310451,0.29103751201182604
Little_Chicago_s_Finest_-_My_Own,nvidia/canary-1b-v2,up,699,189.46,189.69,substitution,0.2908821031264961,0.41223603032529355,0.8347501373291015,1391.6547096975148,0.3028248155117035
Little_Chicago_s_Finest_-_My_Own,nvidia/canary-1b-v2,let,700,189.69,189.83,correct,0.2906532054184936,0.407966897735605,2.681135468184948,1422.6989457307634,0.31626232992857695
Little_Chicago_s_Finest_-_My_Own,nvidia/canary-1b-v2,the,701,189.83,189.93,correct,0.21739968300486603,0.26256287877913564,3.5757369299729667,1194.8777837862165,0.2661703210324049
Little_Chicago_s_Finest_-_My_Own,nvidia/canary-1b-v2,party,702,189.93,190.35,correct,0.3588786867204244,0.5050150101154071,0.8391198749127595,1482.2957651642062,0.28741780976238457
Little_Chicago_s_Finest_-_My_Own,nvidia/canary-1b-v2,begin,703,190.35,190.78,correct,0.2690840012029461,0.3621031134996725,0.859355804712876,1487.0653389569732,0.30007513434342714
Little_Chicago_s_Finest_-_My_Own,nvidia/canary-1b-v2,it's,704,190.78,190.93,correct,0.21794085248428233,0.3112023569205228,0.7035091484294218,3040.026841484386,0.4488036124145283
Little_Chicago_s_Finest_-_My_Own,nvidia/canary-1b-v2,a,705,190.93,190.96,correct,0.19460578560829161,0.27882776856422425,0.6993460536003113,5000.66684648875,0.5093900442123414
Little_Chicago_s_Finest_-_My_Own,nvidia/canary-1b-v2,celebration,706,190.96,191.6,correct,0.3851425879891368,0.5568725761512051,0.6948830286661783,2705.13487582578,0.350326271376748
Little_Chicago_s_Finest_-_My_Own,nvidia/canary-1b-v2,now,707,191.6,191.87,correct,0.3387222888569037,0.47353796313206353,0.7145935634771983,1189.5680143318475,0.22870557804902394
Little_Chicago_s_Finest_-_My_Own,nvidia/canary-1b-v2,damn,708,191.87,192.23,substitution,0.4228558058922107,0.6130721689416812,0.7134867448073167,1314.7036078948972,0.27684857027652937
Little_Chicago_s_Finest_-_My_Own,nvidia/canary-1b-v2,right,709,192.23,192.43,deletion,0.28039285193451424,0.40552261835810816,0.7348067056049,1578.5181378111513,0.31688911535523157
Little_Chicago_s_Finest_-_My_Own,nvidia/canary-1b-v2,fuck,710,192.43,192.61,correct,0.17692170886411554,0.23588911683431693,0.9611673440252032,2157.7867619603703,0.4592897210802351
Little_Chicago_s_Finest_-_My_Own,nvidia/canary-1b-v2,the,711,192.61,192.72,correct,0.11863898237546285,0.1423573976693054,0.8510725349187851,1366.1477748726213,0.3186127891143163
Little_Chicago_s_Finest_-_My_Own,nvidia/canary-1b-v2,past,712,192.72,193.18,substitution,0.26103360508568585,0.3458481602650136,0.936186193227768,2443.2901778758032,0.46599259942770005
Little_Chicago_s_Finest_-_My_Own,nvidia/canary-1b-v2,the,713,193.18,193.25,correct,0.0876001791200704,0.11969589623105195,0.9188232355647616,2418.48845075507,0.4844827155272166
Little_Chicago_s_Finest_-_My_Own,nvidia/canary-1b-v2,show,714,193.25,193.43,substitution,0.1938327021896839,0.2444557934999466,0.799685749411583,3225.7373058154694,0.4823675513267517
Little_Chicago_s_Finest_-_My_Own,nvidia/canary-1b-v2,will,715,193.43,193.58,substitution,0.2556622019585441,0.3508918820058598,0.7268111916149363,882.2806129957588,0.14984330841723612
Little_Chicago_s_Finest_-_My_Own,nvidia/canary-1b-v2,never,716,193.58,193.82,correct,0.21936917442966392,0.31116251399119693,0.7052524994920801,1118.810401065614,0.21483629003719049
Little_Chicago_s_Finest_-_My_Own,nvidia/canary-1b-v2,last,717,193.82,194.11,correct,0.22711326263379306,0.30908228107728064,0.735620129853487,1829.622603449133,0.32865700498223305
Little_Chicago_s_Finest_-_My_Own,nvidia/canary-1b-v2,that,718,194.11,194.26,correct,0.40362412855029106,0.5832651923684513,0.698985664283528,1412.8577598683166,0.25012559356058345
Little_Chicago_s_Finest_-_My_Own,nvidia/canary-1b-v2,won't,719,194.26,194.42,correct,0.3608289708693822,0.4907441611091296,0.7551673087808821,932.1845032777269,0.1817995020084911
Little_Chicago_s_Finest_-_My_Own,nvidia/canary-1b-v2,be,720,194.42,194.55,correct,0.3565564771493276,0.4657278021176656,0.7927187959353129,1404.6633107505609,0.2876458962758382
Little_Chicago_s_Finest_-_My_Own,nvidia/canary-1b-v2,a,721,194.55,194.65,correct,0.3257343288172375,0.4803334657441486,0.6990573135289279,855.4943521156493,0.156229512935335
Little_Chicago_s_Finest_-_My_Own,nvidia/canary-1b-v2,punching,722,194.65,194.97,substitution,0.2831718767860106,0.4053709743278367,0.7212070567267281,1727.8301917161493,0.3485377447945731
Little_Chicago_s_Finest_-_My_Own,nvidia/canary-1b-v2,bag,723,194.97,195.34,correct,0.4212561741971025,0.6038009167944149,0.7739569443028148,1432.5982224980053,0.31162786338387466
Little_Chicago_s_Finest_-_My_Own,nvidia/canary-1b-v2,i,724,195.41,195.48,substitution,0.152772450612651,0.22177991602155897,0.6909081207381355,1358.949179374965,0.2699261936876509
Little_Chicago_s_Finest_-_My_Own,nvidia/canary-1b-v2,know,725,195.48,195.68,deletion,0.340786757116968,0.5149842934174971,0.6605013121258129,941.3653842517703,0.15790106525475328
Little_Chicago_s_Finest_-_My_Own,nvidia/canary-1b-v2,what,726,195.68,195.92,correct,0.1704304403177014,0.253513289546525,0.6758687981852779,725.8035356268045,0.12297693708980525
Little_Chicago_s_Finest_-_My_Own,nvidia/canary-1b-v2,it's,727,195.92,196.11,correct,0.13939689321532137,0.16406651757036647,2.610219404810951,4028.133505764436,0.5235871211403892
Little_Chicago_s_Finest_-_My_Own,nvidia/canary-1b-v2,worth,728,196.11,196.34,correct,0.23075423315167426,0.3064442015811801,0.9789024591445923,1383.132477086295,0.30606053680181505
Little_Chicago_s_Finest_-_My_Own,nvidia/canary-1b-v2,in,729,196.34,196.45,correct,0.370983477968436,0.53849779184048,0.6919708756300119,972.9972373541063,0.20039922572099245
Little_Chicago_s_Finest_-_My_Own,nvidia/canary-1b-v2,the,730,196.45,196.6,correct,0.38438767194747925,0.5535372846266803,0.6934343401123496,813.7625357870338,0.15161354971282623
Little_Chicago_s_Finest_-_My_Own,nvidia/canary-1b-v2,ring,731,196.6,196.77,substitution,0.48947257901492874,0.6944188287383631,0.7035096287727356,1096.5462968586294,0.19551582673662588
Little_Chicago_s_Finest_-_My_Own,nvidia/canary-1b-v2,enough,732,196.77,197.13,deletion,0.31719038254814225,0.4578492935048416,0.729639820754528,1795.8658879827763,0.35038662105798724
Little_Chicago_s_Finest_-_My_Own,nvidia/canary-1b-v2,cash,733,197.13,197.52,correct,0.3374812953684124,0.46970603537435335,0.7952287608668918,2196.69165421488,0.46585574462300255
Little_Chicago_s_Finest_-_My_Own,nvidia/canary-1b-v2,to,734,197.52,197.72,correct,0.049192919011187296,0.06392825082572096,1.204157881114794,2702.5765436869433,0.5640982603249343
Little_Chicago_s_Finest_-_My_Own,nvidia/canary-1b-v2,make,735,197.72,197.88,correct,0.1999796268840631,0.2842843387689855,0.7003800537851121,1063.7107841282166,0.2037893355720573
Little_Chicago_s_Finest_-_My_Own,nvidia/canary-1b-v2,me,736,197.88,197.95,substitution,0.09595666080713272,0.13600021414458752,0.7082554772496223,615.8304413334712,0.11025160271674395
Little_Chicago_s_Finest_-_My_Own,nvidia/canary-1b-v2,reconsider,737,197.95,198.5,deletion,0.1301602525015672,0.16735505926577995,0.798436705271403,2276.6386261330613,0.36318834672371547
Little_Chicago_s_Finest_-_My_Own,nvidia/canary-1b-v2,being,738,198.5,198.77,correct,0.2632542366782824,0.3620068701605002,0.7503378947575887,1579.3873712884856,0.32570932134985925
Little_Chicago_s_Finest_-_My_Own,nvidia/canary-1b-v2,free,739,198.77,199.11,correct,0.25299977642056104,0.3193499990613074,0.8115606420748943,2388.289429292072,0.42242179227036397
Little_Chicago_s_Finest_-_My_Own,nvidia/canary-1b-v2,at,740,199.11,199.37,correct,0.29871611194363956,0.4304226453191248,0.7165920981045427,1491.8660130956255,0.3226729677668933
Little_Chicago_s_Finest_-_My_Own,nvidia/canary-1b-v2,last,741,199.37,199.84,substitution,0.2838066579025312,0.38525665712122825,0.8103392381294101,2386.788181674151,0.4243674453567056
Little_Chicago_s_Finest_-_My_Own,nvidia/canary-1b-v2,so,742,199.84,199.99,deletion,0.11599819153985556,0.1486879240940599,0.7885960831361658,3515.434532144155,0.5000559424652773
Little_Chicago_s_Finest_-_My_Own,nvidia/canary-1b-v2,hey,743,199.99,200.19,correct,0.15592696382240814,0.20643870227716185,0.7649174955758181,1701.4192062521543,0.34733807431025937
Little_Chicago_s_Finest_-_My_Own,nvidia/canary-1b-v2,how,744,200.19,200.31,correct,0.13938064074942044,0.16649202896015985,0.8437325358390808,1898.3372064700015,0.4061583940471922
Little_Chicago_s_Finest_-_My_Own,nvidia/canary-1b-v2,you,745,200.31,200.46,correct,0.10377876701600411,0.15363848954439163,0.6758422115269829,1254.9926471437577,0.24993366791921504
Little_Chicago_s_Finest_-_My_Own,nvidia/canary-1b-v2,doing,746,200.46,200.76,correct,0.15937446918564313,0.20541457244844147,1.25738719737891,1063.742019076888,0.22713683726209583
Little_Chicago_s_Finest_-_My_Own,nvidia/canary-1b-v2,to,747,200.76,200.9,substitution,0.0824632131261751,0.09133257722714916,1.122855506837368,2196.502822360065,0.453321042470634
Little_Chicago_s_Finest_-_My_Own,nvidia/canary-1b-v2,the,748,200.9,201.09,substitution,0.19687601799766222,0.2594445429387547,0.977320997487931,1461.9193507757757,0.30976168243657975
Little_Chicago_s_Finest_-_My_Own,nvidia/canary-1b-v2,opposite,749,201.09,201.54,deletion,0.17198775587033252,0.2400139819602577,0.7191178737854471,3015.4849818759117,0.5039484367078665
Little_Chicago_s_Finest_-_My_Own,nvidia/canary-1b-v2,sex,750,201.54,202.0,correct,0.23502188570797444,0.3225019893795252,0.8053490626811981,3264.0961674579776,0.5565301901102067
Little_Chicago_s_Finest_-_My_Own,nvidia/canary-1b-v2,i,751,202.09,202.16,deletion,0.12183187052141875,0.17849388148169965,0.7194796651601791,1135.8276687997277,0.22066574357450008
Little_Chicago_s_Finest_-_My_Own,nvidia/canary-1b-v2,know,752,202.16,202.34,correct,0.2581280775368214,0.3527997605502605,0.7470340937376022,873.8379371110129,0.15787982754409313
Little_Chicago_s_Finest_-_My_Own,nvidia/canary-1b-v2,what,753,202.34,202.64,substitution,0.1380814631667101,0.19818818518383938,0.713310541528644,1840.688915924181,0.27420782433314755
Little_Chicago_s_Finest_-_My_Own,nvidia/canary-1b-v2,you,754,202.64,202.71,substitution,0.1505891415807936,0.21945826792054707,0.6889387038018968,1565.2344567373455,0.31079504059420693
Little_Chicago_s_Finest_-_My_Own,nvidia/canary-1b-v2,need,755,202.71,203.03,substitution,0.19417115322181155,0.23490906144891466,0.8197802458490644,1330.1755111201007,0.2891515003783362
Little_Chicago_s_Finest_-_My_Own,nvidia/canary-1b-v2,and,756,203.03,203.14,deletion,0.309048844071535,0.4365985164275536,0.7070079675087562,1098.5777577834715,0.21002203054153
Little_Chicago_s_Finest_-_My_Own,nvidia/canary-1b-v2,you,757,203.14,203.26,deletion,0.2447020975606782,0.35945879401905195,0.6922448107174465,1037.3593704656175,0.21556017068879946
Little_Chicago_s_Finest_-_My_Own,nvidia/canary-1b-v2,gotta,758,203.26,203.53,correct,0.2997277647513768,0.42404540576811495,0.7160884491328535,1570.3797148687847,0.33424109169121446
Little_Chicago_s_Finest_-_My_Own,nvidia/canary-1b-v2,get,759,203.53,203.79,substitution,0.20980376030864387,0.28935939356170853,0.745784186083695,1666.164244969664,0.3631527105282093
Little_Chicago_s_Finest_-_My_Own,nvidia/canary-1b-v2,next,760,203.79,204.3,correct,0.24140447728236072,0.3421162248539206,0.7682019035731044,2558.2014158747083,0.4673929565719196
Little_Chicago_s_Finest_-_My_Own,nvidia/canary-1b-v2,a,761,204.3,204.37,correct,0.15536687802523375,0.20571782439947128,0.7758674174547195,795.1135077643302,0.14349018689244986
Little_Chicago_s_Finest_-_My_Own,nvidia/canary-1b-v2,new,762,204.37,204.55,substitution,0.2820948094129562,0.34623966962099073,0.8140578359365463,835.1801926351161,0.15049146115779877
Little_Chicago_s_Finest_-_My_Own,nvidia/canary-1b-v2,night,763,204.55,204.83,substitution,0.2603522406951074,0.3067760472336123,0.8445108109904874,1002.647287122123,0.1640303485816525
Little_Chicago_s_Finest_-_My_Own,nvidia/canary-1b-v2,with,764,204.83,204.98,deletion,0.0919563568142407,0.1153933121548856,0.9073838977252736,1907.5720885999674,0.3768477606422761
Little_Chicago_s_Finest_-_My_Own,nvidia/canary-1b-v2,me,765,204.98,205.25,deletion,0.2886446739236514,0.3446367926895618,0.8562499483426412,1155.4013051513316,0.22254883299271266
Little_Chicago_s_Finest_-_My_Own,nvidia/canary-1b-v2,and,766,205.25,205.36,deletion,0.35559535255798924,0.44840843631671023,0.7932814313815191,991.5447936713445,0.1732331353884477
Little_Chicago_s_Finest_-_My_Own,nvidia/canary-1b-v2,you're,767,205.36,205.45,deletion,0.4804155707359314,0.6631104707717895,0.7235747337341308,943.9316004661603,0.17687092944979668
Little_Chicago_s_Finest_-_My_Own,nvidia/canary-1b-v2,not,768,205.45,205.68,deletion,0.35335704798881823,0.4812949551985814,0.7355600687173697,1033.9565702923833,0.18388927928530252
Little_Chicago_s_Finest_-_My_Own,nvidia/canary-1b-v2,a,769,205.68,205.74,deletion,0.22667016301836287,0.3186377212405205,0.73872081722532,649.212188634927,0.10721786000898906
Little_Chicago_s_Finest_-_My_Own,nvidia/canary-1b-v2,bit,770,205.74,205.93,correct,0.30043823786434676,0.4144129517177741,0.7652813480013892,1562.1481186254653,0.3274794210280691
Little_Chicago_s_Finest_-_My_Own,nvidia/canary-1b-v2,stressed,771,205.93,206.52,substitution,0.21094316609378438,0.29347040293578175,0.8500677533447742,3011.318614734843,0.5208059835713357
Little_Chicago_s_Finest_-_My_Own,nvidia/canary-1b-v2,but,772,206.52,206.61,correct,0.11563502806662158,0.16949503134343435,0.8238268819722262,988.646139145655,0.2079437727277929
Little_Chicago_s_Finest_-_My_Own,nvidia/canary-1b-v2,makes,773,206.61,206.96,correct,0.1734411570880758,0.2466757177424274,0.7233971341660148,2468.2758405959307,0.4008296010525603
Little_Chicago_s_Finest_-_My_Own,nvidia/canary-1b-v2,you,774,206.96,207.08,correct,0.10472295539719718,0.15569169180733816,0.6808240796838488,1778.4225862310539,0.3440274064029966
Little_Chicago_s_Finest_-_My_Own,nvidia/canary-1b-v2,see,775,207.08,207.39,substitution,0.1125268431051689,0.1436146104379612,0.8833703048088971,2956.1771464092726,0.5283699583481339
Little_Chicago_s_Finest_-_My_Own,nvidia/canary-1b-v2,like,776,207.39,207.58,deletion,0.26043263969144653,0.3766291793879299,0.7380886049497695,1163.2925373098494,0.24973748127619425
Little_Chicago_s_Finest_-_My_Own,nvidia/canary-1b-v2,the,777,207.58,207.68,deletion,0.16930932008350888,0.21693846676498652,0.7863958378632864,1584.3721884875056,0.391161747276783
Little_Chicago_s_Finest_-_My_Own,nvidia/canary-1b-v2,view,778,207.68,207.93,deletion,0.22549661328749998,0.30660194531083107,0.7723535405738013,1943.918845947051,0.40191382808344706
Little_Chicago_s_Finest_-_My_Own,nvidia/canary-1b-v2,from,779,207.93,208.14,deletion,0.2484339718585429,0.36049053186307783,0.703628685163415,2251.2083392861446,0.40509459635485773
Little_Chicago_s_Finest_-_My_Own,nvidia/canary-1b-v2,a,780,208.14,208.21,deletion,0.26621897849771714,0.38943079279528725,0.7038019564416673,1011.6051612859278,0.22227118412653604
Little_Chicago_s_Finest_-_My_Own,nvidia/canary-1b-v2,jet,781,208.21,208.56,deletion,0.33382279043527024,0.4790938412157917,0.8689770400524139,2697.5865979469145,0.5214071285567785
Little_Chicago_s_Finest_-_My_Own,nvidia/canary-1b-v2,that,782,208.56,208.98,correct,0.43104687766374455,0.6351876896299907,inf,1794.9184898140663,0.39578911597314087
Little_Chicago_s_Finest_-_My_Own,nvidia/canary-1b-v2,whenever,783,209.74,210.21,substitution,0.31316013020627637,0.4206576593147189,0.7769229505576339,1193.7589773973286,0.2586848779636271
Little_Chicago_s_Finest_-_My_Own,nvidia/canary-1b-v2,you,784,210.21,210.36,correct,0.3311246090075549,0.39441707379677715,0.8470602806876687,1542.884948975337,0.2946469783782959
Little_Chicago_s_Finest_-_My_Own,nvidia/canary-1b-v2,decide,785,210.36,210.8,correct,0.4576112946184973,0.6257531425605217,0.743432343006134,2656.3132869804963,0.38127918463821214
Little_Chicago_s_Finest_-_My_Own,nvidia/canary-1b-v2,to,786,210.8,210.87,substitution,0.35585279017686844,0.4330380763858557,0.8330580294132233,970.7182129394665,0.2071153623983264
Little_Chicago_s_Finest_-_My_Own,nvidia/canary-1b-v2,run,787,210.87,211.16,substitution,0.4352782731875777,0.594569259788841,0.7425624001771212,1009.9571148558699,0.17869602399878204
Little_Chicago_s_Finest_-_My_Own,nvidia/canary-1b-v2,from,788,211.16,211.4,deletion,0.2636641778603748,0.32306087279209383,0.8268527543103253,2015.3360560311837,0.3873375924649062
Little_Chicago_s_Finest_-_My_Own,nvidia/canary-1b-v2,me,789,211.4,211.53,deletion,0.44595813552538555,0.582830673456192,0.7647522807121276,1163.1923407934505,0.2500745852788289
Little_Chicago_s_Finest_-_My_Own,nvidia/canary-1b-v2,you,790,211.53,211.71,deletion,0.2742835871875286,0.33160799778997896,0.9098765134811402,1376.8263329010701,0.3087280221283436
Little_Chicago_s_Finest_-_My_Own,nvidia/canary-1b-v2,run,791,211.71,212.2,deletion,0.2057044265686341,0.2951260082564264,0.7057112759014346,1507.2196607010267,0.293281689567386
Little_Chicago_s_Finest_-_My_Own,nvidia/canary-1b-v2,make,792,212.2,212.41,deletion,0.19366589887067676,0.24917665418858329,0.7836860617001852,1815.6537344161807,0.3762187535564105
Little_Chicago_s_Finest_-_My_Own,nvidia/canary-1b-v2,sure,793,212.41,212.68,deletion,0.21389085876530614,0.30103015180291803,0.7120500802993774,2598.8998827014675,0.41802162034758206
Little_Chicago_s_Finest_-_My_Own,nvidia/canary-1b-v2,you,794,212.68,212.86,correct,0.23679759761407262,0.3175807534938767,0.7573581905592055,1635.2967851506944,0.3713424943742298
Little_Chicago_s_Finest_-_My_Own,nvidia/canary-1b-v2,far,795,212.86,213.14,substitution,0.18974295121928056,0.26452266859511536,0.7532629350821177,1962.887832013279,0.36580779204765956
Little_Chicago_s_Finest_-_My_Own,nvidia/canary-1b-v2,gone,796,213.14,213.86,correct,0.3181404688228399,0.40397712072500813,0.8014281529646653,1313.2652939351326,0.302966928252807
Little_Chicago_s_Finest_-_My_Own,nvidia/canary-1b-v2,you,797,213.86,213.92,correct,0.42471304535865784,0.3514261767268181,1.2633088678121567,1585.117419376449,0.4237496107816696
Little_Chicago_s_Finest_-_My_Own,nvidia/canary-1b-v2,gone,798,213.92,214.3,correct,0.3453090885063497,0.4718382104140956,0.752172663444426,1399.891307875094,0.2811749221348181
Little_Chicago_s_Finest_-_My_Own,nvidia/canary-1b-v2,just,799,214.3,214.45,correct,0.21521471703753753,0.2886980412637486,0.7540876935510075,3909.714028497769,0.5693932754151961
Little_Chicago_s_Finest_-_My_Own,nvidia/canary-1b-v2,know,800,214.45,214.55,correct,0.4526803841193517,0.6180783982078234,0.729973574479421,1044.2685203958415,0.2141058271129926
Little_Chicago_s_Finest_-_My_Own,nvidia/canary-1b-v2,you,801,214.55,214.78,correct,0.5307670509815217,0.6963616681098937,0.7657841634750366,979.9059849951885,0.1797608318924904
Little_Chicago_s_Finest_-_My_Own,nvidia/canary-1b-v2,ain't,802,214.78,214.98,correct,0.3980551624427671,0.5693409274453702,0.7203258638796599,1277.261024523084,0.2528049625132395
Little_Chicago_s_Finest_-_My_Own,nvidia/canary-1b-v2,gonna,803,214.98,215.23,correct,0.3664325235618485,0.4975318318163907,0.7615977194574144,1314.2330794509778,0.27124194193769385
Little_Chicago_s_Finest_-_My_Own,nvidia/canary-1b-v2,take,804,215.23,215.4,correct,0.2969078656874205,0.40498608350753784,0.7565221190452576,2154.194154535191,0.4070282021635457
Little_Chicago_s_Finest_-_My_Own,nvidia/canary-1b-v2,none,805,215.4,215.66,correct,0.35775101236228285,0.4953761779028794,0.7301862054857714,1315.5567590500757,0.2610796332873147
Little_Chicago_s_Finest_-_My_Own,nvidia/canary-1b-v2,for,806,215.66,215.77,substitution,0.1538559920512713,0.2017453868801777,0.7778237645442669,2875.667682101364,0.5509278304301776
Little_Chicago_s_Finest_-_My_Own,nvidia/canary-1b-v2,me,807,215.77,215.86,deletion,0.35179957205599005,0.44172531908208673,0.7948609807274558,1630.069996406525,0.3156211186539043
Little_Chicago_s_Finest_-_My_Own,nvidia/canary-1b-v2,take,808,215.86,216.04,correct,0.36392525807023046,0.46641532629728316,0.7900706678628922,1312.2821905149399,0.2781572058796883
Little_Chicago_s_Finest_-_My_Own,nvidia/canary-1b-v2,none,809,216.04,216.52,correct,0.2182130772047318,0.29222255658644897,0.7494379843656833,1687.3568062328181,0.3053954765200615
Little_Chicago_s_Finest_-_My_Own,nvidia/canary-1b-v2,cause,810,216.52,216.7,substitution,0.19988730363547802,0.2323236234486103,0.8550459831953049,3601.7217568693172,0.5571022316813469
Little_Chicago_s_Finest_-_My_Own,nvidia/canary-1b-v2,i'm,811,216.7,216.93,substitution,0.3509514990907449,0.44755099427241546,0.7943951923113602,1133.8651608724224,0.23851029574871063
Little_Chicago_s_Finest_-_My_Own,nvidia/canary-1b-v2,good,812,216.93,217.21,substitution,0.2690223183843397,0.34030038262567214,0.9794585781712686,1254.192963782205,0.28123709607508873
Little_Chicago_s_Finest_-_My_Own,nvidia/canary-1b-v2,on,813,217.21,217.51,substitution,0.30667178784355975,0.40364312425707327,0.8988520195989897,1239.2978192838916,0.2703405221303304
Little_Chicago_s_Finest_-_My_Own,nvidia/canary-1b-v2,my,814,217.51,217.73,deletion,0.29847404376293224,0.40552894429614145,0.7455139681696892,1288.9974376787702,0.2629468943923712
Little_Chicago_s_Finest_-_My_Own,nvidia/canary-1b-v2,own,815,217.79,218.34,correct,0.425273647531867,0.5295692215363185,0.8206961423158645,1297.1763643364618,0.28870077381531395
Little_Chicago_s_Finest_-_My_Own,nvidia/canary-1b-v2,my,816,218.34,218.47,correct,0.3514609138170878,0.4564005057017008,0.7837529857953389,1501.6610199484974,0.32652532259623207
Little_Chicago_s_Finest_-_My_Own,nvidia/canary-1b-v2,own,817,218.47,218.77,correct,0.2523012059656056,0.3246589695865458,0.7853625904430043,1186.309523062097,0.2512167610905387
Little_Chicago_s_Finest_-_My_Own,nvidia/canary-1b-v2,cause,818,218.77,218.93,correct,0.19463201777802575,0.24978440668847826,0.7812806434101529,3203.249630754294,0.5576821317275366
Little_Chicago_s_Finest_-_My_Own,nvidia/canary-1b-v2,all,819,218.93,219.15,substitution,0.54694803742071,0.7452312409877777,0.7339114621281624,1337.2536436245323,0.2622079538802306
Little_Chicago_s_Finest_-_My_Own,nvidia/canary-1b-v2,them,820,219.15,219.44,substitution,0.5001571620814502,0.6867995921056718,0.7795529905706644,1101.3112623011834,0.23024867894127965
Little_Chicago_s_Finest_-_My_Own,nvidia/canary-1b-v2,things,821,219.44,219.65,correct,0.40981506866713363,0.5381163579101363,0.8324603339036306,1837.5148633969409,0.39199911678830784
Little_Chicago_s_Finest_-_My_Own,nvidia/canary-1b-v2,you,822,219.65,219.71,substitution,0.43530994227954317,0.5843018080507006,0.7414278643471854,2217.4628552487634,0.47689670750073027
Little_Chicago_s_Finest_-_My_Own,nvidia/canary-1b-v2,didn't,823,219.71,219.87,deletion,0.5624986340602239,0.7764072434769737,0.7289280361599393,1052.7730872939646,0.20662338845431805
Little_Chicago_s_Finest_-_My_Own,nvidia/canary-1b-v2,done,824,219.87,220.15,correct,0.4357278548902081,0.6214431716549781,0.6997313710951036,1085.7664195594791,0.22142515908325872
Little_Chicago_s_Finest_-_My_Own,nvidia/canary-1b-v2,to,825,220.15,220.21,correct,0.3952052518725395,0.547418836504221,0.7296440675854683,967.24296276922,0.20336942747235298
Little_Chicago_s_Finest_-_My_Own,nvidia/canary-1b-v2,me,826,220.21,220.42,correct,0.44174826987411664,0.6019414922465449,0.738381987032683,1367.7485179304485,0.2971502931221672
Little_Chicago_s_Finest_-_My_Own,nvidia/canary-1b-v2,you,827,220.42,220.56,correct,0.28869661781936884,0.34749032743275166,0.8407825082540512,1694.2698985043846,0.3752213940024376
Little_Chicago_s_Finest_-_My_Own,nvidia/canary-1b-v2,done,828,220.56,220.93,correct,0.2716316945850849,0.3984569858759642,0.680565458536148,1677.6264565931829,0.26646003760397435
Little_Chicago_s_Finest_-_My_Own,nvidia/canary-1b-v2,have,829,220.93,221.13,substitution,0.21369949177555417,0.271211797128553,0.8189908680708512,1375.2632833050357,0.33700740855673084
Little_Chicago_s_Finest_-_My_Own,nvidia/canary-1b-v2,only,830,221.13,221.55,deletion,0.38899337046820187,0.512047784483951,0.764707115681275,954.121496174678,0.19114444097099098
Little_Chicago_s_Finest_-_My_Own,nvidia/canary-1b-v2,made,831,221.55,221.9,correct,0.3410471642487927,0.4746195313177611,0.7233038215260756,1337.200943176529,0.2945703091590028
Little_Chicago_s_Finest_-_My_Own,nvidia/canary-1b-v2,me,832,221.9,222.09,correct,0.2961619120268595,0.37051633142289664,0.8009226038342431,1287.5910502327386,0.2544102356547401
Little_Chicago_s_Finest_-_My_Own,nvidia/canary-1b-v2,strong,833,222.09,222.5,correct,0.30699914975298775,0.38704494883616763,0.8251150356398689,2490.3806193449245,0.44143292638990617
Little_Chicago_s_Finest_-_My_Own,nvidia/canary-1b-v2,me,834,222.5,222.76,substitution,0.37256594772996576,0.44782127183059167,0.8547323387244652,2110.6747703080387,0.4022911612329812
Little_Chicago_s_Finest_-_My_Own,nvidia/canary-1b-v2,strong,835,222.76,223.19,deletion,0.247039589383032,0.3128060458794884,0.8064609960369442,1383.3683476189578,0.3090299073120822
Little_Chicago_s_Finest_-_My_Own,nvidia/canary-1b-v2,this,836,223.19,223.36,correct,0.2715097673237324,0.34598256796598437,0.7893484890460968,3529.3443877914374,0.48641144409775733
Little_Chicago_s_Finest_-_My_Own,nvidia/canary-1b-v2,life,837,223.36,223.6,correct,0.40284053694743377,0.550357248992301,0.9770368521030133,1503.4503630098438,0.3204510103051479
Little_Chicago_s_Finest_-_My_Own,nvidia/canary-1b-v2,they,838,223.6,223.81,correct,0.38220595630506676,0.52900086552836,0.9044281020760536,1673.822401360526,0.34727107019474107
Little_Chicago_s_Finest_-_My_Own,nvidia/canary-1b-v2,gave,839,223.81,224.02,substitution,0.3874966408247533,0.47998665726703144,0.8172785225121871,1366.9176939519107,0.2885837030151616
Little_Chicago_s_Finest_-_My_Own,nvidia/canary-1b-v2,just,840,224.02,224.29,deletion,0.18982733624676865,0.2673775578538577,0.7278838773568471,3110.1787662242614,0.5300361086924871
Little_Chicago_s_Finest_-_My_Own,nvidia/canary-1b-v2,one,841,224.29,224.5,correct,0.32464960865352466,0.4671034560255382,0.7079434368921362,1141.318080835589,0.22527310187401978
Little_Chicago_s_Finest_-_My_Own,nvidia/canary-1b-v2,for,842,224.5,224.63,correct,0.09088020051519076,0.10963641628623008,0.8200348416964213,3267.017812577558,0.6184275776147843
Little_Chicago_s_Finest_-_My_Own,nvidia/canary-1b-v2,me,843,224.63,224.69,correct,0.3340581719364439,0.43139481970242094,0.7768979157720294,2073.278507325716,0.3792869767972401
Little_Chicago_s_Finest_-_My_Own,nvidia/canary-1b-v2,just,844,224.69,225.01,substitution,0.28274797855152023,0.3564366925921705,0.8190634797016779,1979.4512466631484,0.4272440229025152
Little_Chicago_s_Finest_-_My_Own,nvidia/canary-1b-v2,one,845,225.01,225.38,substitution,0.26423402577638627,0.38831719048321245,0.6851801708340645,1509.4788900054118,0.23762073442339898
Little_Chicago_s_Finest_-_My_Own,nvidia/canary-1b-v2,so,846,225.38,225.62,substitution,0.2398031966553794,0.299421356232078,0.8018512438844752,2640.23533605959,0.36594483311529513
Little_Chicago_s_Finest_-_My_Own,nvidia/canary-1b-v2,i'm,847,225.62,225.81,deletion,0.28329315072014216,0.3533917204255149,0.8130913121359689,917.1025170321383,0.18306446501186915
Little_Chicago_s_Finest_-_My_Own,nvidia/canary-1b-v2,gon,848,225.81,226.09,correct,0.3356425973676866,0.4228544485184454,0.8022077237406084,893.6043395111273,0.1758091358407851
Little_Chicago_s_Finest_-_My_Own,nvidia/canary-1b-v2,live,849,226.09,226.29,correct,0.3302805477922613,0.44109628281810065,0.7780425467274406,1465.6271587840392,0.3414786220951514
Little_Chicago_s_Finest_-_My_Own,nvidia/canary-1b-v2,it,850,226.29,226.45,substitution,0.23896784666511747,0.30123740351862377,0.7969358298513625,1361.8506550874677,0.31860705133941436
Little_Chicago_s_Finest_-_My_Own,nvidia/canary-1b-v2,long,851,226.45,226.7,correct,0.39199539220758844,0.5180349669286183,0.7629852082048144,1126.5706908146817,0.2504377088376454
Little_Chicago_s_Finest_-_My_Own,nvidia/canary-1b-v2,my,852,226.7,226.76,correct,0.3783578489507948,0.4519897060734885,0.8419997266360691,1266.8732282692351,0.2753590792417526
Little_Chicago_s_Finest_-_My_Own,nvidia/canary-1b-v2,own,853,226.76,227.61,substitution,0.2942827901519511,0.3621108739272408,0.840772485603457,1202.1405000425393,0.2584917357434397
Little_Chicago_s_Finest_-_My_Own,nvidia/canary-1b-v2,long,854,227.61,228.12,substitution,0.16527295748449183,0.1843878429404206,1.1449107300151478,1311.667766259657,0.307709325985475
Little_Chicago_s_Finest_-_My_Own,nvidia/canary-1b-v2,on,855,228.32,228.47,substitution,0.284962753600934,0.36117512338301716,0.7902697324752808,1300.6887766361574,0.28218139971003814
Little_Chicago_s_Finest_-_My_Own,nvidia/canary-1b-v2,my,856,228.47,228.72,correct,0.26615304555054065,0.33816670033114926,0.7868307409463106,1489.5354896558986,0.3098140634872295
Little_Chicago_s_Finest_-_My_Own,nvidia/canary-1b-v2,own,857,228.75,229.13,substitution,0.20697456639169193,0.25347439027050644,0.8176645825548869,1193.7419886143523,0.26498752468969766
Little_Chicago_s_Finest_-_My_Own,nvidia/canary-1b-v2,my,858,229.13,229.35,correct,0.1569002705067396,0.21909146271646024,0.7342563152313233,1960.8063385746254,0.36417078733444214
Little_Chicago_s_Finest_-_My_Own,nvidia/canary-1b-v2,own,859,229.44,229.78,correct,0.15820245424637924,0.23801483536088788,0.6682330031652708,2102.7919733676727,0.35982541739940643
Little_Chicago_s_Finest_-_My_Own,nvidia/canary-1b-v2,so,860,229.78,229.9,substitution,0.22612677301679338,0.30800846964120865,0.7332453770296914,3149.0596803093067,0.454261768077101
Little_Chicago_s_Finest_-_My_Own,nvidia/canary-1b-v2,i'm,861,229.9,230.02,correct,0.28751842996903826,0.3883907326630184,0.743680898632322,825.1224287148415,0.16681108410869325
Little_Chicago_s_Finest_-_My_Own,nvidia/canary-1b-v2,gon,862,230.02,230.56,substitution,0.30673975156525435,0.421067079497596,0.7264448515439438,1001.7359319316639,0.19945779594324403
Little_Chicago_s_Finest_-_My_Own,nvidia/canary-1b-v2,live,863,230.56,230.83,substitution,0.22517582337404118,0.33341585921830147,0.6776088805034243,1596.0836834236036,0.36664175678943767
Little_Chicago_s_Finest_-_My_Own,nvidia/canary-1b-v2,it,864,230.83,230.87,correct,0.24678355952103934,0.34250151614348096,0.7206719219684601,1329.5961702846598,0.28773024181524914
Little_Chicago_s_Finest_-_My_Own,nvidia/canary-1b-v2,long,865,230.87,231.14,substitution,0.27308470884273794,0.37142144451881276,0.7338300922821308,1079.6464026585184,0.2292461015027145
Little_Chicago_s_Finest_-_My_Own,nvidia/canary-1b-v2,my,866,231.14,231.21,substitution,0.3532066262430615,0.455183466275533,0.7748878531985812,1145.0606989122823,0.2501598563459184
Little_Chicago_s_Finest_-_My_Own,nvidia/canary-1b-v2,own,867,231.21,232.07,substitution,0.2903403806430037,0.37070463517660734,0.7872909025479389,1242.2523567118674,0.265226659755553
Little_Chicago_s_Finest_-_My_Own,nvidia/canary-1b-v2,long,868,232.07,232.53,substitution,0.1982033179141581,0.22810944964177907,1.337786191701889,1257.270669581325,0.2955763494968414
Little_Chicago_s_Finest_-_My_Own,nvidia/canary-1b-v2,on,869,232.74,232.91,substitution,0.264289280595748,0.3644808220039857,0.7613622546195984,1311.5339564519336,0.29098321575867503
Little_Chicago_s_Finest_-_My_Own,nvidia/canary-1b-v2,my,870,232.91,233.16,correct,0.24691902719704167,0.32745140990508453,0.7605534664222172,1500.7254798518097,0.3245534034711974
Little_Chicago_s_Finest_-_My_Own,nvidia/canary-1b-v2,own,871,233.2,233.6,correct,0.19709264402362434,0.2353308813815767,0.8334388150410219,1164.7414770438056,0.26912937008521776
Little_Chicago_s_Finest_-_My_Own,nvidia/canary-1b-v2,my,872,233.6,233.79,substitution,0.1332927764437738,0.18837431441282942,0.7301399253663563,1757.8719926776744,0.3142612420377277
Little_Chicago_s_Finest_-_My_Own,nvidia/canary-1b-v2,own,873,233.89,234.2,correct,0.17104570786742604,0.2560095261125004,0.6692303524297827,1880.5448232508113,0.3146961186738575
Little_Chicago_s_Finest_-_My_Own,nvidia/canary-1b-v2,so,874,234.2,234.49,substitution,0.25573432724922895,0.33321622479707,0.7633404117077589,2428.138027879513,0.35682295355945826
Little_Chicago_s_Finest_-_My_Own,nvidia/canary-1b-v2,i'm,875,234.49,234.72,substitution,0.38193735361099246,0.511661456823349,0.7468741846084594,1223.8446618130656,0.22752128422260284
Little_Chicago_s_Finest_-_My_Own,nvidia/canary-1b-v2,gon,876,234.72,235.01,correct,0.28924972377717495,0.3918625647202134,0.7380221784114838,1273.0359367180808,0.2549147536046803
Little_Chicago_s_Finest_-_My_Own,nvidia/canary-1b-v2,live,877,235.01,235.29,substitution,0.21559138187477667,0.29969409108161926,0.7316741385767537,1691.8207743373607,0.3829416060639966
Little_Chicago_s_Finest_-_My_Own,nvidia/canary-1b-v2,it,878,235.29,235.35,substitution,0.15845578908920288,0.22399386763572693,0.7069160118699074,1283.4637541008412,0.27458867616951466
Little_Chicago_s_Finest_-_My_Own,nvidia/canary-1b-v2,long,879,235.35,235.56,substitution,0.33373415081397345,0.45796618707801984,0.7237413136855416,1255.827335039142,0.2808426158583682
Little_Chicago_s_Finest_-_My_Own,nvidia/canary-1b-v2,my,880,235.56,235.62,correct,0.3305349733148302,0.44752289993422373,0.7360117094857352,1279.0443174535922,0.27782681584358215
Little_Chicago_s_Finest_-_My_Own,nvidia/canary-1b-v2,own,881,235.62,236.55,substitution,0.2878757110326597,0.3961098121829552,0.7335397028686976,1286.219992958133,0.27718736187066184
Little_Chicago_s_Finest_-_My_Own,nvidia/canary-1b-v2,long,882,236.55,237.13,correct,0.12843427994859316,0.16827973276526936,0.8462851489743879,1381.254713880963,0.3333682345767175
Little_Chicago_s_Finest_-_My_Own,nvidia/canary-1b-v2,on,883,237.2,237.35,correct,0.22816495860324187,0.3140332094010185,1.321892822490019,1226.8479363792867,0.2723978959462222
Little_Chicago_s_Finest_-_My_Own,nvidia/canary-1b-v2,my,884,237.35,237.62,substitution,0.21980639373262723,0.2981832017190754,0.7475604951381684,1442.6525820190852,0.3170490811268489
Little_Chicago_s_Finest_-_My_Own,nvidia/canary-1b-v2,own,885,237.66,238.01,correct,0.1438851697664512,0.17624624759743088,0.8210239159433466,1177.8302379876563,0.27091261744499207
Little_Chicago_s_Finest_-_My_Own,nvidia/canary-1b-v2,my,886,238.01,238.21,substitution,0.13606844846483157,0.19599101315859868,0.7300284375315127,1933.2013618143972,0.3494488616352496
Little_Chicago_s_Finest_-_My_Own,nvidia/canary-1b-v2,own,887,238.28,238.65,substitution,0.15342145946342498,0.228060754109174,0.6828329667448998,1995.7209876110323,0.3681857831776142
Little_Chicago_s_Finest_-_My_Own,nvidia/canary-1b-v2,so,888,238.65,238.92,correct,0.2482710358997186,0.3176375150680542,0.7729705532391866,2608.453061864227,0.3861200337608655
Little_Chicago_s_Finest_-_My_Own,nvidia/canary-1b-v2,i'm,889,238.92,239.16,substitution,0.30780022453378747,0.4027834324925034,0.7676551364086293,1231.892268326573,0.2563071648279826
Little_Chicago_s_Finest_-_My_Own,nvidia/canary-1b-v2,gon,890,239.16,239.46,deletion,0.30954858073682495,0.3885446741725459,0.7992499290090619,1075.4903053856945,0.22324526219656973
Little_Chicago_s_Finest_-_My_Own,nvidia/canary-1b-v2,live,891,239.46,239.73,deletion,0.19158884584903718,0.25899605005979537,0.743720418214798,1927.3793827043596,0.43261815508206686
Little_Chicago_s_Finest_-_My_Own,nvidia/canary-1b-v2,it,892,239.73,239.8,correct,0.23487433604896069,0.3030597846955061,0.7787774428725243,1581.4124644600947,0.36371680721640587
Little_Chicago_s_Finest_-_My_Own,nvidia/canary-1b-v2,long,893,239.8,240.3,substitution,0.191444420916113,0.22933761684372175,inf,1610.983692923852,0.3534673983400518
Little_Chicago_s_Finest_-_My_Own,nvidia/canary-1b-v2,whenever,894,240.85,241.32,substitution,0.30295299388029995,0.4129796254576421,0.7769998195124608,1200.3331733682653,0.2602449765100199
Little_Chicago_s_Finest_-_My_Own,nvidia/canary-1b-v2,you,895,241.32,241.47,deletion,0.3031438957242405,0.41414155153667226,0.7382695815142464,1591.0737104975708,0.31234382794183846
Little_Chicago_s_Finest_-_My_Own,nvidia/canary-1b-v2,decide,896,241.47,241.92,deletion,0.43813865707845107,0.6209544413247887,0.7259477522908425,2604.9532409143844,0.3784495411174638
Little_Chicago_s_Finest_-_My_Own,nvidia/canary-1b-v2,to,897,241.92,241.98,unknown,0.3546357583254576,0.4608685690909624,0.8104268237948418,961.7117525250286,0.19595106597989798
Little_Chicago_s_Finest_-_My_Own,nvidia/canary-1b-v2,run,898,241.98,242.27,unknown,0.4166118479333818,0.5863996823318303,0.7195450197905302,1047.0906450151972,0.18839584453962743
Little_Chicago_s_Finest_-_My_Own,nvidia/canary-1b-v2,from,899,242.27,242.52,unknown,0.24752651058413364,0.33166199756993187,0.7625015709135268,1985.617016502075,0.3887129994454207
Little_Chicago_s_Finest_-_My_Own,nvidia/canary-1b-v2,me,900,242.52,242.64,unknown,0.4191802420786449,0.5871530217783791,0.7142550562109266,1162.8630589648521,0.2553265190550259
Little_Chicago_s_Finest_-_My_Own,nvidia/canary-1b-v2,you,901,242.64,242.83,unknown,0.26421199597063516,0.33213242178871516,0.8910945597149077,1376.0795365704275,0.3105565905570984
Little_Chicago_s_Finest_-_My_Own,nvidia/canary-1b-v2,run,902,242.83,243.31,unknown,0.20712126018303745,0.2973198786659061,0.7115012238610465,1462.2244805194732,0.2829564832291513
Little_Chicago_s_Finest_-_My_Own,nvidia/canary-1b-v2,make,903,243.31,243.52,unknown,0.19516807762177094,0.24516857480225357,0.8065307995547419,1730.548777225471,0.3634543172691179
Little_Chicago_s_Finest_-_My_Own,nvidia/canary-1b-v2,sure,904,243.52,243.79,unknown,0.21351655100782713,0.30079024185736974,0.7114344716072083,2550.2945944400194,0.4226144606868426
Little_Chicago_s_Finest_-_My_Own,nvidia/canary-1b-v2,you,905,243.79,243.97,unknown,0.25681387148797513,0.32448585890233517,0.8014813244342804,1547.2660286071564,0.337073540687561
Little_Chicago_s_Finest_-_My_Own,nvidia/canary-1b-v2,far,906,243.97,244.25,unknown,0.1840167017954011,0.2589741555913802,0.7644432071716555,1979.6238250936588,0.36073239147663116
Little_Chicago_s_Finest_-_My_Own,nvidia/canary-1b-v2,gone,907,244.25,244.97,unknown,0.318879143263285,0.40512425414262676,0.7946920555371505,1310.5864289490798,0.2989959586889316
Little_Chicago_s_Finest_-_My_Own,nvidia/canary-1b-v2,you,908,244.97,245.03,unknown,0.3074303311961038,0.34446583475385395,0.8998805284500122,1533.4443727055263,0.4011678397655487
Little_Chicago_s_Finest_-_My_Own,nvidia/canary-1b-v2,gone,909,245.03,245.41,unknown,0.3418657013348171,0.4690346856202398,0.7489217761017027,1404.2122431552953,0.2835287888135229
Little_Chicago_s_Finest_-_My_Own,nvidia/canary-1b-v2,just,910,245.41,245.56,unknown,0.24949086764279535,0.2938920127994874,0.8535710783565745,4028.4733015688885,0.5564039218075135
Little_Chicago_s_Finest_-_My_Own,nvidia/canary-1b-v2,know,911,245.56,245.66,unknown,0.47636896100911225,0.6341809847138145,0.7500470876693726,1032.1582231275795,0.21289041231979022
Little_Chicago_s_Finest_-_My_Own,nvidia/canary-1b-v2,you,912,245.66,245.89,unknown,0.548394765991431,0.6964865097632775,0.7899970824901874,974.5401181192896,0.17286084191157267
Little_Chicago_s_Finest_-_My_Own,nvidia/canary-1b-v2,ain't,913,245.89,246.09,unknown,0.44707526605237613,0.5725977163423192,0.8015558638355949,1263.6806345341909,0.2451888881623745
Little_Chicago_s_Finest_-_My_Own,nvidia/canary-1b-v2,gonna,914,246.09,246.32,unknown,0.41129012835713535,0.5127711553986256,0.8285569227658786,1234.9747603894384,0.25542198522732806
Little_Chicago_s_Finest_-_My_Own,nvidia/canary-1b-v2,take,915,246.32,246.51,unknown,0.2942984579574494,0.38858607979047866,0.76908749909628,2087.961096837912,0.3752505062591462
Little_Chicago_s_Finest_-_My_Own,nvidia/canary-1b-v2,none,916,246.51,246.77,unknown,0.36639851357402475,0.49125094814547177,0.7484352239247026,1370.1324568937446,0.27096536344495314
Little_Chicago_s_Finest_-_My_Own,nvidia/canary-1b-v2,for,917,246.77,246.88,unknown,0.14674839129050574,0.19080337757865587,0.7983135084311167,3020.779511868522,0.5715430956333876
Little_Chicago_s_Finest_-_My_Own,nvidia/canary-1b-v2,me,918,246.88,246.97,unknown,0.32984407110647723,0.44277989864349365,0.7442552068016746,1632.3179533607922,0.32704421200535516
Little_Chicago_s_Finest_-_My_Own,nvidia/canary-1b-v2,take,919,246.97,247.15,unknown,0.3566656865179539,0.4683720827102661,0.7705366045236588,1333.2088368295224,0.28534346371889113
Little_Chicago_s_Finest_-_My_Own,nvidia/canary-1b-v2,none,920,247.15,247.63,unknown,0.206150737662728,0.29405468272475094,0.7002816910927112,1671.5124123699934,0.31399555475665974
Little_Chicago_s_Finest_-_My_Own,nvidia/canary-1b-v2,cause,921,247.63,247.81,unknown,0.1759610985006605,0.23711823920408884,0.7416741024880182,3497.935029336482,0.5366624636309487
Little_Chicago_s_Finest_-_My_Own,nvidia/canary-1b-v2,i'm,922,247.81,248.04,unknown,0.3268975389003754,0.4540849512815475,0.7331641006469727,1177.9890499181008,0.2520857191085815
Little_Chicago_s_Finest_-_My_Own,nvidia/canary-1b-v2,good,923,248.04,248.32,unknown,0.26174069003712747,0.3424834347660503,0.9977338467874834,1258.256200773725,0.27710641343747416
Little_Chicago_s_Finest_-_My_Own,nvidia/canary-1b-v2,on,924,248.32,248.62,unknown,0.289824493003614,0.3965433200990612,0.9713069904934276,1325.4357063413697,0.3026074514244542
Little_Chicago_s_Finest_-_My_Own,nvidia/canary-1b-v2,my,925,248.62,248.84,unknown,0.290768760877351,0.4157264946649472,0.7086645662784576,1289.8390351224655,0.26776048851509887
Little_Chicago_s_Finest_-_My_Own,nvidia/canary-1b-v2,own,926,248.9,249.45,unknown,0.42803631356712113,0.5344495750584844,0.8151908062272153,1306.321717800714,0.2940651006617789
Little_Chicago_s_Finest_-_My_Own,nvidia/canary-1b-v2,my,927,249.45,249.59,unknown,0.34905000030994415,0.45214853063225746,0.7860128432512283,1522.207677167758,0.3400763887912035
Little_Chicago_s_Finest_-_My_Own,nvidia/canary-1b-v2,own,928,249.59,249.89,unknown,0.2519025071100755,0.3204944883332108,0.796450188665679,1194.3913423798208,0.25288814396569226
Little_Chicago_s_Finest_-_My_Own,nvidia/canary-1b-v2,cause,929,249.89,250.05,unknown,0.21397194893736587,0.26528660717763397,0.8061244236795526,3143.4940181945854,0.5531592651417381
Little_Chicago_s_Finest_-_My_Own,nvidia/canary-1b-v2,all,930,250.05,250.26,unknown,0.5604324703631194,0.7652078594850458,0.7373730980831644,1290.4479506259156,0.249156737457151
Little_Chicago_s_Finest_-_My_Own,nvidia/canary-1b-v2,them,931,250.26,250.55,unknown,0.4920756961219013,0.6823200348298997,0.7617047224193811,1103.3178561548705,0.2302005512174219
Little_Chicago_s_Finest_-_My_Own,nvidia/canary-1b-v2,things,932,250.55,250.76,unknown,0.39866085609664087,0.5428883219542711,0.7728563909945281,1880.5081634916826,0.40051581678183185
Little_Chicago_s_Finest_-_My_Own,nvidia/canary-1b-v2,you,933,250.76,250.82,unknown,0.4202643968164921,0.5846304669976234,0.7200306802988052,2360.094143255271,0.4966403916478157
Little_Chicago_s_Finest_-_My_Own,nvidia/canary-1b-v2,didn't,934,250.82,250.98,unknown,0.5587085899379518,0.7766012946764628,0.7185203863514794,1033.8294145517152,0.20272814668715
Little_Chicago_s_Finest_-_My_Own,nvidia/canary-1b-v2,done,935,250.98,251.26,unknown,0.4630176915276435,0.6209610493913773,0.7505046686818523,1098.640740624423,0.22138138283644954
Little_Chicago_s_Finest_-_My_Own,nvidia/canary-1b-v2,to,936,251.26,251.32,unknown,0.39460743750844685,0.5370793001992362,0.7434849483626229,1008.5843427330486,0.2103194913693837
Little_Chicago_s_Finest_-_My_Own,nvidia/canary-1b-v2,me,937,251.32,251.51,unknown,0.45822995333444505,0.6347827315330505,0.7231862828845069,1356.1445433983831,0.2952492648646945
Little_Chicago_s_Finest_-_My_Own,nvidia/canary-1b-v2,you,938,251.51,251.67,unknown,0.2833157637053066,0.35603535837597317,0.8041430082586076,1818.3842565273872,0.38855801191594863
Little_Chicago_s_Finest_-_My_Own,nvidia/canary-1b-v2,done,939,251.67,252.04,unknown,0.2811071745506147,0.39542374560018867,0.7132813843285165,1710.7219586629603,0.2685366552777407
Little_Chicago_s_Finest_-_My_Own,nvidia/canary-1b-v2,have,940,252.04,252.24,unknown,0.2080716687169942,0.26827216385440394,0.7860514900901101,1370.6635609310906,0.33247621018778195
Little_Chicago_s_Finest_-_My_Own,nvidia/canary-1b-v2,only,941,252.24,252.67,unknown,0.378018431206967,0.5097192265885941,0.7516973120100955,945.2390440175805,0.18578995954483113
Little_Chicago_s_Finest_-_My_Own,nvidia/canary-1b-v2,made,942,252.67,253.01,unknown,0.3403776195403692,0.474447931792285,0.7195837111086458,1338.1321416813698,0.2979223087832734
Little_Chicago_s_Finest_-_My_Own,nvidia/canary-1b-v2,me,943,253.01,253.2,unknown,0.2704595277706782,0.37446465378715876,0.7204454853421166,1221.0272881564663,0.2532636069116138
Little_Chicago_s_Finest_-_My_Own,nvidia/canary-1b-v2,strong,944,253.2,253.61,unknown,0.277823487834798,0.38355634059343074,0.7467509176996019,2447.7753987275646,0.4503428793615765
Little_Chicago_s_Finest_-_My_Own,nvidia/canary-1b-v2,me,945,253.61,253.87,unknown,0.3898377675434639,0.4587450900982166,0.8709132938549436,1978.9158795280453,0.38661663337000485
Little_Chicago_s_Finest_-_My_Own,nvidia/canary-1b-v2,strong,946,253.87,254.3,unknown,0.2477422095042594,0.311775174863795,0.8186545448100313,1381.8447990681889,0.30734955947449866
Little_Chicago_s_Finest_-_My_Own,nvidia/canary-1b-v2,this,947,254.3,254.47,unknown,0.25457862882237686,0.3515476521692778,0.7320759641496759,3601.3385240766474,0.4868631590353815
Little_Chicago_s_Finest_-_My_Own,nvidia/canary-1b-v2,life,948,254.47,254.71,unknown,0.3858288303017616,0.534423487605872,0.9126805641033031,1562.587723462617,0.33841909247416035
Little_Chicago_s_Finest_-_My_Own,nvidia/canary-1b-v2,they,949,254.71,254.92,unknown,0.3901684891594493,0.5480370976678703,0.8240034761636154,1725.9579852851195,0.36541916527177976
Little_Chicago_s_Finest_-_My_Own,nvidia/canary-1b-v2,gave,950,254.92,255.13,unknown,0.4011015785129174,0.47933265566825867,0.8270778992901677,1365.613959904893,0.286519098541011
Little_Chicago_s_Finest_-_My_Own,nvidia/canary-1b-v2,just,951,255.13,255.4,unknown,0.19687210731208324,0.2674347265313069,0.7537745932737986,3079.9635069977253,0.5202710390090942
Little_Chicago_s_Finest_-_My_Own,nvidia/canary-1b-v2,one,952,255.4,255.61,unknown,0.31688120185087126,0.4532804796472192,0.7113890275359154,1155.2615842621178,0.22886062320321798
Little_Chicago_s_Finest_-_My_Own,nvidia/canary-1b-v2,for,953,255.61,255.74,unknown,0.08571559962417398,0.10268332223807063,0.8252626359462738,3385.2560806576444,0.6414651498198509
Little_Chicago_s_Finest_-_My_Own,nvidia/canary-1b-v2,me,954,255.74,255.8,unknown,0.33048025146126747,0.4102357104420662,0.819510705769062,2051.1752699780122,0.38125848583877087
Little_Chicago_s_Finest_-_My_Own,nvidia/canary-1b-v2,just,955,255.8,256.12,unknown,0.2839378697531564,0.3552808144262859,0.813071358203888,1980.6772698119025,0.42097914900098526
Little_Chicago_s_Finest_-_My_Own,nvidia/canary-1b-v2,one,956,256.12,256.49,unknown,0.26443588342517615,0.3895854625850916,0.6820429474115371,1501.256147631309,0.23009898103773593
Little_Chicago_s_Finest_-_My_Own,nvidia/canary-1b-v2,so,957,256.49,256.71,unknown,0.22411515206098556,0.2929636424779892,0.7657145524024963,2969.9622184410655,0.39365201085805895
Little_Chicago_s_Finest_-_My_Own,nvidia/canary-1b-v2,i'm,958,256.71,256.92,unknown,0.2811374625434046,0.3551583918540374,0.7951397869897925,863.801284995704,0.16083340022874915
Little_Chicago_s_Finest_-_My_Own,nvidia/canary-1b-v2,gon,959,256.92,257.2,unknown,0.3408203653750881,0.42056463274263567,0.8113744604972101,857.5205836946759,0.1591978842212308
Little_Chicago_s_Finest_-_My_Own,nvidia/canary-1b-v2,live,960,257.2,257.4,unknown,0.33232675425030966,0.43733981251716614,0.7825127596204932,1410.4557487129653,0.3211153820157051
Little_Chicago_s_Finest_-_My_Own,nvidia/canary-1b-v2,it,961,257.4,257.56,unknown,0.24461555559384196,0.29794036165664073,0.8228628102101778,1378.4402020977714,0.31997566081975637
Little_Chicago_s_Finest_-_My_Own,nvidia/canary-1b-v2,long,962,257.56,257.81,unknown,0.4126396124009733,0.5214418316328967,0.7955615608780472,1134.8233114952689,0.24276648351439722
Little_Chicago_s_Finest_-_My_Own,nvidia/canary-1b-v2,my,963,257.81,257.87,unknown,0.40686431899666786,0.4673857241868973,0.8741739094257355,1235.3649625935623,0.2718186881393194
Little_Chicago_s_Finest_-_My_Own,nvidia/canary-1b-v2,own,964,257.87,258.72,unknown,0.2925923936642133,0.36348317105036515,0.8219474599911616,1239.0199147585736,0.2701704931128156
Little_Chicago_s_Finest_-_My_Own,nvidia/canary-1b-v2,long,965,258.72,259.23,unknown,0.15920280686779215,0.18187688184428094,1.178203477391175,1379.5041681468358,0.3273187982184546
Little_Chicago_s_Finest_-_My_Own,nvidia/canary-1b-v2,on,966,259.43,259.58,unknown,0.3164061930249719,0.3525807559490204,1.167020222719978,1393.5156196382902,0.3185492192997652
Little_Chicago_s_Finest_-_My_Own,nvidia/canary-1b-v2,my,967,259.58,259.83,unknown,0.24892920182485664,0.3321820018546922,0.7664705812931061,1471.3998142761152,0.32009342312812805
Little_Chicago_s_Finest_-_My_Own,nvidia/canary-1b-v2,own,968,259.86,260.24,unknown,0.20551759263546002,0.24942580001746736,0.8293661504257016,1181.1972563960294,0.2642668769126985
Little_Chicago_s_Finest_-_My_Own,nvidia/canary-1b-v2,my,969,260.24,260.46,unknown,0.16016018752008676,0.22476836286485194,0.7341262865066528,1951.8794260909076,0.3748561495542526
Little_Chicago_s_Finest_-_My_Own,nvidia/canary-1b-v2,own,970,260.57,260.89,unknown,0.1728209785052708,0.24679632144314903,0.7022603256361825,2174.3976853325075,0.3928322447197778
Little_Chicago_s_Finest_-_My_Own,nvidia/canary-1b-v2,so,971,260.89,261.01,unknown,0.24321575143507548,0.32168486395052504,0.7561989298888615,2999.493672303163,0.449327818517174
Little_Chicago_s_Finest_-_My_Own,nvidia/canary-1b-v2,i'm,972,261.01,261.13,unknown,0.29290521717988527,0.3774106479608096,0.7792688745718735,839.6151221244083,0.17498085647821426
Little_Chicago_s_Finest_-_My_Own,nvidia/canary-1b-v2,gon,973,261.13,261.67,unknown,0.34947993290626395,0.4236041423627886,0.8407695404553818,1005.111482675938,0.1978260473174564
Little_Chicago_s_Finest_-_My_Own,nvidia/canary-1b-v2,live,974,261.67,261.94,unknown,0.2458171213666598,0.3325760116179784,0.7540320614973705,1601.4695171700796,0.37027327716350555
Little_Chicago_s_Finest_-_My_Own,nvidia/canary-1b-v2,it,975,261.94,261.98,unknown,0.28195992708206175,0.3458137333393097,0.8152817845344543,1284.5404651756473,0.27615031599998474
Little_Chicago_s_Finest_-_My_Own,nvidia/canary-1b-v2,long,976,261.98,262.25,unknown,0.30094574640194577,0.3719179774324099,0.8068519552548726,1108.7654763214618,0.23309941589832306
Little_Chicago_s_Finest_-_My_Own,nvidia/canary-1b-v2,my,977,262.25,262.32,unknown,0.3663026914000511,0.4470214247703552,0.8215350955724716,1150.3816945242766,0.2539249286055565
Little_Chicago_s_Finest_-_My_Own,nvidia/canary-1b-v2,own,978,262.32,263.18,unknown,0.311714395239789,0.3730210447183219,0.8448751248339171,1274.2263135336955,0.2811657432266461
Little_Chicago_s_Finest_-_My_Own,nvidia/canary-1b-v2,long,979,263.18,263.63,unknown,0.20603449692075348,0.23389524079821244,1.101780191976197,1233.5967068883388,0.2875310739084166
Little_Chicago_s_Finest_-_My_Own,nvidia/canary-1b-v2,on,980,263.85,264.02,unknown,0.3356865922871389,0.3723932959531483,0.9397472645107069,1300.3598196965552,0.2856397126850329
Little_Chicago_s_Finest_-_My_Own,nvidia/canary-1b-v2,my,981,264.02,264.27,unknown,0.25757614902600096,0.33266598841658346,0.7897665103276571,1490.3814765944264,0.31782099163090743
Little_Chicago_s_Finest_-_My_Own,nvidia/canary-1b-v2,own,982,264.32,264.71,unknown,0.2033525781617278,0.24116312854346775,0.8416902749311357,1134.5652590292382,0.2602495526274045
Little_Chicago_s_Finest_-_My_Own,nvidia/canary-1b-v2,my,983,264.71,264.9,unknown,0.1330677927249954,0.19166956061408633,0.7247805169650486,1727.137858961157,0.31417528220585417
Little_Chicago_s_Finest_-_My_Own,nvidia/canary-1b-v2,own,984,265.0,265.31,unknown,0.1818996431196437,0.2557495775468209,0.7234465409727657,1812.6341668334817,0.3256704395308214
Little_Chicago_s_Finest_-_My_Own,nvidia/canary-1b-v2,so,985,265.31,265.6,unknown,0.23867024341598153,0.3305847733281553,0.7211172878742218,2449.23973563229,0.37846350227482617
Little_Chicago_s_Finest_-_My_Own,nvidia/canary-1b-v2,i'm,986,265.6,265.83,unknown,0.3567916120474155,0.5123296746840844,0.6979422729748946,1259.1811421138952,0.2526685125552691
Little_Chicago_s_Finest_-_My_Own,nvidia/canary-1b-v2,gon,987,265.83,266.12,unknown,0.28274664329364896,0.39130567014217377,0.7281655389815569,1287.8544154607514,0.2671726015396416
Little_Chicago_s_Finest_-_My_Own,nvidia/canary-1b-v2,live,988,266.12,266.4,unknown,0.21295196836193403,0.2988717439273993,0.7260179022947947,1748.9101685772705,0.404598069190979
Little_Chicago_s_Finest_-_My_Own,nvidia/canary-1b-v2,it,989,266.4,266.47,unknown,0.16860101951493156,0.22057349483172098,0.7633317708969116,1356.0081424885402,0.2907697359720866
Little_Chicago_s_Finest_-_My_Own,nvidia/canary-1b-v2,long,990,266.47,266.67,unknown,0.3383645151149143,0.4621966521848332,0.7369837137785825,1257.2005607975746,0.28345835412090475
Little_Chicago_s_Finest_-_My_Own,nvidia/canary-1b-v2,my,991,266.67,266.73,unknown,0.34166496247053146,0.456735759973526,0.7464828044176102,1282.450665427522,0.2832032721489668
Little_Chicago_s_Finest_-_My_Own,nvidia/canary-1b-v2,own,992,266.73,267.66,unknown,0.319205520004034,0.3969393488764763,0.8135657060146332,1273.1015631682728,0.2801291337609291
Little_Chicago_s_Finest_-_My_Own,nvidia/canary-1b-v2,long,993,267.66,268.24,unknown,0.14593956819070236,0.16730723948410106,0.9387214779853821,1386.1293199168674,0.3434732324547238
Little_Chicago_s_Finest_-_My_Own,nvidia/canary-1b-v2,on,994,268.31,268.46,unknown,0.2885771840810776,0.3000260523027357,1.7744167096474592,1267.2731151257874,0.2766472793677274
Little_Chicago_s_Finest_-_My_Own,nvidia/canary-1b-v2,my,995,268.46,268.73,unknown,0.24169751474012932,0.30431903183149794,0.8368654787540436,1447.1819000758974,0.3152915894985199
Little_Chicago_s_Finest_-_My_Own,nvidia/canary-1b-v2,own,996,268.77,269.12,unknown,0.15164803231182772,0.17463714352402931,0.8747576016646165,1171.689321687476,0.26837670459197116
Little_Chicago_s_Finest_-_My_Own,nvidia/canary-1b-v2,my,997,269.12,269.32,unknown,0.15157679506492885,0.2006506285291504,0.7879005182873119,1957.7445775023095,0.34795780208977783
Little_Chicago_s_Finest_-_My_Own,nvidia/canary-1b-v2,own,998,269.39,269.76,unknown,0.16805000276100346,0.22497790472627413,0.7631898682291914,2037.0225855975448,0.3758358461100881
Little_Chicago_s_Finest_-_My_Own,nvidia/canary-1b-v2,so,999,269.76,270.04,unknown,0.3869787935287722,0.32386736667925314,1.1277265683297188,2711.7678264011724,0.43925918013818804
Little_Chicago_s_Finest_-_My_Own,nvidia/canary-1b-v2,i'm,1000,270.04,270.28,unknown,0.3164432564607033,0.40536354596798235,0.7824938641144679,1242.973592483158,0.2574723970431548
Little_Chicago_s_Finest_-_My_Own,nvidia/canary-1b-v2,gon,1001,270.28,270.57,unknown,0.31880235066637397,0.3926924830302596,0.807698231190443,1219.7937767958288,0.27511609392240644
Little_Chicago_s_Finest_-_My_Own,nvidia/canary-1b-v2,live,1002,270.57,270.84,unknown,0.20314471398790676,0.2598572681347529,0.8175397892793019,1839.1772749100294,0.4306556115547816
Little_Chicago_s_Finest_-_My_Own,nvidia/canary-1b-v2,it,1003,270.84,270.91,unknown,0.2075057460202111,0.28718499342600506,0.7197646962271796,1759.793745709066,0.4307978351910909
Little_Chicago_s_Finest_-_My_Own,nvidia/canary-1b-v2,long,1004,270.91,271.41,unknown,0.17234072190950867,0.23229030359969885,83.826743333428,1994.9277812728947,0.40079782130541625
Louis_Cressy_Band_-_Good_Time,nvidia/canary-1b-v2,i,0,42.22,42.51,correct,0.21657057898119092,0.5571551476605237,0.7928062612190843,1723.481076201775,0.3875797144137323
Louis_Cressy_Band_-_Good_Time,nvidia/canary-1b-v2,was,1,42.51,42.78,correct,0.22567023634910582,0.5003430793682734,0.5026750773191452,1310.417739732135,0.28286155785123507
Louis_Cressy_Band_-_Good_Time,nvidia/canary-1b-v2,hanging,2,42.78,43.41,correct,0.29739699468893166,0.7551586566602483,0.4067981142331572,2479.4278802605563,0.5501634640728726
Louis_Cressy_Band_-_Good_Time,nvidia/canary-1b-v2,out,3,43.41,44.32,substitution,0.21705038997591758,0.38050032585707244,0.859387246169606,2159.579496971913,0.5033890340401201
Louis_Cressy_Band_-_Good_Time,nvidia/canary-1b-v2,with,4,44.87,45.01,correct,0.2957635270431638,0.7733201240189373,0.6092969062738121,2426.8353788462887,0.6181943286210299
Louis_Cressy_Band_-_Good_Time,nvidia/canary-1b-v2,some,5,45.01,45.41,correct,0.13600811526872392,0.6828473951927451,0.20483599066041236,2171.9241308310984,0.48305248382479643
Louis_Cressy_Band_-_Good_Time,nvidia/canary-1b-v2,friends,6,45.41,45.89,correct,0.19546451749136814,0.6565099037610568,0.3203444913602792,1905.0719259448622,0.4551065896566098
Louis_Cressy_Band_-_Good_Time,nvidia/canary-1b-v2,of,7,45.89,45.97,substitution,0.2698147609829903,0.6668856829404831,0.4059266597032547,1266.7198256785891,0.26990036219358443
Louis_Cressy_Band_-_Good_Time,nvidia/canary-1b-v2,mine,8,45.97,46.99,correct,0.2008432619188997,0.6619696188675748,0.48417354158379816,1858.6097860137784,0.4317819291895086
Louis_Cressy_Band_-_Good_Time,nvidia/canary-1b-v2,down,9,47.47,47.88,substitution,0.2540104041496913,0.7430825650691986,0.37993429899215697,1773.3142852217966,0.3959858705600103
Louis_Cressy_Band_-_Good_Time,nvidia/canary-1b-v2,in,10,47.88,48.05,correct,0.259534342508567,0.667479323713403,0.39489926789936264,1662.0809249649683,0.30697686499670934
Louis_Cressy_Band_-_Good_Time,nvidia/canary-1b-v2,hollywood,11,48.05,49.18,substitution,0.20285791906812958,0.8419209130046782,0.25722172129745324,2046.4091749266813,0.4588814440591276
Louis_Cressy_Band_-_Good_Time,nvidia/canary-1b-v2,just,12,49.18,49.52,correct,0.16897719431864588,0.24146167110455663,0.9117068366000527,2001.6479928529,0.4188026456456435
Louis_Cressy_Band_-_Good_Time,nvidia/canary-1b-v2,wasting,13,50.45,50.83,correct,0.17361396387582873,0.5215018442491206,0.3669568387473502,1723.162041913809,0.4200692224066432
Louis_Cressy_Band_-_Good_Time,nvidia/canary-1b-v2,time,14,50.83,50.96,substitution,0.2152528276046117,0.6811578313509623,0.3278481940428416,1469.0294090991965,0.32188306053479515
Louis_Cressy_Band_-_Good_Time,nvidia/canary-1b-v2,i,15,51.16,51.22,correct,0.14011005205767496,0.7351260951587132,0.1969230973294803,1603.086534245754,0.3669134761605944
Louis_Cressy_Band_-_Good_Time,nvidia/canary-1b-v2,knew,16,51.22,51.37,correct,0.1695132794625619,0.6107806949054494,0.3172760386677349,1582.575169140453,0.3828410664025475
Louis_Cressy_Band_-_Good_Time,nvidia/canary-1b-v2,right,17,51.46,52.55,correct,0.20534229098667955,0.5409041688355625,0.5487946201529768,2085.2512168842954,0.49286720105725473
Louis_Cressy_Band_-_Good_Time,nvidia/canary-1b-v2,then,18,52.99,53.59,substitution,0.273012527021078,0.6900564562815886,0.4405421101129972,1642.2773392440936,0.34980967801350815
Louis_Cressy_Band_-_Good_Time,nvidia/canary-1b-v2,nobody,19,53.59,54.06,substitution,0.3125289563162654,0.7542886728165197,0.5885730561088113,1682.0428700898537,0.3103816892002143
Louis_Cressy_Band_-_Good_Time,nvidia/canary-1b-v2,could,20,54.06,54.61,correct,0.17422507535666226,0.7749848352124293,0.3385331618289153,2055.4269481524107,0.4540951651831468
Louis_Cressy_Band_-_Good_Time,nvidia/canary-1b-v2,get,21,54.61,55.07,substitution,0.1614322129637003,0.23535992963705213,1.1077824801206588,1725.5144142045074,0.37864452570676804
Louis_Cressy_Band_-_Good_Time,nvidia/canary-1b-v2,me,22,55.07,55.2,substitution,0.2141086945931117,0.4054358164469401,0.5381312171618143,1026.2055156186855,0.2269687275091807
Louis_Cressy_Band_-_Good_Time,nvidia/canary-1b-v2,down,23,55.37,55.7,correct,0.18268034814132583,0.6566738808113668,0.38692699890169835,1911.0158403208266,0.47984834760427475
Louis_Cressy_Band_-_Good_Time,nvidia/canary-1b-v2,cause,24,55.7,55.79,correct,0.09423854686319828,0.3215639550238848,0.4343691483139992,2019.660286114929,0.5030703395605087
Louis_Cressy_Band_-_Good_Time,nvidia/canary-1b-v2,as,25,55.79,55.93,substitution,0.14652847265824676,0.736522139981389,0.22634967416524887,1014.0055696619515,0.23862481489777565
Louis_Cressy_Band_-_Good_Time,nvidia/canary-1b-v2,i,26,56.09,56.12,correct,0.17531481981277466,1.1508105993270874,0.15310724079608917,1609.7153297817556,0.3879032790660858
Louis_Cressy_Band_-_Good_Time,nvidia/canary-1b-v2,take,27,56.12,56.26,correct,0.08544132695533335,0.3434172762790695,0.552998673170805,1503.2472789223548,0.3485790938138962
Louis_Cressy_Band_-_Good_Time,nvidia/canary-1b-v2,myself,28,56.26,56.6,correct,0.17450447944370476,0.48286448499640905,0.40001707020643595,2215.747004299955,0.46583891237104263
Louis_Cressy_Band_-_Good_Time,nvidia/canary-1b-v2,out,29,56.6,57.09,correct,0.18590363382168537,1.0886354024680156,0.1728762871814224,2132.8908111152678,0.5105141609344842
Louis_Cressy_Band_-_Good_Time,nvidia/canary-1b-v2,on,30,57.09,57.38,substitution,0.12571164348628372,0.2298530408879742,0.6985839447006583,1786.6086675057081,0.4248368078842759
Louis_Cressy_Band_-_Good_Time,nvidia/canary-1b-v2,the,31,58.0,59.8,correct,0.24391020238013464,0.5453813795092,1.0915535647093941,2558.728958675934,0.505533592688605
Louis_Cressy_Band_-_Good_Time,nvidia/canary-1b-v2,town,32,59.83,60.17,correct,0.10211885396979357,0.10594959635483592,1.0458256288578636,1814.0697870401636,0.43931848359735387
Louis_Cressy_Band_-_Good_Time,nvidia/canary-1b-v2,we're,33,60.78,60.91,correct,0.11965536574522655,0.3088477766762177,0.6448553542296092,2196.148758823527,0.5655190626780192
Louis_Cressy_Band_-_Good_Time,nvidia/canary-1b-v2,gonna,34,60.96,61.8,correct,0.14060414503845903,0.6135771847433514,0.27786207505398325,1575.231886386389,0.3687866500682301
Louis_Cressy_Band_-_Good_Time,nvidia/canary-1b-v2,have,35,61.89,62.61,correct,0.20377019229225624,0.6326283916639976,0.41921260207891464,2310.4819925122188,0.5423217996572837
Louis_Cressy_Band_-_Good_Time,nvidia/canary-1b-v2,a,36,62.69,63.95,correct,0.2057856343933107,0.48145729013177674,1.5381905752069809,2303.1508855154107,0.4967004573520492
Louis_Cressy_Band_-_Good_Time,nvidia/canary-1b-v2,good,37,63.98,64.25,correct,0.2158591811855634,0.5826104233662287,0.5885795429348946,2919.861382326421,0.6273841301600138
Louis_Cressy_Band_-_Good_Time,nvidia/canary-1b-v2,time,38,64.25,65.36,correct,0.28046193706388234,0.6271039573084406,0.4920630849459592,2218.464045680961,0.4466392084830949
Louis_Cressy_Band_-_Good_Time,nvidia/canary-1b-v2,i,39,65.36,65.71,substitution,0.19248754187272146,0.3929053319570346,0.524195230160004,2179.10631196967,0.4323226266946548
Louis_Cressy_Band_-_Good_Time,nvidia/canary-1b-v2,didn't,40,68.53,69.18,substitution,0.2109519672435774,0.7319958801840393,0.37693538537747423,2144.3456045674243,0.5284472393317962
Louis_Cressy_Band_-_Good_Time,nvidia/canary-1b-v2,think,41,69.18,69.33,substitution,0.24198158961885116,0.36280130989411297,0.7501113099210402,2439.1188825081676,0.5829993872081533
Louis_Cressy_Band_-_Good_Time,nvidia/canary-1b-v2,it,42,69.33,69.56,correct,0.18751319676637648,0.7176185230910778,0.3903864175081253,2553.0176930618163,0.5907254540920257
Louis_Cressy_Band_-_Good_Time,nvidia/canary-1b-v2,could,43,69.56,71.15,substitution,0.2012207713958464,0.5312616747003376,0.5440238291582866,1833.578853767861,0.42757152508922486
Louis_Cressy_Band_-_Good_Time,nvidia/canary-1b-v2,get,44,73.59,73.69,substitution,0.03668502966562907,0.010205554113781545,27.58663283785184,4074.8111176762645,0.7240261683861414
Louis_Cressy_Band_-_Good_Time,nvidia/canary-1b-v2,much,45,73.94,74.03,correct,0.13219137422063135,0.15419830398803408,2.5445485548539595,2433.475867849665,0.6161526875062422
Louis_Cressy_Band_-_Good_Time,nvidia/canary-1b-v2,better,46,74.03,74.44,substitution,0.29971470352676177,0.8656348513853219,0.5821803030040529,3228.220181137624,0.5796224508020613
Louis_Cressy_Band_-_Good_Time,nvidia/canary-1b-v2,then,47,74.44,74.74,substitution,0.2912935582977353,0.9186840066404054,0.3868979500098662,4516.214979341443,0.6725165807839596
Louis_Cressy_Band_-_Good_Time,nvidia/canary-1b-v2,this,48,74.74,75.04,correct,0.26166916661190265,0.7765117996569836,0.46378022612947406,4802.208994496506,0.6490182081858317
Louis_Cressy_Band_-_Good_Time,nvidia/canary-1b-v2,and,49,75.04,75.69,correct,0.332716584524938,0.9848410399896758,0.6871350712009838,3927.658679241469,0.5628459645169122
Louis_Cressy_Band_-_Good_Time,nvidia/canary-1b-v2,then,50,75.69,75.88,substitution,0.19860136544420606,0.26128407807222437,2.0234087663037434,4192.848741737499,0.7059407347724551
Louis_Cressy_Band_-_Good_Time,nvidia/canary-1b-v2,charlie,51,76.52,77.01,correct,0.2829038769287883,0.6702523840204725,0.4702053227514591,1885.3304043157364,0.38371203952240496
Louis_Cressy_Band_-_Good_Time,nvidia/canary-1b-v2,said,52,77.01,77.2,correct,0.2215153911993617,0.4882146396807262,0.5171223474400384,2648.6740204164794,0.5623434753645034
Louis_Cressy_Band_-_Good_Time,nvidia/canary-1b-v2,i,53,77.2,77.36,correct,0.2601608965131972,0.7401390622059504,0.3553455455435647,2403.126732893836,0.514445424079895
Louis_Cressy_Band_-_Good_Time,nvidia/canary-1b-v2,know,54,77.36,77.76,correct,0.1527768254957416,0.5324251465499401,0.3201189244335348,2179.096930685273,0.505821128460494
Louis_Cressy_Band_-_Good_Time,nvidia/canary-1b-v2,a,55,77.76,77.79,substitution,0.6029102317988873,0.8687784522771835,0.7440397217869759,1932.5299383336735,0.47615978866815567
Louis_Cressy_Band_-_Good_Time,nvidia/canary-1b-v2,place,56,77.79,78.07,correct,0.2078165647483641,0.738700037041018,0.3132167513812742,3660.476895670299,0.7159140898335364
Louis_Cressy_Band_-_Good_Time,nvidia/canary-1b-v2,and,57,78.07,78.3,correct,0.15815608948469162,0.29528576651444804,0.5605298544351871,2046.4526689708991,0.5061823886174422
Louis_Cressy_Band_-_Good_Time,nvidia/canary-1b-v2,so,58,78.3,78.54,correct,0.10525019223300311,0.15992737246247438,0.880200092609112,2668.041612012452,0.6391532512811514
Louis_Cressy_Band_-_Good_Time,nvidia/canary-1b-v2,i,59,79.13,79.31,correct,0.1804572744295001,0.27320952862501147,0.9083338484168053,2612.5876685925296,0.6614562094211578
Louis_Cressy_Band_-_Good_Time,nvidia/canary-1b-v2,went,60,79.37,79.51,correct,0.15877655474469066,0.7289115022867918,0.2259952314198017,1220.430308383069,0.31068744137883186
Louis_Cressy_Band_-_Good_Time,nvidia/canary-1b-v2,inside,61,79.51,80.13,correct,0.1737177251323835,0.7148027086435859,0.25401248938556925,1798.7640375560534,0.4114777721575837
Louis_Cressy_Band_-_Good_Time,nvidia/canary-1b-v2,that's,62,80.13,80.35,correct,0.12062973125527303,0.9494959662357966,0.14676319202408195,2991.695684615856,0.6292938714226087
Louis_Cressy_Band_-_Good_Time,nvidia/canary-1b-v2,when,63,80.35,80.95,correct,0.2634058207273483,0.7742065798777801,0.37931267813994335,1970.4043575565045,0.4705791271649874
Louis_Cressy_Band_-_Good_Time,nvidia/canary-1b-v2,i,64,80.95,81.07,correct,0.27252241543361116,0.6877298461539405,0.4101103948695319,1859.4606323930905,0.3978204301425389
Louis_Cressy_Band_-_Good_Time,nvidia/canary-1b-v2,saw,65,81.07,81.13,substitution,0.3005514677081789,0.5154851462159838,0.5849009496825082,2601.6966223537615,0.617240594966071
Louis_Cressy_Band_-_Good_Time,nvidia/canary-1b-v2,her,66,81.13,81.35,substitution,0.13066092014312744,0.13338717478327453,4.367345405817032,2638.6030906705632,0.5910515093803406
Louis_Cressy_Band_-_Good_Time,nvidia/canary-1b-v2,face,67,81.76,81.95,deletion,0.15207105094478243,0.20942352747633344,1.2437213176772708,2819.677742268433,0.6771741963568187
Louis_Cressy_Band_-_Good_Time,nvidia/canary-1b-v2,and,68,81.99,82.88,correct,0.20141023298492655,0.6595707199303433,0.3626969597923259,1901.545423827569,0.4384872205555439
Louis_Cressy_Band_-_Good_Time,nvidia/canary-1b-v2,then,69,82.88,84.24,correct,0.19455318825242862,0.48073456828699335,0.9135079594099358,2168.060688632439,0.4908179104940532
Louis_Cressy_Band_-_Good_Time,nvidia/canary-1b-v2,i,70,84.43,84.6,correct,0.20438167099889956,0.456128453737811,0.5705776873387789,2633.1850237896024,0.6619655082100316
Louis_Cressy_Band_-_Good_Time,nvidia/canary-1b-v2,knew,71,84.77,84.84,substitution,0.11566942557692528,1.0757393464446068,0.11312298849225044,1852.7902453089978,0.4340609312057495
Louis_Cressy_Band_-_Good_Time,nvidia/canary-1b-v2,i,72,84.84,85.37,substitution,0.1749604277569672,1.096241139132401,0.16512141396002522,2432.3562033872,0.49975905284799377
Louis_Cressy_Band_-_Good_Time,nvidia/canary-1b-v2,was,73,85.37,85.59,correct,0.15984611896177134,0.7215248371164004,0.22343041965117058,3416.961621147333,0.7129297132293383
Louis_Cressy_Band_-_Good_Time,nvidia/canary-1b-v2,gonna,74,85.59,86.18,correct,0.22173033887520432,1.0321623724885285,0.2619372504414059,2179.839036270509,0.5024438905529678
Louis_Cressy_Band_-_Good_Time,nvidia/canary-1b-v2,have,75,86.18,86.37,correct,0.1421533670453798,0.2679391855019189,2.1617866030761173,2289.5623793973405,0.5149216183594295
Louis_Cressy_Band_-_Good_Time,nvidia/canary-1b-v2,a,76,86.69,86.75,substitution,0.15783073566854,0.5135607561096549,0.5033719819039106,2646.0099493907765,0.610807940363884
Louis_Cressy_Band_-_Good_Time,nvidia/canary-1b-v2,good,77,86.75,86.85,deletion,0.1157166903669184,0.4115538117899136,0.5936449495228854,2956.1969870267794,0.6421466415578668
Louis_Cressy_Band_-_Good_Time,nvidia/canary-1b-v2,time,78,86.85,87.08,deletion,0.24915446455662066,0.6491578209858674,0.5247784385887476,3030.066216719238,0.6415256880796872
Louis_Cressy_Band_-_Good_Time,nvidia/canary-1b-v2,yeah,79,87.08,87.54,deletion,0.15643588542938233,0.8213380241394043,0.22278157979249955,2025.894928005145,0.46762923419475555
Louis_Cressy_Band_-_Good_Time,nvidia/canary-1b-v2,we're,80,87.7,87.76,deletion,0.23663749918341637,0.7783666029572487,0.3552645109593868,2815.2842757534067,0.5758862607181072
Louis_Cressy_Band_-_Good_Time,nvidia/canary-1b-v2,gonna,81,87.76,87.99,correct,0.22978586614131927,0.786133496761322,0.3182417964935303,2259.0439145243045,0.47653584599494936
Louis_Cressy_Band_-_Good_Time,nvidia/canary-1b-v2,have,82,87.99,88.25,correct,0.1814142964009581,0.4479813067049816,0.45472239831398276,2932.6291532787673,0.6264103671600079
Louis_Cressy_Band_-_Good_Time,nvidia/canary-1b-v2,a,83,88.25,88.71,correct,0.2503100535273552,0.5174090853333473,0.5262044495344163,2095.9939302461216,0.48733864963054657
Louis_Cressy_Band_-_Good_Time,nvidia/canary-1b-v2,good,84,88.71,88.87,correct,0.08411366389029556,0.12311241403222084,0.7740990320841471,2315.74672140624,0.48246756196022034
Louis_Cressy_Band_-_Good_Time,nvidia/canary-1b-v2,time,85,89.1,89.22,substitution,0.03630867573831763,0.03140965310324516,1.2033566960266657,3151.755284943622,0.6195182374545506
Louis_Cressy_Band_-_Good_Time,nvidia/canary-1b-v2,we're,86,89.85,89.99,correct,0.11043292516842484,0.7437296477146447,0.2498255828395486,1704.7680191653185,0.4313476886600256
Louis_Cressy_Band_-_Good_Time,nvidia/canary-1b-v2,gonna,87,89.99,90.23,correct,0.06800883628979877,0.8507546219560835,0.0805136936682242,1756.371904917312,0.4273566725077452
Louis_Cressy_Band_-_Good_Time,nvidia/canary-1b-v2,have,88,90.23,90.33,correct,0.1885908544063568,0.5448596216738224,0.42013017398615676,2522.5353736615893,0.623684232433637
Louis_Cressy_Band_-_Good_Time,nvidia/canary-1b-v2,a,89,90.33,90.36,substitution,0.18501033633947372,1.053626611828804,0.17867594584822655,2270.990630676676,0.4934166297316551
Louis_Cressy_Band_-_Good_Time,nvidia/canary-1b-v2,good,90,90.36,90.51,correct,0.13640702559667475,0.9578940605416018,0.17532164471990921,2104.406476825948,0.4353011346915189
Louis_Cressy_Band_-_Good_Time,nvidia/canary-1b-v2,time,91,90.51,90.84,correct,0.10643711365345451,1.2048438125186496,0.09605245240446594,1968.0321046867948,0.43105895817279816
Louis_Cressy_Band_-_Good_Time,nvidia/canary-1b-v2,yeah,92,90.84,90.91,correct,0.2227181742588679,1.0321664214134216,0.22008954402473238,1778.9238023610383,0.39745695723427665
Louis_Cressy_Band_-_Good_Time,nvidia/canary-1b-v2,who,93,90.91,91.42,substitution,0.16525832482359626,0.6738964614543048,0.2602240581404079,2664.3065026983586,0.5895592987537384
Louis_Cressy_Band_-_Good_Time,nvidia/canary-1b-v2,playing,94,91.42,91.63,substitution,0.17683706562156262,0.41331359646890475,0.6695392021666402,2274.0736779536173,0.5341098425181016
Louis_Cressy_Band_-_Good_Time,nvidia/canary-1b-v2,now,95,91.96,92.2,substitution,0.1973387788121517,0.5095828135426228,0.5603968638640183,2318.1976210935363,0.5195754158955354
Louis_Cressy_Band_-_Good_Time,nvidia/canary-1b-v2,she,96,92.2,92.35,substitution,0.6121300713104361,0.6578933281057021,1.349230911801843,2460.7620533773857,0.5867481161566341
Louis_Cressy_Band_-_Good_Time,nvidia/canary-1b-v2,was,97,92.35,92.83,substitution,0.1643567459227947,1.0582461964625578,0.1803160967448583,2662.217514653078,0.5966165077227813
Louis_Cressy_Band_-_Good_Time,nvidia/canary-1b-v2,the,98,92.83,96.9,substitution,0.27416585881365546,0.7907609297811703,1.1781956974861272,3246.243756294299,0.5914466332541694
Louis_Cressy_Band_-_Good_Time,nvidia/canary-1b-v2,finest,99,97.06,97.43,substitution,0.14973135804757476,0.14843089010100813,1.3346262767910957,2829.7856860720285,0.6766880139708519
Louis_Cressy_Band_-_Good_Time,nvidia/canary-1b-v2,thing,100,97.43,97.57,substitution,0.32519181445240974,0.3163750390522182,1.432480376213789,1780.7777964658605,0.45382068306207657
Louis_Cressy_Band_-_Good_Time,nvidia/canary-1b-v2,that,101,97.57,97.82,substitution,0.4715081314955439,0.6427126186234611,0.7627449993576322,1775.0782870715668,0.3903574932898794
Louis_Cressy_Band_-_Good_Time,nvidia/canary-1b-v2,i,102,97.82,98.0,substitution,0.5775537863373756,0.9200855672359467,0.6343407586216927,2052.6302933509915,0.5041673988103866
Louis_Cressy_Band_-_Good_Time,nvidia/canary-1b-v2,ever,103,98.0,98.16,substitution,0.4712405850489934,0.6293254113859601,0.9693247328201929,1544.9691172192547,0.331532037920422
Louis_Cressy_Band_-_Good_Time,nvidia/canary-1b-v2,did,104,98.16,98.46,substitution,0.3544383015144955,0.4990669409885551,0.9412491845362114,2501.133694095842,0.5570947040211071
Louis_Cressy_Band_-_Good_Time,nvidia/canary-1b-v2,see,105,98.46,98.63,substitution,0.2647773403870432,0.6702717683817211,0.4129774782218431,3576.471752528393,0.7185302282634535
Louis_Cressy_Band_-_Good_Time,nvidia/canary-1b-v2,i,106,98.63,99.81,substitution,0.30178727725828725,0.5867576798585457,0.5559725105527817,1852.484052873077,0.4383547958426588
Louis_Cressy_Band_-_Good_Time,nvidia/canary-1b-v2,walked,107,99.81,100.06,substitution,0.18300234672746488,0.21761999971100263,0.8528948277235031,1216.8576636254033,0.2933331014854567
Louis_Cressy_Band_-_Good_Time,nvidia/canary-1b-v2,over,108,102.33,102.43,substitution,0.04331722245974974,0.011860722337256779,3.9710546840320933,3029.411992058628,0.7279962788928639
Louis_Cressy_Band_-_Good_Time,nvidia/canary-1b-v2,to,109,102.75,102.83,substitution,0.37533536222245956,0.4031924423244264,1.2148623731401231,2247.3287428370136,0.5648171868589189
Louis_Cressy_Band_-_Good_Time,nvidia/canary-1b-v2,her,110,102.83,103.47,substitution,0.41506460740946344,0.9967377043288687,0.4684100978184437,2636.5701579995257,0.5775737693344337
Louis_Cressy_Band_-_Good_Time,nvidia/canary-1b-v2,just,111,103.47,103.89,substitution,0.37955017582229944,0.802391250172387,0.577184361608132,3799.3073340064225,0.7166167082993881
Louis_Cressy_Band_-_Good_Time,nvidia/canary-1b-v2,begging,112,103.89,105.73,substitution,0.32132159460922183,1.402506055565655,0.23589389048857132,2931.3509458259446,0.5736867771838522
Louis_Cressy_Band_-_Good_Time,nvidia/canary-1b-v2,her,113,105.73,107.65,substitution,0.23493169340332157,0.5459232006845905,0.6963641319460082,2109.969342551614,0.45257722246415405
Louis_Cressy_Band_-_Good_Time,nvidia/canary-1b-v2,please,114,108.1,108.66,substitution,0.391937430764808,0.7095705164504833,0.7031104569552374,1900.1544764997805,0.3937747986590276
Louis_Cressy_Band_-_Good_Time,nvidia/canary-1b-v2,you,115,108.66,108.73,substitution,0.28674085065722466,0.38316319324076176,0.8600281551480293,1741.4322052761277,0.39724551513791084
Louis_Cressy_Band_-_Good_Time,nvidia/canary-1b-v2,wanna,116,109.13,109.85,substitution,0.29537801425426435,0.6966099055149616,0.43545589596033096,2195.7577893811294,0.5229503776018436
Louis_Cressy_Band_-_Good_Time,nvidia/canary-1b-v2,know,117,109.85,110.3,substitution,0.275413235535427,0.3688353236232485,0.7802426888018238,1628.0224032196663,0.37222626075452686
Louis_Cressy_Band_-_Good_Time,nvidia/canary-1b-v2,what,118,110.3,110.88,correct,0.17682982543631207,0.21382233085081218,2.37310463237384,1977.8823067708531,0.4732072769649445
Louis_Cressy_Band_-_Good_Time,nvidia/canary-1b-v2,she,119,133.73,134.73,substitution,0.38381082123076476,0.6379845814296493,0.637479680141917,1958.1888222181317,0.3883283265210964
Louis_Cressy_Band_-_Good_Time,nvidia/canary-1b-v2,said,120,134.78,135.85,substitution,0.3799895318629949,0.6141520886641482,0.8014575666707495,2510.3314727260695,0.4750061610470647
Louis_Cressy_Band_-_Good_Time,nvidia/canary-1b-v2,she,121,176.57,177.23,substitution,0.3479664065468479,0.8466376276083396,0.4224792823825084,2829.830418159246,0.5081483369142237
Louis_Cressy_Band_-_Good_Time,nvidia/canary-1b-v2,said,122,177.23,177.73,substitution,0.3875047004333249,0.942705809518143,0.4612157744941888,3582.9155758707366,0.6429317621169267
Louis_Cressy_Band_-_Good_Time,nvidia/canary-1b-v2,you're,123,177.9,178.4,deletion,0.3887257673523643,1.107235143401406,0.39779282970861957,3489.6144992256823,0.6488658894192089
Louis_Cressy_Band_-_Good_Time,nvidia/canary-1b-v2,gonna,124,178.4,178.64,deletion,0.3681848415961632,0.2885788524380097,1.5372906843057046,3500.903733858434,0.5178274271579889
Louis_Cressy_Band_-_Good_Time,nvidia/canary-1b-v2,have,125,178.64,179.08,deletion,0.20549507051085433,0.2721540267812088,1.945183717335264,3927.391178958283,0.6124272557596365
Louis_Cressy_Band_-_Good_Time,nvidia/canary-1b-v2,a,126,179.52,179.63,correct,0.11887657413115868,0.4185922108590603,0.6607382480914776,3049.2225788148467,0.6506043122364924
Louis_Cressy_Band_-_Good_Time,nvidia/canary-1b-v2,good,127,179.63,180.35,correct,0.1542207999393726,0.800218555980768,0.21584378278408295,2148.239197775602,0.5074229276715181
Louis_Cressy_Band_-_Good_Time,nvidia/canary-1b-v2,time,128,180.35,180.47,correct,0.12612722867301532,0.8674955304179873,0.15435374155640602,1757.5543365755707,0.424456741128649
Louis_Cressy_Band_-_Good_Time,nvidia/canary-1b-v2,and,129,180.47,180.58,substitution,0.114356795946757,0.5218828146656355,0.25094923252860707,2017.774806309264,0.4739922508597374
Louis_Cressy_Band_-_Good_Time,nvidia/canary-1b-v2,she,130,180.58,181.44,substitution,0.21728924020964613,0.5788536079788721,0.43001959512951554,2529.771129326894,0.5567295532072744
Louis_Cressy_Band_-_Good_Time,nvidia/canary-1b-v2,said,131,181.44,181.76,substitution,0.0865869594205703,0.16896208089643291,0.6438494324684143,2390.0862293982486,0.5335654105458941
Louis_Cressy_Band_-_Good_Time,nvidia/canary-1b-v2,you're,132,182.12,182.19,correct,0.11575095006264746,0.3509512832388282,0.43453359603881836,2581.0452239983106,0.6218036711215973
Louis_Cressy_Band_-_Good_Time,nvidia/canary-1b-v2,gonna,133,182.19,182.39,correct,0.23139957482503218,0.5739288027821616,0.4925665638663552,1689.2213346044452,0.31228516792709177
Louis_Cressy_Band_-_Good_Time,nvidia/canary-1b-v2,have,134,182.39,182.62,correct,0.14548905265445894,0.8632284193657912,0.23517492442176893,2746.108924265651,0.5126611189200327
Louis_Cressy_Band_-_Good_Time,nvidia/canary-1b-v2,a,135,182.62,182.65,substitution,0.21233553439378738,0.34471238404512405,0.6241100877523422,2734.872312554356,0.6824562698602676
Louis_Cressy_Band_-_Good_Time,nvidia/canary-1b-v2,good,136,182.65,183.13,substitution,0.2460308542045263,1.0149249589213958,0.2638033743088062,2259.838286685319,0.44622765997281444
Louis_Cressy_Band_-_Good_Time,nvidia/canary-1b-v2,time,137,183.13,184.6,substitution,0.1650303667293319,0.8307369727806388,0.4427369096422497,2140.682030402325,0.4628774718016009
Louis_Cressy_Band_-_Good_Time,nvidia/canary-1b-v2,and,138,184.84,184.96,correct,0.1553954535296985,0.5584585666656494,0.34170185561691013,1946.4675667903164,0.4521143840891974
Louis_Cressy_Band_-_Good_Time,nvidia/canary-1b-v2,then,139,184.96,185.8,correct,0.14851192875454824,0.7498799471288091,0.3244048764722215,2641.5690784303415,0.5785560192333328
Louis_Cressy_Band_-_Good_Time,nvidia/canary-1b-v2,she,140,185.8,186.97,correct,0.21093448907846496,0.5624100437003469,0.39131225036486744,2254.410480563386,0.5268920347804115
Louis_Cressy_Band_-_Good_Time,nvidia/canary-1b-v2,said,141,187.54,188.17,substitution,0.32045281459303465,1.0745476468959276,0.35109828215311556,2663.3148679970227,0.546223392819657
Louis_Cressy_Band_-_Good_Time,nvidia/canary-1b-v2,something,142,188.2,188.48,deletion,0.34166606299338803,0.9555831888029652,0.3691919090286378,2612.134233345658,0.41150083368824375
Louis_Cressy_Band_-_Good_Time,nvidia/canary-1b-v2,so,143,188.48,188.63,unknown,0.2999033998040592,1.1736782648984123,0.25968289375305176,2454.358945470348,0.5331360382192275
Louis_Cressy_Band_-_Good_Time,nvidia/canary-1b-v2,fine,144,188.63,188.82,unknown,0.15165697251047408,1.095128127506801,0.1434213820667494,2384.865532856969,0.5134343689396268
Louis_Cressy_Band_-_Good_Time,nvidia/canary-1b-v2,yeah,145,188.82,189.42,unknown,0.17189066513226584,0.5442275354638696,0.5074220765095491,2080.612537083135,0.452216237783432
Louis_Cressy_Band_-_Good_Time,nvidia/canary-1b-v2,we're,146,189.61,190.19,unknown,0.17050479881225095,1.0249269753694534,0.17607222389309637,2250.0658115855213,0.5096402942172943
Louis_Cressy_Band_-_Good_Time,nvidia/canary-1b-v2,gonna,147,190.19,190.51,unknown,0.09251998085528612,0.8728841417986486,0.47994361196955043,2481.3637205833484,0.5395041786962085
Louis_Cressy_Band_-_Good_Time,nvidia/canary-1b-v2,have,148,190.55,190.91,unknown,0.09552601734415078,1.1452567530557132,0.19016600056336477,2056.1715449549006,0.45787648130685854
Louis_Cressy_Band_-_Good_Time,nvidia/canary-1b-v2,a,149,190.91,190.94,unknown,0.098244808614254,0.5318190976977348,0.2087359018623829,1814.7103648255143,0.4010886624455452
Louis_Cressy_Band_-_Good_Time,nvidia/canary-1b-v2,good,150,190.94,191.03,unknown,0.09629087353294546,0.5147080665284937,0.3053862283175642,1982.600722854335,0.49535185911438684
Louis_Cressy_Band_-_Good_Time,nvidia/canary-1b-v2,time,151,191.03,191.19,unknown,0.2773815211322572,0.4970638586415185,0.5705703405870332,1552.6101698479536,0.3698674299650722
Louis_Cressy_Band_-_Good_Time,nvidia/canary-1b-v2,yeah,152,191.19,191.27,unknown,0.35782918334007263,0.7887622535228729,0.4841741234064102,2628.1057170747836,0.6370057225227356
Louis_Cressy_Band_-_Good_Time,nvidia/canary-1b-v2,we're,153,191.27,192.33,unknown,0.13180168211590826,0.4561438987587105,0.6779271883138439,2652.568189886732,0.5960590191054762
Louis_Cressy_Band_-_Good_Time,nvidia/canary-1b-v2,gonna,154,192.78,193.27,unknown,0.19928292058548838,0.8818534517063285,0.25780505131719245,2334.222274240017,0.48278501461137013
Louis_Cressy_Band_-_Good_Time,nvidia/canary-1b-v2,have,155,193.27,193.66,unknown,0.17433890856282655,1.076519264038219,0.18726370708886966,2822.3871609290877,0.5372441140718238
Louis_Cressy_Band_-_Good_Time,nvidia/canary-1b-v2,a,156,194.14,194.56,unknown,0.2140821995942489,0.949782985303065,0.3434684762488241,2366.6701375547127,0.5108032032199528
Louis_Cressy_Band_-_Good_Time,nvidia/canary-1b-v2,good,157,194.81,195.0,unknown,0.10383693704550917,0.6357324136929079,0.18426848456940867,3460.868997575149,0.6826362095095895
Louis_Cressy_Band_-_Good_Time,nvidia/canary-1b-v2,time,158,195.23,195.39,unknown,0.1383734511004554,0.4434364222817951,0.34947118494245744,2252.3727035122984,0.5400466571251551
Louis_Cressy_Band_-_Good_Time,nvidia/canary-1b-v2,yeah,159,195.39,195.87,unknown,0.1481653999250669,0.24981105943711904,0.9231073022461854,2190.0875337048037,0.5179431570264009
Louis_Cressy_Band_-_Good_Time,nvidia/canary-1b-v2,we're,160,196.04,196.14,unknown,0.1894869456688563,0.06357244340082009,3.389054983854294,4038.8911186053997,0.7714589685201645
Louis_Cressy_Band_-_Good_Time,nvidia/canary-1b-v2,gonna,161,196.14,196.26,unknown,0.1929571862731661,0.17603094556501933,1.1970624327659607,3483.795184051555,0.7576870194503239
Louis_Cressy_Band_-_Good_Time,nvidia/canary-1b-v2,have,162,196.26,196.68,unknown,0.1847032195200091,0.12663361500017345,3.5854770722596543,3551.291404578356,0.7057526914969735
Louis_Cressy_Band_-_Good_Time,nvidia/canary-1b-v2,a,163,196.68,196.73,unknown,0.2339355523387591,0.19071690800289312,2.092425366242727,3729.476343207341,0.6808350284894308
Louis_Cressy_Band_-_Good_Time,nvidia/canary-1b-v2,good,164,196.73,200.48,unknown,0.2811895406379961,0.8723214642328218,0.3743465901015703,2955.1399720399613,0.5782338920376842
Louis_Cressy_Band_-_Good_Time,nvidia/canary-1b-v2,time,165,200.48,201.01,unknown,0.37562210986326483,0.5917923422209148,0.7374686305892879,1739.6942183035474,0.3533570286014984
Louis_Cressy_Band_-_Good_Time,nvidia/canary-1b-v2,yeah,166,201.53,202.71,unknown,0.23013917902323205,0.5481329349668946,0.616988219731436,2053.045072937384,0.4839321320920479
Moosmusic_-_Big_Dummy_Shake,nvidia/canary-1b-v2,baby's,0,29.11,29.51,substitution,0.8855043043230855,1.0138314134159754,0.856434611387031,2014.8881477274151,0.3490767381912054
Moosmusic_-_Big_Dummy_Shake,nvidia/canary-1b-v2,got,1,29.51,29.93,correct,0.7728301333668439,1.0742921579791151,0.7716863090577333,1866.9392253210403,0.31458386876012967
Moosmusic_-_Big_Dummy_Shake,nvidia/canary-1b-v2,a,2,29.93,29.96,correct,0.11612625792622566,0.11982778832316399,0.9873873442411423,2219.209336206939,0.42900871485471725
Moosmusic_-_Big_Dummy_Shake,nvidia/canary-1b-v2,puzzle,3,29.96,30.47,substitution,0.5148375319050891,0.8574343604434814,0.6461840889283589,2052.8272715266617,0.42999492798532757
Moosmusic_-_Big_Dummy_Shake,nvidia/canary-1b-v2,and,4,30.47,30.86,substitution,0.33693863753051984,0.9658641941135838,0.5079301226706732,2322.6581806815616,0.442335123817126
Moosmusic_-_Big_Dummy_Shake,nvidia/canary-1b-v2,i'm,5,30.86,31.19,deletion,0.23441442764467663,1.2172110146946378,0.33056310046878123,2076.9949201219915,0.4122213001052539
Moosmusic_-_Big_Dummy_Shake,nvidia/canary-1b-v2,gonna,6,31.19,31.54,correct,0.2857404725673871,0.9975489782981384,0.4457614735150949,2182.6693991627612,0.5210615148146948
Moosmusic_-_Big_Dummy_Shake,nvidia/canary-1b-v2,scratch,7,31.54,32.04,correct,0.1688531526122932,0.872010043511788,0.4225515027840932,2585.0749923925314,0.5913782980706956
Moosmusic_-_Big_Dummy_Shake,nvidia/canary-1b-v2,through,8,32.04,32.19,substitution,0.4600442845155211,0.4880279293831657,1.2726794305969686,2335.3631085995335,0.5492397424052743
Moosmusic_-_Big_Dummy_Shake,nvidia/canary-1b-v2,her,9,32.19,32.41,substitution,0.1969171717762947,0.7631456899642944,0.26547608196735384,2431.6914411552775,0.5909961283206939
Moosmusic_-_Big_Dummy_Shake,nvidia/canary-1b-v2,skin,10,32.41,32.8,substitution,0.17658639450867972,0.5297525326410929,0.6929301154755411,2704.613712264495,0.5868431194907143
Moosmusic_-_Big_Dummy_Shake,nvidia/canary-1b-v2,gonna,11,33.0,33.32,correct,0.2531267340694155,0.9409644065158708,0.5532444283366204,2150.825715439341,0.5231346147400993
Moosmusic_-_Big_Dummy_Shake,nvidia/canary-1b-v2,keep,12,33.32,33.63,correct,0.19866473222260966,0.40815958216348114,0.9317899931441335,2376.810277616822,0.5770815505700952
Moosmusic_-_Big_Dummy_Shake,nvidia/canary-1b-v2,it,13,33.63,33.86,correct,0.3950889122486114,1.2629799342155457,0.3341464054584503,2052.6524026117613,0.46011162996292115
Moosmusic_-_Big_Dummy_Shake,nvidia/canary-1b-v2,all,14,33.86,34.3,substitution,0.26312121748924255,1.382054320226113,0.2250510809632639,2161.103476161516,0.5006048263361057
Moosmusic_-_Big_Dummy_Shake,nvidia/canary-1b-v2,in,15,34.3,34.49,substitution,0.20136270210856483,0.6691550623093333,0.4182162632544835,2146.165860567857,0.46774194212186904
Moosmusic_-_Big_Dummy_Shake,nvidia/canary-1b-v2,then,16,34.7,34.96,correct,0.2963173646351387,1.1740101891858825,0.8456348394011629,2108.831144515404,0.534118869181337
Moosmusic_-_Big_Dummy_Shake,nvidia/canary-1b-v2,fight,17,34.96,35.38,correct,0.2587163324157397,1.0362072712845272,0.5863527923822403,2478.639552181326,0.4967468374305301
Moosmusic_-_Big_Dummy_Shake,nvidia/canary-1b-v2,about,18,35.38,35.79,correct,0.7080235143502553,1.4695618973837958,0.5256468968258964,2100.007832915898,0.3078381319840749
Moosmusic_-_Big_Dummy_Shake,nvidia/canary-1b-v2,it,19,35.79,35.97,correct,0.6281773820519447,0.980322003364563,0.6498862951993942,2132.6211539158653,0.29688670784235
Moosmusic_-_Big_Dummy_Shake,nvidia/canary-1b-v2,every,20,35.97,36.36,substitution,0.48565214595129325,1.3958934098482132,0.47998149242512017,2392.7127256274525,0.4127569427323896
Moosmusic_-_Big_Dummy_Shake,nvidia/canary-1b-v2,night,21,36.36,36.91,substitution,0.5462843944629033,1.0361382762591045,0.5624348719914755,2030.9242323556348,0.3677895593146483
Moosmusic_-_Big_Dummy_Shake,nvidia/canary-1b-v2,oh,22,36.91,36.95,substitution,0.5502401351928711,0.6045954108238221,0.9072612404823304,1586.70642694357,0.2548526734113693
Moosmusic_-_Big_Dummy_Shake,nvidia/canary-1b-v2,every,23,36.95,37.31,correct,0.3191213558117549,0.3361611091173612,0.9937272255237286,1582.8049416096947,0.3114224679959126
Moosmusic_-_Big_Dummy_Shake,nvidia/canary-1b-v2,night,24,37.31,37.57,correct,0.16470761674231496,0.05445436658016566,3.980348825454712,2019.6799686229276,0.43195438487776394
Moosmusic_-_Big_Dummy_Shake,nvidia/canary-1b-v2,see,25,38.72,39.54,correct,0.4782389724119143,1.6306225515224717,0.30478911186483776,2128.804516594586,0.4551342268559066
Moosmusic_-_Big_Dummy_Shake,nvidia/canary-1b-v2,she,26,39.66,39.81,correct,0.5249497110352797,0.7685267785016228,0.6950730558703927,1581.5304589778104,0.33619700284565196
Moosmusic_-_Big_Dummy_Shake,nvidia/canary-1b-v2,got,27,39.81,40.28,correct,0.5416516328559202,1.5621739953171974,0.5329103539971745,2510.8234402885982,0.5468476175093183
Moosmusic_-_Big_Dummy_Shake,nvidia/canary-1b-v2,a,28,40.28,40.93,substitution,0.39215796100241795,0.7338287399283477,0.7032536515167781,2223.5162812860754,0.5074237989527839
Moosmusic_-_Big_Dummy_Shake,nvidia/canary-1b-v2,brand,29,42.82,43.05,substitution,0.3089777410030365,0.7655970084667206,0.43693767964839936,3183.7611189005856,0.627902626991272
Moosmusic_-_Big_Dummy_Shake,nvidia/canary-1b-v2,new,30,43.05,43.16,correct,0.26357293931337505,0.9225725290866998,0.3507564537800275,2373.214245998122,0.499892736856754
Moosmusic_-_Big_Dummy_Shake,nvidia/canary-1b-v2,friend,31,43.16,43.67,substitution,0.24997668686722005,0.9150080432050994,0.47789059060492683,2169.2647585954874,0.4626769380910056
Moosmusic_-_Big_Dummy_Shake,nvidia/canary-1b-v2,gonna,32,43.67,44.43,substitution,0.31980086799438406,0.9987213947787518,0.3755373378715864,2040.9282697114604,0.47762718106188423
Moosmusic_-_Big_Dummy_Shake,nvidia/canary-1b-v2,pay,33,44.43,44.49,substitution,0.11842707118817739,0.10098577503647123,1.173671007156372,2438.5215392722616,0.5880422081266131
Moosmusic_-_Big_Dummy_Shake,nvidia/canary-1b-v2,her,34,44.49,44.74,substitution,0.21549889498523303,0.7884842984910522,0.5440013190465314,2311.4608050620227,0.5049742779561451
Moosmusic_-_Big_Dummy_Shake,nvidia/canary-1b-v2,all,35,44.74,44.8,correct,0.3128994277545384,0.7885271225656781,0.42168047172682627,1881.1707935203553,0.34537858622414724
Moosmusic_-_Big_Dummy_Shake,nvidia/canary-1b-v2,bills,36,44.8,44.99,correct,0.2778150584726107,0.18637344489494959,1.834433796859923,1752.8306899184709,0.40274826827503385
Moosmusic_-_Big_Dummy_Shake,nvidia/canary-1b-v2,gonna,37,44.99,45.36,correct,0.24694569826852986,1.1250778976373557,0.3431118634052393,2229.809920732063,0.522448166114528
Moosmusic_-_Big_Dummy_Shake,nvidia/canary-1b-v2,have,38,45.39,45.67,substitution,0.43248139369872307,1.5482491471113697,0.39948571785803766,1805.2902563886892,0.4511242210865021
Moosmusic_-_Big_Dummy_Shake,nvidia/canary-1b-v2,a,39,45.67,46.24,correct,0.3120222328410995,1.2339119877546065,0.5788837535487067,2083.5389942655524,0.44168754643009556
Moosmusic_-_Big_Dummy_Shake,nvidia/canary-1b-v2,good,40,46.28,46.69,correct,0.2771901769770516,0.8181688110033671,0.4484613709979587,2303.7859611554827,0.5074840466181437
Moosmusic_-_Big_Dummy_Shake,nvidia/canary-1b-v2,time,41,46.69,47.38,correct,0.4975023132723731,1.1258313806878555,0.5598001898945989,2227.8869364055668,0.3571186460353233
Moosmusic_-_Big_Dummy_Shake,nvidia/canary-1b-v2,reminisce,42,47.38,47.78,substitution,0.26365530473942106,0.48455878922885115,0.7286113961176439,2221.1655530930193,0.4420404623855244
Moosmusic_-_Big_Dummy_Shake,nvidia/canary-1b-v2,about,43,47.78,48.19,correct,0.2952089920639992,0.8388645191987355,0.5594416254096561,2318.7038628684527,0.4053926431470447
Moosmusic_-_Big_Dummy_Shake,nvidia/canary-1b-v2,the,44,48.41,51.4,substitution,0.31082957339240236,0.7771809697907883,0.6821103821275756,2210.375911743627,0.4689907799474895
Moosmusic_-_Big_Dummy_Shake,nvidia/canary-1b-v2,better,45,52.38,52.52,substitution,0.3608688940294087,0.9168021726654842,0.8929009363055229,1822.2758232022788,0.4127809777855873
Moosmusic_-_Big_Dummy_Shake,nvidia/canary-1b-v2,ones,46,52.52,53.1,substitution,0.6846899861289609,1.2835417168755685,0.5964509940916493,1653.7992738965706,0.3081432225242738
Moosmusic_-_Big_Dummy_Shake,nvidia/canary-1b-v2,woah,47,53.1,55.02,deletion,0.47896512409726394,0.8944503471291471,0.737961133417574,2023.5460574249057,0.37260338201106175
Moosmusic_-_Big_Dummy_Shake,nvidia/canary-1b-v2,better,48,55.88,56.12,deletion,0.31505600983897847,0.26537026844366834,1.6675756926889773,2803.0684135554397,0.6437483429908752
Moosmusic_-_Big_Dummy_Shake,nvidia/canary-1b-v2,ones,49,56.12,56.51,correct,0.35210369811171577,0.3609819837978908,1.0460617400351024,2972.49942020164,0.6737879642418453
Moosmusic_-_Big_Dummy_Shake,nvidia/canary-1b-v2,cause,50,56.51,57.05,correct,0.22973910100379233,1.5324247951729824,0.2661671512207742,2766.11046106873,0.6102897969342894
Moosmusic_-_Big_Dummy_Shake,nvidia/canary-1b-v2,this,51,57.45,58.18,substitution,0.22997314081742212,0.3075121659307908,0.7725526132644751,2810.563368214231,0.5653129158875881
Moosmusic_-_Big_Dummy_Shake,nvidia/canary-1b-v2,is,52,58.48,59.1,correct,0.3583509401598973,0.5040192254332464,0.8426348549216541,2091.8049482003034,0.41907214851521735
Moosmusic_-_Big_Dummy_Shake,nvidia/canary-1b-v2,so,53,59.1,59.51,correct,0.3883137762546539,1.0542296335101127,0.4345914350615607,2019.0556517183563,0.36157730486657885
Moosmusic_-_Big_Dummy_Shake,nvidia/canary-1b-v2,serious,54,59.54,59.88,substitution,0.2029900284189927,0.4876577785532725,0.5021644462096063,2605.456901756301,0.5443003930543598
Moosmusic_-_Big_Dummy_Shake,nvidia/canary-1b-v2,it,55,59.99,60.44,substitution,0.2312923529166348,0.647101992018977,0.546751186859851,2495.4703003367345,0.5472585972474546
Moosmusic_-_Big_Dummy_Shake,nvidia/canary-1b-v2,ain't,56,60.44,60.88,substitution,0.28472423180937767,0.6095542795956135,0.48417496122419834,2882.554985991674,0.6253192300597826
Moosmusic_-_Big_Dummy_Shake,nvidia/canary-1b-v2,right,57,60.88,61.02,correct,0.1258332384750247,0.1536122162360698,0.7656094059348106,2137.9393267885,0.47316667065024376
Moosmusic_-_Big_Dummy_Shake,nvidia/canary-1b-v2,do,58,61.02,61.19,correct,0.10561677695889223,0.3154543710774497,0.4617406682748544,2466.487658385093,0.5872919826131118
Moosmusic_-_Big_Dummy_Shake,nvidia/canary-1b-v2,your,59,61.25,61.5,correct,0.32959280136440483,0.8212840131350926,0.38141303482864586,2901.0587897229902,0.6694822141102382
Moosmusic_-_Big_Dummy_Shake,nvidia/canary-1b-v2,big,60,61.5,61.68,substitution,0.09743071347475052,0.23163099698722361,0.902832817286253,2996.820787797814,0.6127783834934235
Moosmusic_-_Big_Dummy_Shake,nvidia/canary-1b-v2,dummy,61,61.68,61.9,substitution,0.27700317340592545,0.6714250415874025,1.0205772407352924,2149.4185070514413,0.47957906623681384
Moosmusic_-_Big_Dummy_Shake,nvidia/canary-1b-v2,shake,62,61.94,62.13,substitution,0.15536035275594753,0.14978173154998908,1.2607458586042577,2362.4098511172383,0.565189930525693
Moosmusic_-_Big_Dummy_Shake,nvidia/canary-1b-v2,and,63,62.13,62.87,substitution,0.2780137020163238,0.5346359291579574,0.6287498392164708,2364.1542856440965,0.5356278654187918
Moosmusic_-_Big_Dummy_Shake,nvidia/canary-1b-v2,pull,64,63.34,65.81,substitution,0.46107284781156166,1.3076491130403045,0.4397643963157227,1770.0756424297085,0.38030653294514527
Moosmusic_-_Big_Dummy_Shake,nvidia/canary-1b-v2,it,65,65.81,65.84,correct,0.3646669536828995,0.38279927894473076,0.9555892646312714,1226.889749356721,0.23233308270573616
Moosmusic_-_Big_Dummy_Shake,nvidia/canary-1b-v2,back,66,65.84,66.21,correct,0.18070403804502835,0.5883135837389202,0.6580206899017822,2191.392818738112,0.48119020134937474
Moosmusic_-_Big_Dummy_Shake,nvidia/canary-1b-v2,again,67,66.21,67.19,substitution,0.15309439278429463,0.5406022136232682,0.5869703599384852,2588.498592936725,0.5648784560816629
Moosmusic_-_Big_Dummy_Shake,nvidia/canary-1b-v2,oh,68,69.7,69.73,substitution,0.46374084800481796,0.011457627872005105,40.502888679504395,1564.57794057184,0.13214381411671638
Moosmusic_-_Big_Dummy_Shake,nvidia/canary-1b-v2,i'm,69,70.21,70.28,correct,0.3409179784357548,0.3776956619694829,0.8730176389217377,1117.1184919564337,0.2988912593573332
Moosmusic_-_Big_Dummy_Shake,nvidia/canary-1b-v2,back,70,70.28,70.71,correct,0.3762253963566841,0.5339462486828895,0.7957980341099679,2490.7668411401833,0.5025370805821521
Moosmusic_-_Big_Dummy_Shake,nvidia/canary-1b-v2,again,71,70.71,70.9,correct,0.46309543436481837,0.7804413040479025,0.5704717905748458,2165.75122190326,0.45415128980364117
Moosmusic_-_Big_Dummy_Shake,nvidia/canary-1b-v2,went,72,70.9,71.04,substitution,0.27159818238578737,0.4720383503008634,0.7327632121741772,2002.769011398237,0.37549033761024475
Moosmusic_-_Big_Dummy_Shake,nvidia/canary-1b-v2,to,73,71.04,71.1,correct,0.31323692415441784,0.3229618748383863,0.9881117429052081,2004.1141677758258,0.41387714232717243
Moosmusic_-_Big_Dummy_Shake,nvidia/canary-1b-v2,the,74,71.1,71.16,correct,0.9707428216934204,1.3423696756362915,0.7267470061779022,1359.2165092255175,0.3195281997323036
Moosmusic_-_Big_Dummy_Shake,nvidia/canary-1b-v2,party,75,71.16,71.57,correct,0.4550981965329912,1.0419836123784383,0.4557488010989295,1933.5033536956867,0.3272922045654721
Moosmusic_-_Big_Dummy_Shake,nvidia/canary-1b-v2,arty,76,71.57,72.2,correct,0.24489657241193688,1.079068378380993,0.28862484993741794,2174.670961384848,0.44530610564877005
Moosmusic_-_Big_Dummy_Shake,nvidia/canary-1b-v2,we,77,72.4,72.5,substitution,0.33889782056212425,0.5562217819193999,0.9517380272348722,2120.9729320271877,0.5269376486539841
Moosmusic_-_Big_Dummy_Shake,nvidia/canary-1b-v2,came,78,72.5,72.8,correct,0.18850112367760052,0.6753114975537314,0.5495291316148007,2245.641964328871,0.5041315898750768
Moosmusic_-_Big_Dummy_Shake,nvidia/canary-1b-v2,back,79,72.8,73.03,correct,0.19998284563422203,0.8813800463080406,0.4324736687541008,2044.3434544647537,0.449405837059021
Moosmusic_-_Big_Dummy_Shake,nvidia/canary-1b-v2,before,80,73.03,73.64,substitution,0.28875743688055966,1.040030740765911,0.6893166783971317,2060.606207482044,0.4579952591747949
Moosmusic_-_Big_Dummy_Shake,nvidia/canary-1b-v2,time,81,73.64,74.1,substitution,0.2194386087357998,0.6186747379601002,0.7717439660429954,2055.697313426283,0.4393445092439652
Moosmusic_-_Big_Dummy_Shake,nvidia/canary-1b-v2,this,82,74.15,74.35,correct,0.22929583354429764,0.39257832819765265,0.8525348725644025,2671.665135732649,0.6642194363203916
Moosmusic_-_Big_Dummy_Shake,nvidia/canary-1b-v2,is,83,74.35,74.47,correct,0.21419625410011836,0.33282726258039474,0.6163952478340694,2636.1450945510874,0.5690658262797764
Moosmusic_-_Big_Dummy_Shake,nvidia/canary-1b-v2,nothing,84,74.47,74.89,correct,0.19384907959434,0.5662131845627142,0.46871584265128424,2401.1794823931364,0.5627659261226654
Moosmusic_-_Big_Dummy_Shake,nvidia/canary-1b-v2,but,85,74.96,75.1,deletion,0.5509057100862265,1.1738688768818974,0.8397796200588346,2021.4672134523094,0.5064986143261194
Moosmusic_-_Big_Dummy_Shake,nvidia/canary-1b-v2,a,86,75.1,75.16,correct,0.17392898444086313,0.558444656431675,0.4317449126392603,1791.0538069689946,0.4563013054430485
Moosmusic_-_Big_Dummy_Shake,nvidia/canary-1b-v2,joke,87,75.16,75.57,substitution,0.19749405861578204,0.8680893490937623,0.48796347867358814,2579.257768782096,0.5504896769469435
Moosmusic_-_Big_Dummy_Shake,nvidia/canary-1b-v2,i'll,88,75.73,76.03,substitution,0.34824520326925046,0.8592510216615417,0.9392149850274577,2243.209691747567,0.41667888923124835
Moosmusic_-_Big_Dummy_Shake,nvidia/canary-1b-v2,be,89,76.03,76.13,deletion,0.2476095420618852,0.27875561142961186,0.8974950114885966,1691.8560655263966,0.3708253155152003
Moosmusic_-_Big_Dummy_Shake,nvidia/canary-1b-v2,thinking,90,76.26,76.71,correct,0.31647284876327125,0.5329612624280307,0.6775206382177315,2360.6683358535242,0.423166529864681
Moosmusic_-_Big_Dummy_Shake,nvidia/canary-1b-v2,of,91,76.71,76.91,correct,0.30713707648895006,1.1066247509284453,0.43703316423026,2232.1849182343763,0.43629540638490155
Moosmusic_-_Big_Dummy_Shake,nvidia/canary-1b-v2,the,92,76.91,77.01,correct,0.3029107488691807,0.5272297412157059,0.6222310364246368,2198.437631550451,0.3651425391435623
Moosmusic_-_Big_Dummy_Shake,nvidia/canary-1b-v2,rest,93,77.01,77.35,correct,0.38284228943489695,0.9370688427541707,0.5990979687587635,2672.367203481001,0.47741433494799845
Moosmusic_-_Big_Dummy_Shake,nvidia/canary-1b-v2,of,94,77.35,77.43,correct,0.4042048007249832,0.5308651506900788,0.7311002552509308,2393.2308876921024,0.3560519814491272
Moosmusic_-_Big_Dummy_Shake,nvidia/canary-1b-v2,night,95,77.43,77.99,substitution,0.46062586332360905,0.7611431300640106,0.6444508155186971,2088.359101302182,0.37573293323318163
Moosmusic_-_Big_Dummy_Shake,nvidia/canary-1b-v2,woah,96,77.99,78.53,substitution,0.25836921060236834,0.24757617326863743,1.1993547273894487,1870.328949616835,0.37425854448544776
Moosmusic_-_Big_Dummy_Shake,nvidia/canary-1b-v2,the,97,79.87,80.4,correct,0.40921029666888303,1.1754904014283214,0.4592819208728856,2149.531092562473,0.48048606977380554
Moosmusic_-_Big_Dummy_Shake,nvidia/canary-1b-v2,rest,98,80.43,80.79,correct,0.3370895775464865,0.47386961630903757,0.9057779518457559,2134.6483667331763,0.47020221367860454
Moosmusic_-_Big_Dummy_Shake,nvidia/canary-1b-v2,of,99,80.79,80.87,correct,0.5926981985569,0.7547505617141723,0.8719150841236114,1587.375904611496,0.31913937330245973
Moosmusic_-_Big_Dummy_Shake,nvidia/canary-1b-v2,night,100,80.87,82.09,substitution,0.4075707231314128,0.8047030687844026,0.7288164353097668,2300.9326315993603,0.48889130717925444
Moosmusic_-_Big_Dummy_Shake,nvidia/canary-1b-v2,see,101,83.81,84.05,substitution,0.2734438344422314,0.5299602761450741,0.7924883608464841,3545.114258500096,0.6206590941658726
Moosmusic_-_Big_Dummy_Shake,nvidia/canary-1b-v2,she's,102,84.05,84.33,substitution,0.3404958517320694,0.6706896388242322,0.6829870650845189,3205.7894697289926,0.6093099924825853
Moosmusic_-_Big_Dummy_Shake,nvidia/canary-1b-v2,got,103,84.33,84.64,correct,0.3002104119342916,1.2324147607912035,0.8740891757256845,2340.983647914545,0.5212935630012961
Moosmusic_-_Big_Dummy_Shake,nvidia/canary-1b-v2,a,104,84.64,84.73,correct,0.2773619994521141,1.1638418704271316,0.34575178027153014,2245.1043842213767,0.3473683685064316
Moosmusic_-_Big_Dummy_Shake,nvidia/canary-1b-v2,brand,105,84.73,85.27,substitution,0.22181616268925747,0.9480325549335803,0.40142175447890316,2316.3514868491843,0.49699208721265953
Moosmusic_-_Big_Dummy_Shake,nvidia/canary-1b-v2,new,106,85.27,85.5,correct,0.250279295616425,0.7807326030272704,0.37785893048231417,2584.5962661482417,0.633429385148562
Moosmusic_-_Big_Dummy_Shake,nvidia/canary-1b-v2,song,107,85.5,86.05,correct,0.1954348613902674,0.7661194270950252,0.4418431084792493,2724.533413339535,0.5569949054111869
Moosmusic_-_Big_Dummy_Shake,nvidia/canary-1b-v2,she,108,86.05,86.32,correct,0.35058983936905863,0.6631573726733525,0.6469929109017054,2425.129390483519,0.6124403436978658
Moosmusic_-_Big_Dummy_Shake,nvidia/canary-1b-v2,just,109,86.32,86.56,correct,0.1851740962377301,0.3354765988058514,0.7369100666708417,2819.40864500067,0.6222156231050138
Moosmusic_-_Big_Dummy_Shake,nvidia/canary-1b-v2,sings,110,86.56,86.84,correct,0.11529252162824075,0.6265362848838171,0.3621506168196599,2890.619480164188,0.6700245658556621
Moosmusic_-_Big_Dummy_Shake,nvidia/canary-1b-v2,it,111,86.84,86.95,substitution,0.13918838564019936,0.27101451932237697,0.8714916843634385,2674.9942120863852,0.5483628511428833
Moosmusic_-_Big_Dummy_Shake,nvidia/canary-1b-v2,too,112,86.95,87.2,substitution,0.3344961181282997,0.4381408459906067,1.542454719543457,2086.2810919839917,0.5244587329881532
Moosmusic_-_Big_Dummy_Shake,nvidia/canary-1b-v2,loud,113,87.2,87.63,substitution,0.232162669935125,0.8808309794106381,0.4953076275105172,2113.9067291940805,0.4453010622491228
Moosmusic_-_Big_Dummy_Shake,nvidia/canary-1b-v2,but,114,87.86,88.09,substitution,0.39033280542263615,1.4407051174113383,0.47448973185740984,2450.68500725934,0.42034864253722704
Moosmusic_-_Big_Dummy_Shake,nvidia/canary-1b-v2,i,115,88.09,88.19,correct,0.8135714828968048,1.2142513394355774,0.669206516309218,1738.16774442897,0.24420724673704666
Moosmusic_-_Big_Dummy_Shake,nvidia/canary-1b-v2,make,116,88.19,88.5,correct,0.2471485891512462,0.5055227124265262,0.5935925096273422,2285.7619835750565,0.46964294740131923
Moosmusic_-_Big_Dummy_Shake,nvidia/canary-1b-v2,it,117,88.5,88.68,substitution,0.4436122938990593,1.020714482665062,0.44017529487609863,2676.115442862983,0.3903541207313538
Moosmusic_-_Big_Dummy_Shake,nvidia/canary-1b-v2,alright,118,88.68,89.58,substitution,0.36247409465386693,1.0657665652712596,0.584266562590894,2025.7276398586553,0.36275940211777835
Moosmusic_-_Big_Dummy_Shake,nvidia/canary-1b-v2,if,119,89.58,89.77,correct,0.25128519251233056,0.4434167817234993,0.9407750304256167,2071.431198407166,0.5318087566466558
Moosmusic_-_Big_Dummy_Shake,nvidia/canary-1b-v2,i,120,89.77,89.89,substitution,0.30113913118839264,1.595056644507817,0.1901718910251345,1929.378176273375,0.3786522554499762
Moosmusic_-_Big_Dummy_Shake,nvidia/canary-1b-v2,walk,121,89.89,90.23,correct,0.24805576354265213,0.7967046382459434,0.5743219429576719,2116.0385784609675,0.4461601175166465
Moosmusic_-_Big_Dummy_Shake,nvidia/canary-1b-v2,away,122,90.23,90.49,substitution,0.38620326077115946,0.9212675649544289,0.5805551599839638,2074.919775533923,0.446131581890172
Moosmusic_-_Big_Dummy_Shake,nvidia/canary-1b-v2,every,123,90.49,91.2,substitution,0.3541635857208779,0.8770246671414689,0.8765610283926913,2572.080948003011,0.5454638786613941
Moosmusic_-_Big_Dummy_Shake,nvidia/canary-1b-v2,time,124,91.2,92.44,substitution,0.32039445438491765,0.46845054066281266,1.0025032342814688,2022.281291767305,0.4375677397891657
Moosmusic_-_Big_Dummy_Shake,nvidia/canary-1b-v2,woah,125,93.59,94.28,substitution,0.5499869712193807,1.3613765649000804,0.43531306624412536,1778.6661568031961,0.34844250679016114
Moosmusic_-_Big_Dummy_Shake,nvidia/canary-1b-v2,every,126,94.28,94.52,substitution,0.38074238156830825,0.8600263435531545,0.7530128746121018,2007.3680325421726,0.409851246409946
Moosmusic_-_Big_Dummy_Shake,nvidia/canary-1b-v2,time,127,94.52,95.83,substitution,0.37952011528291874,0.7547463543447,0.7237144255212375,2261.91707193218,0.4513114141566413
Moosmusic_-_Big_Dummy_Shake,nvidia/canary-1b-v2,cause,128,97.02,97.21,deletion,0.32302427088672464,0.3176521420140158,1.658448725938797,2682.9243452593,0.6353998590599407
Moosmusic_-_Big_Dummy_Shake,nvidia/canary-1b-v2,this,129,97.21,97.47,deletion,0.371369620519025,0.36959492574845043,1.1409035984958922,3144.9619546813155,0.684440512742315
Moosmusic_-_Big_Dummy_Shake,nvidia/canary-1b-v2,is,130,97.47,97.56,correct,0.3406960246237842,0.45296900380741467,0.7344826893372969,3417.6018092064432,0.690875768661499
Moosmusic_-_Big_Dummy_Shake,nvidia/canary-1b-v2,so,131,97.56,98.19,correct,0.24833417640012853,1.279196035774315,0.39585513917400555,2990.4973673616864,0.6371742127572789
Moosmusic_-_Big_Dummy_Shake,nvidia/canary-1b-v2,serious,132,98.43,99.36,substitution,0.24140269219875335,0.3720162522792816,0.7171244105696678,2954.945268084434,0.6007369992136955
Moosmusic_-_Big_Dummy_Shake,nvidia/canary-1b-v2,it,133,99.64,99.69,correct,0.1583891591678063,0.21845011475185552,1.057511140902837,2074.392081485891,0.4613266984621684
Moosmusic_-_Big_Dummy_Shake,nvidia/canary-1b-v2,ain't,134,99.69,100.22,correct,0.3277886738551074,0.6002662808730684,0.546825079054668,2135.3411743171405,0.4575310477922703
Moosmusic_-_Big_Dummy_Shake,nvidia/canary-1b-v2,right,135,100.22,100.67,correct,0.507182891879763,1.0859057638718157,0.5419393254786121,1894.3398733523798,0.35023842904032493
Moosmusic_-_Big_Dummy_Shake,nvidia/canary-1b-v2,do,136,100.67,100.79,correct,0.3278261652359596,0.48002581756848556,0.7362701250956609,2782.6732334403964,0.5889059786613171
Moosmusic_-_Big_Dummy_Shake,nvidia/canary-1b-v2,your,137,100.79,100.98,correct,0.21494654803113503,0.6237354102459821,0.36166662926023657,2560.0116073442905,0.5567559599876404
Moosmusic_-_Big_Dummy_Shake,nvidia/canary-1b-v2,big,138,100.98,101.46,correct,0.18816036028930774,0.5630081477933205,0.5304013100954202,2399.8294016387485,0.5309375948630847
Moosmusic_-_Big_Dummy_Shake,nvidia/canary-1b-v2,dummy,139,101.46,101.81,correct,0.3156801393549693,0.5850998785738882,0.629877166136315,2610.2426848013592,0.6328192172866118
Moosmusic_-_Big_Dummy_Shake,nvidia/canary-1b-v2,shake,140,101.81,102.2,correct,0.16709324301675307,0.38887554173206174,0.5841524327217147,3022.0380283110385,0.665615146243295
Moosmusic_-_Big_Dummy_Shake,nvidia/canary-1b-v2,and,141,102.2,102.34,substitution,0.10846298444084823,0.200922783697024,0.6577868144959211,2886.691289442893,0.6328699439764023
Moosmusic_-_Big_Dummy_Shake,nvidia/canary-1b-v2,pull,142,102.34,102.62,correct,0.39302520958646653,0.691712582543973,0.5472206108031734,2784.6825837923748,0.6553540047137968
Moosmusic_-_Big_Dummy_Shake,nvidia/canary-1b-v2,it,143,102.62,102.79,correct,0.10575215302799877,0.4338791921342674,0.7604624185907213,3314.0582684144406,0.6444706603100425
Moosmusic_-_Big_Dummy_Shake,nvidia/canary-1b-v2,back,144,102.79,103.23,correct,0.20394923778561255,0.297410103570049,1.380017990867297,2428.1006968796937,0.5305605363100767
Moosmusic_-_Big_Dummy_Shake,nvidia/canary-1b-v2,again,145,103.23,104.03,correct,0.2590363842196936,0.44600521777431634,0.6722323132115741,2640.3580903179923,0.5708638096964637
Moosmusic_-_Big_Dummy_Shake,nvidia/canary-1b-v2,oh,146,104.5,106.86,substitution,0.4662495496657055,1.3052182158403718,0.4331979328700205,1765.230592205766,0.3825356320665759
Moosmusic_-_Big_Dummy_Shake,nvidia/canary-1b-v2,i'm,147,106.89,107.08,correct,0.23981521952719914,0.5435028473536173,0.6780329367944172,1956.4291851648272,0.4085951702935355
Moosmusic_-_Big_Dummy_Shake,nvidia/canary-1b-v2,back,148,107.08,107.34,substitution,0.225325854174022,0.6036428539403553,0.6293298504475889,2589.8953914365234,0.5824236623172102
Moosmusic_-_Big_Dummy_Shake,nvidia/canary-1b-v2,again,149,107.34,108.43,substitution,0.16120577390249977,0.5255189761519432,0.7615968981105038,2563.5210112097943,0.5561467592532818
Moosmusic_-_Big_Dummy_Shake,nvidia/canary-1b-v2,and,150,111.44,112.1,correct,0.500924245454371,0.7731707831844687,0.6572384987440374,2066.7940027469067,0.3886659973197513
Moosmusic_-_Big_Dummy_Shake,nvidia/canary-1b-v2,if,151,112.1,112.7,correct,0.3272339131969672,0.8269739325229938,0.5805908647867349,2253.8245619867753,0.49490416600153997
Moosmusic_-_Big_Dummy_Shake,nvidia/canary-1b-v2,it's,152,112.7,113.35,correct,0.18504984134009905,0.5030180743762425,0.6307965838483401,3376.38848363993,0.6503114747149604
Moosmusic_-_Big_Dummy_Shake,nvidia/canary-1b-v2,all,153,113.35,113.86,correct,0.3372578498508249,1.485829089901277,0.27125756362719194,2405.358456198038,0.4572928569146565
Moosmusic_-_Big_Dummy_Shake,nvidia/canary-1b-v2,just,154,113.86,114.41,correct,0.26731034608210547,0.9622010039323468,0.5237302056561082,2970.211031516355,0.6103006020440893
Moosmusic_-_Big_Dummy_Shake,nvidia/canary-1b-v2,the,155,114.41,114.65,correct,0.34099577532874215,1.0719111810127895,0.4378773410011221,3227.4054078274357,0.6611159642537435
Moosmusic_-_Big_Dummy_Shake,nvidia/canary-1b-v2,same,156,114.65,115.42,correct,0.2414680684366858,0.9210264929626362,0.41267123944069967,3216.6371255388303,0.648497292794377
Moosmusic_-_Big_Dummy_Shake,nvidia/canary-1b-v2,to,157,115.45,115.89,substitution,0.2876350960383813,0.6376318541976312,0.5176386122281352,2702.226112166094,0.5402338169515133
Moosmusic_-_Big_Dummy_Shake,nvidia/canary-1b-v2,you,158,115.89,116.5,correct,0.2621538917900938,0.5500769993346749,0.5079154069676544,2595.878350037683,0.5396442810694376
Moosmusic_-_Big_Dummy_Shake,nvidia/canary-1b-v2,then,159,116.77,117.13,correct,0.29966217088393676,0.9229935892881491,0.6030383243774756,2501.4797735534926,0.5325278723851229
Moosmusic_-_Big_Dummy_Shake,nvidia/canary-1b-v2,could,160,117.39,117.82,correct,0.45466476139870093,1.341976835055554,0.4352392129441525,2645.4385720212044,0.4872541814408404
Moosmusic_-_Big_Dummy_Shake,nvidia/canary-1b-v2,you,161,117.82,118.07,correct,0.498919597693852,1.18685819581151,0.47861572567905697,2804.7012719346726,0.49285283046109335
Moosmusic_-_Big_Dummy_Shake,nvidia/canary-1b-v2,tell,162,118.07,118.88,substitution,0.31890741906974507,1.482867144647686,0.298262852104916,2991.330619424039,0.5680586277753458
Moosmusic_-_Big_Dummy_Shake,nvidia/canary-1b-v2,me,163,118.88,119.34,correct,0.2824134959280491,0.5532734838128089,0.5361390507221222,2367.9803942112744,0.47262098371982575
Moosmusic_-_Big_Dummy_Shake,nvidia/canary-1b-v2,truly,164,119.34,120.57,substitution,0.31429358131506224,0.6288506783770792,0.6489139281664834,2461.631665768893,0.5269085442026457
Moosmusic_-_Big_Dummy_Shake,nvidia/canary-1b-v2,are,165,120.85,121.24,substitution,0.33959810019925585,1.2122375202733418,0.33068337655344676,2419.4029513626924,0.5208967743917953
Moosmusic_-_Big_Dummy_Shake,nvidia/canary-1b-v2,you,166,121.24,121.37,substitution,0.3551062822341919,0.42311906119187676,0.85650821129481,2350.650420826693,0.49365370273590087
Moosmusic_-_Big_Dummy_Shake,nvidia/canary-1b-v2,human,167,121.37,122.18,correct,0.2729692328935382,1.0238860076528855,0.40683450652607556,2759.0007862908237,0.5869427604236822
Moosmusic_-_Big_Dummy_Shake,nvidia/canary-1b-v2,and,168,122.18,122.91,correct,0.2420865825459927,0.6286270369928849,0.611973993763139,2056.003642093009,0.48564642743219305
Moosmusic_-_Big_Dummy_Shake,nvidia/canary-1b-v2,if,169,125.11,126.43,correct,0.2573665186023036,0.8692377805181429,0.6133935401837031,2708.8848349275863,0.5661974595793595
Moosmusic_-_Big_Dummy_Shake,nvidia/canary-1b-v2,it's,170,126.43,127.08,substitution,0.20297963586701473,0.5136220373318229,0.6392861077903023,3478.3685942034726,0.6814863828706069
Moosmusic_-_Big_Dummy_Shake,nvidia/canary-1b-v2,all,171,127.08,127.58,substitution,0.36682227971377196,1.5963799561615344,0.2563035179067541,2524.242523524644,0.5230826255347993
Moosmusic_-_Big_Dummy_Shake,nvidia/canary-1b-v2,just,172,127.58,128.07,substitution,0.3263004354710849,0.9520857561871691,0.6473921880407153,2982.410870280241,0.606980193336055
Moosmusic_-_Big_Dummy_Shake,nvidia/canary-1b-v2,the,173,128.07,128.33,deletion,0.3528345761627987,1.089486808612429,0.45132756747048475,2947.203325631859,0.6145189075634397
Moosmusic_-_Big_Dummy_Shake,nvidia/canary-1b-v2,same,174,128.33,129.11,deletion,0.36628402592170806,0.9598445432881514,0.5355462495769773,3161.667973268907,0.5288714415260724
Moosmusic_-_Big_Dummy_Shake,nvidia/canary-1b-v2,to,175,129.11,130.14,correct,0.34189638018876584,0.7119805865191124,0.5235623268930761,2575.0036290761877,0.44400742891672496
Moosmusic_-_Big_Dummy_Shake,nvidia/canary-1b-v2,you,176,130.17,130.23,correct,0.095722327940166,0.1004361230880022,0.9540269523859024,2809.640549936334,0.5945260226726532
Moosmusic_-_Big_Dummy_Shake,nvidia/canary-1b-v2,then,177,130.44,130.99,correct,0.29577895887196065,1.251330493638913,0.39528184235095976,2560.242833149657,0.5369407946864764
Moosmusic_-_Big_Dummy_Shake,nvidia/canary-1b-v2,could,178,130.99,131.12,substitution,0.2317298988501231,0.3517662743727366,0.8181374728679657,2885.6309862818143,0.5827929337819417
Moosmusic_-_Big_Dummy_Shake,nvidia/canary-1b-v2,you,179,131.12,131.18,correct,0.38693640913282124,1.4474865198135376,0.2956689489739282,2788.876869634595,0.6301152450697762
Moosmusic_-_Big_Dummy_Shake,nvidia/canary-1b-v2,tell,180,131.18,131.79,correct,0.3025543667150266,1.4094346696228692,0.27020018491329567,2795.2146715817994,0.5654125331026135
Moosmusic_-_Big_Dummy_Shake,nvidia/canary-1b-v2,me,181,131.79,131.85,correct,0.18205956183373928,0.14519012346863747,1.2793158441781998,2652.376531314041,0.5882153138518333
Moosmusic_-_Big_Dummy_Shake,nvidia/canary-1b-v2,truly,182,131.85,132.14,substitution,0.2634131264302038,1.0153712524521736,0.47873304039239883,3012.1645243501357,0.6274066355920607
Moosmusic_-_Big_Dummy_Shake,nvidia/canary-1b-v2,are,183,132.14,132.62,correct,0.25078889811938665,1.6487358021286298,0.18398486611978063,2788.5457131773055,0.5618759455545893
Moosmusic_-_Big_Dummy_Shake,nvidia/canary-1b-v2,you,184,132.62,133.06,substitution,0.26554794640590745,0.6011002509233853,0.5374069611231486,2500.0782927124733,0.5127866708983978
Moosmusic_-_Big_Dummy_Shake,nvidia/canary-1b-v2,human,185,133.22,133.89,deletion,0.2934792675077915,0.42015888914465904,0.7266390861736404,2203.500441371825,0.4655873444345262
Moosmusic_-_Big_Dummy_Shake,nvidia/canary-1b-v2,baby's,186,133.89,134.37,correct,0.19431557076481673,0.7857676268770144,0.5841341395504199,2615.835661060228,0.5984783831697243
Moosmusic_-_Big_Dummy_Shake,nvidia/canary-1b-v2,had,187,134.37,134.47,correct,0.17189322287837663,0.17755698723097643,1.0060862302780151,2321.068382310447,0.544763425985972
Moosmusic_-_Big_Dummy_Shake,nvidia/canary-1b-v2,a,188,134.47,134.5,correct,0.08008429035544395,0.08072446659207344,1.0430986136198044,1918.4078302444664,0.43105117231607437
Moosmusic_-_Big_Dummy_Shake,nvidia/canary-1b-v2,bad,189,134.55,135.61,substitution,0.4794772426810181,1.258923747887214,0.45113608293366014,2658.330018188494,0.45545819767734463
Moosmusic_-_Big_Dummy_Shake,nvidia/canary-1b-v2,bad,190,135.61,136.43,correct,0.30882055540992454,1.1456388046287678,0.4389088949696584,2122.290433443068,0.4169013032859022
Moosmusic_-_Big_Dummy_Shake,nvidia/canary-1b-v2,day,191,138.85,139.01,substitution,0.2855077394180828,1.1927821949227817,0.6990335964494281,2335.4046100481023,0.49473869966136086
Moosmusic_-_Big_Dummy_Shake,nvidia/canary-1b-v2,it,192,139.01,139.08,correct,0.2615982923242781,0.9328489734066857,0.3400675753752391,2030.7683842289964,0.44506746861669755
Moosmusic_-_Big_Dummy_Shake,nvidia/canary-1b-v2,would,193,139.08,139.21,correct,0.23595873912175497,0.7945588042338689,0.398554132382075,2435.7949993122215,0.5194217522939046
Moosmusic_-_Big_Dummy_Shake,nvidia/canary-1b-v2,seem,194,139.21,139.32,correct,0.751163586974144,1.1389083961645763,0.741141252219677,2109.5526636859763,0.5240742464860281
Moosmusic_-_Big_Dummy_Shake,nvidia/canary-1b-v2,we,195,139.32,139.38,correct,0.3255747128278017,1.7705178260803223,0.18428003694862127,2372.2384996014252,0.6009998619556427
Moosmusic_-_Big_Dummy_Shake,nvidia/canary-1b-v2,have,196,139.38,139.69,correct,0.2104494385421276,0.9996133196879836,0.4748322334797943,2210.5924709903284,0.4961870163679123
Moosmusic_-_Big_Dummy_Shake,nvidia/canary-1b-v2,to,197,139.69,140.53,substitution,0.26389143814643223,1.292663309392002,0.44115304251511894,2387.5403000671436,0.4869640284114414
Moosmusic_-_Big_Dummy_Shake,nvidia/canary-1b-v2,pay,198,140.56,141.1,correct,0.5842396239268368,1.2411760150872428,0.6019276583503033,2234.848491936535,0.36834760652533893
Moosmusic_-_Big_Dummy_Shake,nvidia/canary-1b-v2,for,199,141.16,141.25,correct,0.3578967019915581,0.4245294541120529,0.8611440062522888,1674.5703182416153,0.35186618864536284
Moosmusic_-_Big_Dummy_Shake,nvidia/canary-1b-v2,the,200,141.25,143.02,correct,0.24345206745753162,0.6345057363376806,0.6916055915583121,2266.4963789198932,0.4728343733831456
Moosmusic_-_Big_Dummy_Shake,nvidia/canary-1b-v2,pleasure,201,143.05,143.56,correct,0.24941736945350254,1.1270873014416014,0.3509947140701115,2396.5761602524694,0.5464083994073528
Moosmusic_-_Big_Dummy_Shake,nvidia/canary-1b-v2,of,202,143.56,143.85,substitution,0.20503521943464875,1.261545591056347,0.2742683724500239,2467.4187979145386,0.5545983789488673
Moosmusic_-_Big_Dummy_Shake,nvidia/canary-1b-v2,peace,203,143.95,144.24,substitution,0.22548171342350543,0.6410680634435266,0.46671252185478806,2556.694573125247,0.519270190037787
Moosmusic_-_Big_Dummy_Shake,nvidia/canary-1b-v2,for,204,144.39,144.66,substitution,0.34310594747463863,1.4031334504485131,1.203516252587239,2225.3099711097966,0.5422847876946132
Moosmusic_-_Big_Dummy_Shake,nvidia/canary-1b-v2,a,205,144.66,144.71,substitution,0.21521364152431488,0.8778858656684557,0.4404631604750951,1887.5046703276018,0.33694780866305035
Moosmusic_-_Big_Dummy_Shake,nvidia/canary-1b-v2,place,206,144.71,145.1,correct,0.22639306695308797,0.9597329247829526,0.5806822392136551,2040.5845241084776,0.43814244658447976
Moosmusic_-_Big_Dummy_Shake,nvidia/canary-1b-v2,in,207,145.31,145.49,substitution,0.22398896515369415,0.7491117179393768,0.42217220142483713,2291.619983234692,0.576128862798214
Moosmusic_-_Big_Dummy_Shake,nvidia/canary-1b-v2,the,208,145.49,145.56,correct,0.2145227806435691,0.5628776848316193,0.405003868871265,2540.0156961033435,0.5755013359917535
Moosmusic_-_Big_Dummy_Shake,nvidia/canary-1b-v2,sweetest,209,145.56,146.11,correct,0.28760860363642377,0.6932139039039612,0.5208521448075771,2874.393797274778,0.5921004772186279
Moosmusic_-_Big_Dummy_Shake,nvidia/canary-1b-v2,seats,210,146.11,146.93,correct,0.2806208428334106,0.34191595089875837,0.9588526832786474,3127.907386649719,0.5802471800283953
Moosmusic_-_Big_Dummy_Shake,nvidia/canary-1b-v2,woah,211,148.47,149.04,correct,0.4507875430487817,1.1061682552099228,0.4742880600594705,2457.6584057765103,0.44222256060569515
Moosmusic_-_Big_Dummy_Shake,nvidia/canary-1b-v2,sweetest,212,149.04,149.55,correct,0.38546862745923655,0.6009683640939849,0.7363107252333846,2643.236219910661,0.5209742092660495
Moosmusic_-_Big_Dummy_Shake,nvidia/canary-1b-v2,seats,213,149.55,150.7,substitution,0.3413198569683525,0.5183368329473628,0.8839453882802792,2865.4841300677886,0.5229369515810556
Moosmusic_-_Big_Dummy_Shake,nvidia/canary-1b-v2,see,214,152.39,152.67,correct,0.3864429597893069,0.5173094666773274,0.8288032777847782,3310.2323396960246,0.5764818499165196
Moosmusic_-_Big_Dummy_Shake,nvidia/canary-1b-v2,she's,215,152.67,152.93,substitution,0.42082742010724955,0.6117137380201241,0.7498126153288216,3260.361643564357,0.594203290240518
Moosmusic_-_Big_Dummy_Shake,nvidia/canary-1b-v2,got,216,152.93,153.35,substitution,0.48604579642415047,1.1115669059040754,0.5911174358233161,2031.4392158184723,0.3519457692037458
Moosmusic_-_Big_Dummy_Shake,nvidia/canary-1b-v2,a,217,153.35,153.38,deletion,0.1813393495976925,0.1936105154454708,0.9333856254816055,1911.0078198778633,0.3734258562326431
Moosmusic_-_Big_Dummy_Shake,nvidia/canary-1b-v2,brand,218,153.38,153.84,deletion,0.3264066383242607,1.148489492535591,0.3985656154155731,2136.531802509411,0.43498148798942565
Moosmusic_-_Big_Dummy_Shake,nvidia/canary-1b-v2,new,219,153.84,154.12,correct,0.25582424214770716,0.8076461755460308,0.3897243952078204,2259.2183055034484,0.5034343379159127
Moosmusic_-_Big_Dummy_Shake,nvidia/canary-1b-v2,song,220,154.12,154.61,substitution,0.18956722037972146,0.9106041162081484,0.389793779630706,2651.17066298901,0.5510978957392135
Moosmusic_-_Big_Dummy_Shake,nvidia/canary-1b-v2,she,221,154.61,154.88,correct,0.22056701357165973,0.7600568110744158,0.39358057354887327,2846.1234696259035,0.6631202419598897
Moosmusic_-_Big_Dummy_Shake,nvidia/canary-1b-v2,just,222,154.88,155.13,correct,0.18009664437600545,0.38749889550464495,0.6036060436495713,2900.191721226846,0.6399107788290296
Moosmusic_-_Big_Dummy_Shake,nvidia/canary-1b-v2,sings,223,155.13,155.4,substitution,0.11507473449254858,0.7604459544707989,0.34955433447813167,2785.6571861195152,0.6604202019757238
Moosmusic_-_Big_Dummy_Shake,nvidia/canary-1b-v2,it,224,155.4,155.52,substitution,0.1799489398087774,0.288499867277486,0.8949043176003865,2438.499895603844,0.509178706577846
Moosmusic_-_Big_Dummy_Shake,nvidia/canary-1b-v2,too,225,155.52,155.74,substitution,0.3814636266231537,0.48472923010587693,1.304368269443512,2125.5348972682973,0.5504032945632935
Moosmusic_-_Big_Dummy_Shake,nvidia/canary-1b-v2,loud,226,155.74,156.35,substitution,0.2157259067576943,0.6103747588102565,0.6551459770311009,2104.5052216719155,0.47883380317326746
Moosmusic_-_Big_Dummy_Shake,nvidia/canary-1b-v2,but,227,156.39,156.65,substitution,0.40761601488138066,1.697598811624379,0.658367162891503,2207.7884945776127,0.5417630240834993
Moosmusic_-_Big_Dummy_Shake,nvidia/canary-1b-v2,i,228,156.65,156.77,correct,0.2632516771554947,1.213259415967124,0.23555208955492293,2288.480525059896,0.4753640081201281
Moosmusic_-_Big_Dummy_Shake,nvidia/canary-1b-v2,make,229,156.77,157.05,substitution,0.2205770796825809,0.45995775994754606,0.5412484364163491,2090.832093136202,0.5099814120800265
Moosmusic_-_Big_Dummy_Shake,nvidia/canary-1b-v2,it,230,157.05,157.25,correct,0.26724823293360794,1.1348817538131366,0.24353932589292526,2393.2176370668717,0.5065876218405637
Moosmusic_-_Big_Dummy_Shake,nvidia/canary-1b-v2,alright,231,157.25,158.12,correct,0.29967920601050907,1.1466108113527298,0.439909621835389,2099.3827063362287,0.4512965124338231
Moosmusic_-_Big_Dummy_Shake,nvidia/canary-1b-v2,if,232,158.12,158.32,substitution,0.2876793457703157,0.43048022518103773,1.0096038898283786,2031.0382507971908,0.4952880076386712
Moosmusic_-_Big_Dummy_Shake,nvidia/canary-1b-v2,i,233,158.32,158.42,correct,0.32327858234445256,1.5035541554292042,0.21524489174286524,2103.3346058780535,0.3879871964454651
Moosmusic_-_Big_Dummy_Shake,nvidia/canary-1b-v2,walk,234,158.42,158.77,correct,0.22403282103569885,0.7094992438429281,0.5255423603873504,2044.0925747867977,0.42727691444911453
Moosmusic_-_Big_Dummy_Shake,nvidia/canary-1b-v2,away,235,158.77,159.06,substitution,0.37199725955724716,0.983133714646101,0.5062867561355233,1877.6750753398023,0.39067580830305815
Moosmusic_-_Big_Dummy_Shake,nvidia/canary-1b-v2,every,236,159.06,159.71,substitution,0.2946255763726575,0.8330780589154788,0.7189043698566301,2096.4100464180533,0.3964500035558428
Moosmusic_-_Big_Dummy_Shake,nvidia/canary-1b-v2,time,237,159.71,161.01,substitution,0.33576782500105246,0.4898341092347567,1.4010352654116494,2030.8366464228054,0.416199231254203
Moosmusic_-_Big_Dummy_Shake,nvidia/canary-1b-v2,woah,238,162.16,162.75,correct,0.4469538168050349,1.3508327065501362,0.38107529818080366,2032.571935281522,0.4414346772246063
Moosmusic_-_Big_Dummy_Shake,nvidia/canary-1b-v2,every,239,162.75,163.12,substitution,0.3875884670764208,0.8797262266278267,0.6784871373325586,2027.539944302755,0.44044668301939965
Moosmusic_-_Big_Dummy_Shake,nvidia/canary-1b-v2,time,240,163.12,164.35,substitution,0.4209588340511828,0.842118114769233,0.9447896933239518,2179.3013449684727,0.4649208898119854
Moosmusic_-_Big_Dummy_Shake,nvidia/canary-1b-v2,cause,241,165.6,165.79,substitution,0.3464079357328869,0.36392305188235785,0.9807273660387311,2759.633129287175,0.5796220997969309
Moosmusic_-_Big_Dummy_Shake,nvidia/canary-1b-v2,this,242,165.79,166.04,substitution,0.3439837340955381,0.41000734324808474,0.8190215539049219,3246.288718491932,0.6439925255598845
Moosmusic_-_Big_Dummy_Shake,nvidia/canary-1b-v2,is,243,166.04,166.14,substitution,0.35147327184677124,0.485293947160244,0.7135232090950012,3240.951882261556,0.6840442170699438
Moosmusic_-_Big_Dummy_Shake,nvidia/canary-1b-v2,so,244,166.14,166.76,deletion,0.2368574996492756,1.3571945664597982,0.36080408374320216,2679.7629711727295,0.5474005568383346
Moosmusic_-_Big_Dummy_Shake,nvidia/canary-1b-v2,serious,245,167.0,167.94,deletion,0.17256937507945713,0.42671702691529056,0.5018818210257162,2898.44710371261,0.6269743705149924
Moosmusic_-_Big_Dummy_Shake,nvidia/canary-1b-v2,it,246,168.21,168.26,deletion,0.19574294984340668,0.22969340750326714,2.251639167467753,2344.867959381628,0.5744676689306895
Moosmusic_-_Big_Dummy_Shake,nvidia/canary-1b-v2,ain't,247,168.26,168.8,deletion,0.2752516322721869,0.7204783750792682,0.389908931012881,2373.0743790575016,0.5381939103037624
Moosmusic_-_Big_Dummy_Shake,nvidia/canary-1b-v2,right,248,168.8,169.25,correct,0.27303053317021353,1.1973494653190886,0.3681530131369221,2286.789441375684,0.48027959526801595
Moosmusic_-_Big_Dummy_Shake,nvidia/canary-1b-v2,do,249,169.25,169.37,substitution,0.40804105358464376,0.6152168352689061,0.7308638393878937,2899.8698628845673,0.6820372513362339
Moosmusic_-_Big_Dummy_Shake,nvidia/canary-1b-v2,your,250,169.37,169.55,correct,0.2250921756029129,0.7612500712275505,0.32444427609443666,2725.9808151817037,0.6102031722664834
Moosmusic_-_Big_Dummy_Shake,nvidia/canary-1b-v2,big,251,169.55,170.03,correct,0.2809529439904369,0.6777618089690804,0.5603480972349644,2144.2908059006786,0.4341461583971977
Moosmusic_-_Big_Dummy_Shake,nvidia/canary-1b-v2,dummy,252,170.03,170.38,substitution,0.4083192957271087,0.7003960362390468,0.6415384866689381,2431.0534606511806,0.5544646452916296
Moosmusic_-_Big_Dummy_Shake,nvidia/canary-1b-v2,shake,253,170.38,170.78,correct,0.24827805550938303,0.46409210054711864,0.6386053128675981,3186.5181646014653,0.633578859269619
Moosmusic_-_Big_Dummy_Shake,nvidia/canary-1b-v2,and,254,170.78,170.91,correct,0.13093117699027063,0.24359500880042712,0.6737037161986034,2181.101642880672,0.48910975257555644
Moosmusic_-_Big_Dummy_Shake,nvidia/canary-1b-v2,pull,255,170.91,171.19,substitution,0.4303335137665272,0.8157725721116988,0.5096764040570105,2416.6715611867003,0.5794046953801186
Moosmusic_-_Big_Dummy_Shake,nvidia/canary-1b-v2,it,256,171.19,171.37,unknown,0.08908330295234919,0.505597580038011,0.36419782489538194,2491.3796203646184,0.5304294019937515
Moosmusic_-_Big_Dummy_Shake,nvidia/canary-1b-v2,back,257,171.37,171.8,unknown,0.18194191126113243,0.3610407699771384,0.8509149747960111,2031.1301847395214,0.46368708065215575
Moosmusic_-_Big_Dummy_Shake,nvidia/canary-1b-v2,again,258,171.8,172.6,unknown,0.26717773318117444,0.5310011508246494,0.5632159462155297,2342.4922007680684,0.5192542315222496
Moosmusic_-_Big_Dummy_Shake,nvidia/canary-1b-v2,oh,259,173.07,175.44,unknown,0.3654272634624027,1.4188320402965302,0.4121962629375965,1863.9386121834427,0.4445960262394327
Moosmusic_-_Big_Dummy_Shake,nvidia/canary-1b-v2,i'm,260,175.47,175.65,unknown,0.26963791958987715,0.6378329277038575,0.6221958085894584,1719.5323203582634,0.4031738206744194
Moosmusic_-_Big_Dummy_Shake,nvidia/canary-1b-v2,back,261,175.65,175.91,unknown,0.2603716950478225,0.6719965785741806,0.5520319563561472,2187.4934674578403,0.4882053743148672
Moosmusic_-_Big_Dummy_Shake,nvidia/canary-1b-v2,again,262,175.91,177.0,unknown,0.18991982406478816,0.6072581461393984,0.6301836472446636,2219.8516804326077,0.4457024321970293
Moosmusic_-_Big_Dummy_Shake,nvidia/canary-1b-v2,cause,263,179.28,179.53,unknown,0.14426176657003384,0.28588081730736625,0.743499571526492,2930.1640440860524,0.6648803861052902
Moosmusic_-_Big_Dummy_Shake,nvidia/canary-1b-v2,this,264,179.53,179.77,unknown,0.29256366855568355,0.3436487708930616,0.954613553153144,3455.4849105001163,0.7421245906088088
Moosmusic_-_Big_Dummy_Shake,nvidia/canary-1b-v2,is,265,179.77,179.89,unknown,0.16816640964576177,0.483573711344174,0.34670703751700266,3684.15891526853,0.6810552903584072
Moosmusic_-_Big_Dummy_Shake,nvidia/canary-1b-v2,so,266,179.89,180.52,unknown,0.21559159972650163,1.3310099989175797,0.28034648469046636,2681.4626293189017,0.5897426245843663
Moosmusic_-_Big_Dummy_Shake,nvidia/canary-1b-v2,serious,267,180.72,181.63,unknown,0.18518705681270484,0.3425183310648616,0.593443396140118,2800.6050449145728,0.5804672286826738
Moosmusic_-_Big_Dummy_Shake,nvidia/canary-1b-v2,it,268,181.9,181.95,unknown,0.19037607063849768,0.2061385124300917,2.9330464601516724,2246.54856043078,0.5738597065210342
Moosmusic_-_Big_Dummy_Shake,nvidia/canary-1b-v2,ain't,269,181.95,182.57,unknown,0.23090990194503,0.5690756181583685,0.4182604713475003,2177.1497044050366,0.4714574165203992
Moosmusic_-_Big_Dummy_Shake,nvidia/canary-1b-v2,right,270,182.57,182.97,unknown,0.31934824620568475,1.19069712019937,0.43580608693666234,1989.5486124442555,0.3920937662207803
Moosmusic_-_Big_Dummy_Shake,nvidia/canary-1b-v2,do,271,182.97,183.12,unknown,0.29119672933045554,0.6106570823227658,0.6476217078811982,3395.7574681235365,0.718734134646023
Moosmusic_-_Big_Dummy_Shake,nvidia/canary-1b-v2,your,272,183.12,183.35,unknown,0.10719859972596169,0.5641807266152822,0.20611434601820433,2606.8511109473334,0.5663417486044077
Moosmusic_-_Big_Dummy_Shake,nvidia/canary-1b-v2,big,273,183.35,183.8,unknown,0.19179870226249404,0.4955482551333856,0.5604524290075108,2198.599511747816,0.5008182756754817
Moosmusic_-_Big_Dummy_Shake,nvidia/canary-1b-v2,dummy,274,183.8,184.16,unknown,0.31358145750485933,1.096788020279163,0.4824389513486471,2663.2691500364845,0.5752405585386814
Moosmusic_-_Big_Dummy_Shake,nvidia/canary-1b-v2,shake,275,184.16,184.41,unknown,0.18323754293045827,0.3745992141110556,0.5671143893684659,2373.9352699327237,0.55305294160332
Moosmusic_-_Big_Dummy_Shake,nvidia/canary-1b-v2,and,276,184.47,184.61,unknown,0.0999174180906266,0.14634890272282064,0.8957390030846,2611.295903439292,0.5777165442705154
Moosmusic_-_Big_Dummy_Shake,nvidia/canary-1b-v2,pull,277,184.61,184.86,unknown,0.32137998486203806,0.6294647810448494,0.5969669528837714,2701.122083925509,0.6186433136463165
Moosmusic_-_Big_Dummy_Shake,nvidia/canary-1b-v2,it,278,184.86,185.11,unknown,0.101507962548307,0.5197661771838155,0.3817785890506847,2592.5323367865044,0.5889693615692002
Moosmusic_-_Big_Dummy_Shake,nvidia/canary-1b-v2,back,279,185.11,185.38,unknown,0.2703820487548565,0.6617542261193539,1.2623109334501728,2013.2475513976365,0.4953321650110442
Moosmusic_-_Big_Dummy_Shake,nvidia/canary-1b-v2,again,280,185.38,186.25,unknown,0.25310792429174517,0.4221458022106201,0.9091682884287327,2230.9862112315413,0.5200697380177518
Moosmusic_-_Big_Dummy_Shake,nvidia/canary-1b-v2,oh,281,186.51,189.16,unknown,0.3543018696987083,1.1658429144684908,0.5269365888613631,2023.4094340916567,0.4371838756955006
Moosmusic_-_Big_Dummy_Shake,nvidia/canary-1b-v2,i'm,282,189.19,189.39,unknown,0.19677079807628284,0.39110736413435504,0.5375730124386874,1902.3886301950324,0.43020944568243896
Moosmusic_-_Big_Dummy_Shake,nvidia/canary-1b-v2,back,283,189.39,189.66,unknown,0.18309400727351507,0.9034431040287018,0.4864627971003453,2385.1850658051817,0.5521515587965647
Moosmusic_-_Big_Dummy_Shake,nvidia/canary-1b-v2,again,284,189.66,190.36,unknown,0.19336119166722424,0.3717956536596543,0.759879719269903,2787.6335105587955,0.6429010225754035
Moosmusic_-_Big_Dummy_Shake,nvidia/canary-1b-v2,oh,285,193.64,196.06,unknown,0.12056537941008663,0.6244182827918289,0.17831873410166457,1375.2379620415547,0.29457877387221043
Mu_-_Too_Bright,nvidia/canary-1b-v2,while,0,9.89,10.48,substitution,0.34371739288326353,0.584680576925166,0.6296391705982387,2220.677600218605,0.5273839253932238
Mu_-_Too_Bright,nvidia/canary-1b-v2,the,1,10.48,11.03,substitution,0.2509419431289037,1.1674308493733405,0.4280544674644868,2447.857686263438,0.545126947760582
Mu_-_Too_Bright,nvidia/canary-1b-v2,colors,2,11.06,12.33,substitution,0.3054778104389671,0.7751745028543646,0.4655797876907091,2061.3442508728067,0.4444308843273316
Mu_-_Too_Bright,nvidia/canary-1b-v2,saturate,3,12.33,13.79,substitution,0.18826845918710416,0.6728234394954947,0.4502199925721074,2411.1337884048703,0.5448506264350353
Mu_-_Too_Bright,nvidia/canary-1b-v2,my,4,13.79,14.25,correct,0.1568568017260701,0.6695835195920047,0.2847847452058512,2548.8022766228505,0.6171835345380446
Mu_-_Too_Bright,nvidia/canary-1b-v2,mind,5,14.25,15.4,substitution,0.11279603897980074,0.510473032716692,0.30782386000321166,2459.927092440169,0.5755844312470134
Mu_-_Too_Bright,nvidia/canary-1b-v2,everyone,6,19.79,21.35,correct,0.22994854758005767,0.7316487566013599,0.4702787491093789,1908.5419637447083,0.44581968603389605
Mu_-_Too_Bright,nvidia/canary-1b-v2,is,7,21.35,22.17,correct,0.17993877616456963,0.5033647609789941,0.4722280932421034,2083.976702690919,0.4917335058139129
Mu_-_Too_Bright,nvidia/canary-1b-v2,dancing,8,22.17,23.11,correct,0.1733804230450415,0.6271919127480656,1.2533704779457813,2461.636974644678,0.5793416891612259
Mu_-_Too_Bright,nvidia/canary-1b-v2,on,9,23.11,23.81,correct,0.5733216926455498,0.9078749652703603,0.6098329923550287,1823.942582054,0.3099620856841405
Mu_-_Too_Bright,nvidia/canary-1b-v2,this,10,23.81,24.48,correct,0.22230082903414555,0.7921756275304376,0.37329106022642083,3713.2522915278805,0.5637849455010401
Mu_-_Too_Bright,nvidia/canary-1b-v2,serotonin,11,24.48,26.22,substitution,0.15439810725029118,0.632811897965048,0.3700270575861777,2152.9738423278613,0.5147801426950321
Mu_-_Too_Bright,nvidia/canary-1b-v2,high,12,26.22,27.22,correct,0.14465088286885508,0.33735009748488665,0.7703547229369482,2287.5673659386352,0.554024021382685
Mu_-_Too_Bright,nvidia/canary-1b-v2,this,13,31.79,32.17,correct,0.16909869511922201,0.5355689144538095,0.6797086399580751,2967.9181026426004,0.6563196671860558
Mu_-_Too_Bright,nvidia/canary-1b-v2,unmistakable,14,32.17,34.41,correct,0.15928950525509813,0.9774224765909215,0.26530726375058294,2525.026504233691,0.5899519778167208
Mu_-_Too_Bright,nvidia/canary-1b-v2,feeling,15,34.41,35.94,correct,0.3286385853297827,0.8740196946508637,0.5067086426041475,2498.073852000497,0.4691719768977747
Mu_-_Too_Bright,nvidia/canary-1b-v2,of,16,36.22,36.55,correct,0.20274826527262726,0.6920573962852359,0.394794727779097,1966.9466486980689,0.43200865305132335
Mu_-_Too_Bright,nvidia/canary-1b-v2,my,17,36.55,36.98,substitution,0.1202779065896856,0.9905543289286025,0.15247192622182218,2420.0154419936857,0.5757315399798941
Mu_-_Too_Bright,nvidia/canary-1b-v2,actual,18,36.98,38.55,correct,0.15589839204524955,0.7217343544720539,0.29265693499751033,2363.0389657165983,0.5652377451104778
Mu_-_Too_Bright,nvidia/canary-1b-v2,size,19,38.58,39.62,correct,0.13411389234741883,0.5216796568877596,0.7469248162316424,2879.9306443080227,0.6351136163409267
Mu_-_Too_Bright,nvidia/canary-1b-v2,freedom,20,40.63,41.38,correct,0.2153430130838612,0.339657238057964,0.9886173815638931,1922.708494711243,0.4366536228745072
Mu_-_Too_Bright,nvidia/canary-1b-v2,is,21,41.41,41.98,correct,0.30740229553375087,1.2725026432852276,0.31014718603892405,2696.549800351251,0.5023474424588875
Mu_-_Too_Bright,nvidia/canary-1b-v2,clearly,22,41.98,43.55,correct,0.2249719853452324,0.7564162233756226,0.9570584947452743,2240.37282335552,0.518602423943006
Mu_-_Too_Bright,nvidia/canary-1b-v2,on,23,43.58,44.06,substitution,0.3195208846949614,0.7160984840458975,0.5697687096320666,1688.6801512952852,0.41628112013523394
Mu_-_Too_Bright,nvidia/canary-1b-v2,the,24,44.06,44.45,correct,0.14588810607444408,0.9928581277991451,0.15705384002175443,2349.7197179670075,0.5502903073333031
Mu_-_Too_Bright,nvidia/canary-1b-v2,other,25,44.48,44.94,correct,0.23050934299826623,0.7696576696634293,0.4002410280704498,2270.805935295026,0.5276570492982864
Mu_-_Too_Bright,nvidia/canary-1b-v2,side,26,44.94,46.88,correct,0.18999134432166243,0.5629989878507331,0.4297670921167502,2038.5738956373996,0.5032277833670378
Mu_-_Too_Bright,nvidia/canary-1b-v2,freedom,27,50.57,51.29,correct,0.09416775074001256,0.4083378556631989,0.3828520459401143,1642.2756513666313,0.36230892552570865
Mu_-_Too_Bright,nvidia/canary-1b-v2,is,28,51.32,51.87,correct,0.11771149848098472,1.2194044291973114,0.15263081607172044,2423.6440734068838,0.3942505924378411
Mu_-_Too_Bright,nvidia/canary-1b-v2,clearly,29,51.87,53.05,correct,0.31984203467218897,0.9289014290460921,0.4036790588943977,1704.8729073907625,0.3104319845832239
Mu_-_Too_Bright,nvidia/canary-1b-v2,in,30,53.05,54.28,correct,0.19605364999733865,0.784516741112439,0.42808273965210625,1971.4088991159408,0.34190821275115013
Mu_-_Too_Bright,nvidia/canary-1b-v2,front,31,54.28,54.78,correct,0.06951925466683778,0.6827203635465015,0.2080915788357908,1693.7326485878714,0.3787907987833023
Mu_-_Too_Bright,nvidia/canary-1b-v2,of,32,54.78,54.88,correct,0.08652118593454361,0.7034994092854586,0.12364060397852551,963.666345392843,0.17811180651187897
Mu_-_Too_Bright,nvidia/canary-1b-v2,my,33,54.88,55.61,correct,0.06642714402155031,0.8428292206571072,0.11161584807913515,1294.1155284516635,0.3002900220925295
Mu_-_Too_Bright,nvidia/canary-1b-v2,eyes,34,55.64,56.74,substitution,0.1599416542610451,0.5066843186622533,0.3799668738321096,1154.4709854854673,0.2331918305208703
Mu_-_Too_Bright,nvidia/canary-1b-v2,it's,35,57.52,58.0,substitution,0.038344057832056515,0.3260238805355934,0.18303663999988481,2406.754046320144,0.5040118419207059
Mu_-_Too_Bright,nvidia/canary-1b-v2,much,36,58.0,58.76,substitution,0.17815397979646194,0.45996174815951324,0.4379481789088104,2791.2618807962135,0.45335224925017936
Mu_-_Too_Bright,nvidia/canary-1b-v2,too,37,58.76,59.29,substitution,0.21768559008065996,0.38764195401093055,0.5311242300888588,2214.3025551753385,0.3496936122918951
Mu_-_Too_Bright,nvidia/canary-1b-v2,bright,38,59.29,66.46,substitution,0.2824041894478991,0.684276221983874,0.42520958082093896,2719.037370400652,0.5456242974526577
Mu_-_Too_Bright,nvidia/canary-1b-v2,color,39,67.36,68.03,substitution,0.20244657838096222,0.6344161719316617,0.4864780882166492,2694.998800170217,0.5972320354647107
Mu_-_Too_Bright,nvidia/canary-1b-v2,my,40,68.03,76.0,substitution,0.27353027190676027,0.7372266654752536,0.3933409097944808,2516.763585829803,0.5197225191163121
Mu_-_Too_Bright,nvidia/canary-1b-v2,mind,41,76.03,76.68,substitution,0.06584098051026674,0.12018526228092297,1.844990439398188,2899.0510712178225,0.6357291198112596
Mu_-_Too_Bright,nvidia/canary-1b-v2,see,42,77.16,77.71,substitution,0.09462304568539064,0.30856803118561704,0.5880739202102025,3681.524107864724,0.6258297105630238
Mu_-_Too_Bright,nvidia/canary-1b-v2,inside,43,77.71,78.51,substitution,0.22735770791769028,0.5008941904403442,0.5776841796414797,3104.041145510287,0.5882530354483183
Mu_-_Too_Bright,nvidia/canary-1b-v2,my,44,78.51,79.11,substitution,0.39434690635937913,0.7113271263929514,0.6075534765536968,2991.172894551143,0.6435977105910962
Mu_-_Too_Bright,nvidia/canary-1b-v2,eyes,45,79.14,80.82,substitution,0.3026130699656076,0.49603024204261603,0.749943884048197,2507.893804180379,0.5766798118750255
Mu_-_Too_Bright,nvidia/canary-1b-v2,my,46,81.31,84.34,substitution,0.3241591644760819,0.65651336467227,0.5449906192995884,2400.3259419414717,0.5030662781662412
Mu_-_Too_Bright,nvidia/canary-1b-v2,eyes,47,84.37,84.91,substitution,0.17095312154141523,0.3901569274080507,0.6138736055058948,2674.3873549029927,0.5624831682544643
Mu_-_Too_Bright,nvidia/canary-1b-v2,they,48,87.19,88.45,substitution,0.34585292388995487,0.606606073850007,0.8307136811591961,2785.468199051649,0.469024599481512
Mu_-_Too_Bright,nvidia/canary-1b-v2,never,49,88.49,88.94,substitution,0.4564228057861328,0.7955025489232979,0.5757175896848951,2141.4719808364953,0.44983943384520864
Mu_-_Too_Bright,nvidia/canary-1b-v2,lie,50,88.94,95.42,substitution,0.398590869244731,0.7457639357830367,0.5556567250865191,2486.0496087741208,0.4789754307545281
Mu_-_Too_Bright,nvidia/canary-1b-v2,it's,51,95.45,96.2,substitution,0.23332015043239535,0.36161411834167845,0.7699383982905635,2185.2069240701508,0.4987119627587589
Mu_-_Too_Bright,nvidia/canary-1b-v2,true,52,97.74,97.91,substitution,0.2747022791912681,0.46992337580549676,11.524058312177658,3109.4103903170094,0.6993985646649411
Mu_-_Too_Bright,nvidia/canary-1b-v2,searing,53,97.91,98.8,substitution,0.3958136899551998,0.5185154423428079,0.953901719301939,2438.6623676071686,0.561145292284588
Mu_-_Too_Bright,nvidia/canary-1b-v2,silence,54,98.8,99.96,substitution,0.21915094220638276,0.10134297300875186,2.2208815212249755,3706.2246322885153,0.6801966443061829
Mu_-_Too_Bright,nvidia/canary-1b-v2,eating,55,108.94,109.94,substitution,0.41924293172136645,0.751452929505678,0.6865646523014407,2002.366176524224,0.4414268039932875
Mu_-_Too_Bright,nvidia/canary-1b-v2,its,56,109.94,110.14,substitution,0.2487947937587033,0.5556288452252097,0.4618354523959367,3397.6507180989024,0.6264728683492412
Mu_-_Too_Bright,nvidia/canary-1b-v2,own,57,110.14,110.75,substitution,0.23607657353083292,0.7476897325479623,0.3555338608496117,2370.8653321617594,0.507912915764433
Mu_-_Too_Bright,nvidia/canary-1b-v2,way,58,110.75,111.14,substitution,0.38565801296915325,0.5965832691817057,0.6497042775154114,1709.976978019146,0.36380502581596375
Mu_-_Too_Bright,nvidia/canary-1b-v2,itching,59,111.14,111.32,substitution,0.22533493772858665,0.2667860198943388,0.8768672716049921,3262.4010165781956,0.4792931569474084
Mu_-_Too_Bright,nvidia/canary-1b-v2,feelings,60,111.32,112.78,substitution,0.4014307943721994,0.7837535836614478,0.5822942406894305,2439.2956619223582,0.40907164519796
Mu_-_Too_Bright,nvidia/canary-1b-v2,how,61,112.78,112.85,substitution,0.18581635670529473,0.42630962530771893,0.49966156151559615,2516.947555922311,0.6053502692116631
Mu_-_Too_Bright,nvidia/canary-1b-v2,long,62,112.85,113.43,substitution,0.19386221764106598,0.9655974072123331,0.2130188691237616,2270.114200474348,0.5188579213997674
Mu_-_Too_Bright,nvidia/canary-1b-v2,will,63,113.43,113.5,substitution,0.20825477503240108,0.7748511806130409,0.25583159923553467,1939.326427550499,0.40541720017790794
Mu_-_Too_Bright,nvidia/canary-1b-v2,this,64,113.5,114.05,substitution,0.14680881475408872,0.5239032657817007,0.44206992300848164,2387.4664327995315,0.5577279100815455
Mu_-_Too_Bright,nvidia/canary-1b-v2,take,65,118.74,119.28,substitution,0.19608069223872684,0.3613007957810315,1.3194994628429413,2191.2365738992708,0.4956742484690779
Mu_-_Too_Bright,nvidia/canary-1b-v2,disembodied,66,119.28,119.88,substitution,0.2422190152681791,0.8311233872404465,0.3351552789027874,2266.075987453362,0.510606285241934
Mu_-_Too_Bright,nvidia/canary-1b-v2,voices,67,119.88,120.04,substitution,0.11712585555182563,0.08728388883173466,1.492698500553767,3470.3091394803746,0.7027425070603689
Mu_-_Too_Bright,nvidia/canary-1b-v2,they,68,120.04,121.03,substitution,0.2424996982346166,0.6701607807838129,0.4308436788477988,2107.094394082391,0.4723155827454801
Mu_-_Too_Bright,nvidia/canary-1b-v2,echo,69,121.03,122.7,substitution,0.31192003511017263,0.8938777217818372,0.44792063775675256,1903.828646820141,0.422734614357602
Mu_-_Too_Bright,nvidia/canary-1b-v2,it's,70,122.7,123.27,substitution,0.6395824505917488,0.8769044109409855,0.6828719348676743,2725.4501525995606,0.4462478377165333
Mu_-_Too_Bright,nvidia/canary-1b-v2,too,71,123.27,124.09,substitution,0.18474172522429,0.5394818808443929,0.5790517392118325,2647.609375126063,0.5194248376267679
Mu_-_Too_Bright,nvidia/canary-1b-v2,late,72,130.26,130.36,substitution,0.04969562900563081,0.01720176311209798,3.494774649540583,2521.506117601406,0.5890585208932558
Mu_-_Too_Bright,nvidia/canary-1b-v2,this,73,130.77,131.17,substitution,0.14806760407306932,0.5512607008938424,0.5975475314665925,3282.1230950517815,0.6619937101548369
Mu_-_Too_Bright,nvidia/canary-1b-v2,life,74,131.17,131.62,substitution,0.2059858848853987,1.0730118629883747,0.22056198621890982,2273.683153440591,0.5358520895242691
Mu_-_Too_Bright,nvidia/canary-1b-v2,of,75,131.62,132.05,substitution,0.21951264222251607,1.0886595204789589,0.24051016307574638,2218.785181192831,0.5145341513004709
Mu_-_Too_Bright,nvidia/canary-1b-v2,reason,76,132.05,132.43,substitution,0.23446928001031642,1.2565281805468769,0.24636006664212157,2231.1852603150733,0.5162990391254425
Mu_-_Too_Bright,nvidia/canary-1b-v2,when,77,132.43,132.52,substitution,0.3231553475965153,0.32739094170657074,0.972194029526277,1582.2594023417184,0.41382495110685175
Mu_-_Too_Bright,nvidia/canary-1b-v2,will,78,132.52,132.78,substitution,0.22483172858583517,1.2605957224451263,0.2009430255355506,2557.2086280392814,0.600267256128377
Mu_-_Too_Bright,nvidia/canary-1b-v2,it,79,132.78,132.9,substitution,0.15020613773511007,0.852867474922767,0.22112025091281304,2468.7187241238184,0.575988634274556
Mu_-_Too_Bright,nvidia/canary-1b-v2,break,80,133.01,133.95,substitution,0.20743136779211535,0.8457199896473696,0.35139618533672673,2329.11239505712,0.5236834575339119
Mu_-_Too_Bright,nvidia/canary-1b-v2,it's,81,135.78,137.4,substitution,0.14789979121071756,0.8031471875587726,0.3834951420050825,2451.5910492365283,0.5585626017496076
Mu_-_Too_Bright,nvidia/canary-1b-v2,much,82,137.4,137.5,substitution,0.14020035384843746,0.15282439067959785,2.3035527169704437,3087.5542948604157,0.7008301814397176
Mu_-_Too_Bright,nvidia/canary-1b-v2,too,83,137.5,138.48,substitution,0.15769419938607035,0.5902534939067544,0.3142689678747699,2245.322593544334,0.5378570164430816
Mu_-_Too_Bright,nvidia/canary-1b-v2,bright,84,138.48,138.6,substitution,0.15324019188327448,0.03920009665723358,5.430332324334553,3956.3965542724827,0.7215145379304886
Mu_-_Too_Bright,nvidia/canary-1b-v2,color,85,140.45,140.59,substitution,0.0409474439220503,0.03244266321416944,1.2725612670183182,2793.7623396402823,0.6823837868869305
Mu_-_Too_Bright,nvidia/canary-1b-v2,my,86,140.66,140.73,substitution,0.2280891982631551,0.2995141230834027,0.9773374729686313,1849.5667303166415,0.42171140677399105
Mu_-_Too_Bright,nvidia/canary-1b-v2,mind,87,140.73,140.91,substitution,0.34272144809365274,0.7238066121935844,0.4901982948184013,2525.9613153523305,0.39839485585689544
Mu_-_Too_Bright,nvidia/canary-1b-v2,see,88,140.91,141.01,substitution,0.30655793845653534,0.5878613367676735,0.5284383123119673,3874.1866527530183,0.6045022755861282
Mu_-_Too_Bright,nvidia/canary-1b-v2,inside,89,141.01,141.4,substitution,0.37181023756663006,1.0421962754002638,0.4032541059312366,2529.250428277951,0.4947338082960674
Mu_-_Too_Bright,nvidia/canary-1b-v2,my,90,141.52,141.91,substitution,0.22148954582422278,0.6101172039675158,0.37630346452080926,1978.9161351831995,0.4275874107383018
Mu_-_Too_Bright,nvidia/canary-1b-v2,eyes,91,141.94,142.53,substitution,0.22261667612474412,0.6614310753066093,0.3899099207483232,2369.176399440622,0.5523100895807147
Mu_-_Too_Bright,nvidia/canary-1b-v2,my,92,142.53,143.5,substitution,0.19895957628838146,0.6828394162540252,0.32527766333749664,1958.3575702789592,0.47278938643061197
Mu_-_Too_Bright,nvidia/canary-1b-v2,eyes,93,143.58,143.65,substitution,0.23052880354225636,0.026116323424503207,9.675484359264374,1362.7266931283325,0.35018113255500793
Mu_-_Too_Bright,nvidia/canary-1b-v2,they,94,143.99,144.06,substitution,0.29042549017402863,0.3164649104389052,1.7548279099994235,901.8777292262001,0.1897420667939716
Mu_-_Too_Bright,nvidia/canary-1b-v2,never,95,144.06,144.49,substitution,0.28087884599858143,0.8162650878125048,0.3731890793176407,1881.5958959480586,0.46616812129604057
Mu_-_Too_Bright,nvidia/canary-1b-v2,lie,96,144.49,144.76,substitution,0.18463994786143303,0.8283856729666392,0.2631227379043897,1914.9002320434909,0.46707817862431206
Mu_-_Too_Bright,nvidia/canary-1b-v2,it's,97,144.79,146.05,substitution,0.14227515396972498,0.8172042748304429,0.6445838073061572,2287.2430122857527,0.5471277987515485
Mu_-_Too_Bright,nvidia/canary-1b-v2,true,98,146.05,146.14,substitution,0.019475055096501655,0.02638488339090889,0.7667403979734941,2231.9255860130916,0.5665834573182192
Mu_-_Too_Bright,nvidia/canary-1b-v2,oh,99,146.63,146.85,substitution,0.3262473225593567,0.4970353579521179,0.6583281040191651,3673.9742446263226,0.3271007192134857
Mu_-_Too_Bright,nvidia/canary-1b-v2,i,100,146.88,146.94,substitution,0.07723363116383553,0.11782031399863106,0.6672852465084621,2273.609645978385,0.40599604163851055
Mu_-_Too_Bright,nvidia/canary-1b-v2,feel,101,146.94,147.18,correct,0.08560173627403048,0.16356468504225766,0.5412130620744493,3045.9373497762076,0.4819760775124585
Mu_-_Too_Bright,nvidia/canary-1b-v2,it,102,147.21,148.43,substitution,0.13146907755152415,0.4379029469351277,0.350047196993846,2350.4059016309006,0.4630941828243605
Mu_-_Too_Bright,nvidia/canary-1b-v2,call,103,148.43,154.32,substitution,0.2890060721216975,0.7112150835450768,0.4289785293071562,2725.95785689471,0.5354889872911814
Mu_-_Too_Bright,nvidia/canary-1b-v2,there's,104,154.32,155.42,substitution,0.20490474607638953,0.6404869360457949,0.3717061058312905,2745.990105424179,0.608630611115143
Mu_-_Too_Bright,nvidia/canary-1b-v2,nothing,105,156.49,165.34,substitution,0.30677888009638066,0.7194928548954151,0.43119259299266904,2694.219165576822,0.5084454277835826
Mu_-_Too_Bright,nvidia/canary-1b-v2,wrong,106,165.34,165.75,substitution,0.040733242800666224,0.016365467798378733,3.5423212978574963,3357.3445822443987,0.6689449237452613
Mu_-_Too_Bright,nvidia/canary-1b-v2,at,107,166.47,166.75,substitution,0.1091647919627928,0.4376279596359499,0.2525030561993199,3150.8984442406154,0.6296667735422811
Mu_-_Too_Bright,nvidia/canary-1b-v2,all,108,166.75,166.81,substitution,0.10900774132460356,0.3980884086340666,0.28920591436326504,3028.5627693201704,0.5504044741392136
Mu_-_Too_Bright,nvidia/canary-1b-v2,i,109,166.81,166.84,substitution,0.16785230487585068,0.15118997730314732,1.2492655962705612,3967.083865805806,0.621885672211647
Mu_-_Too_Bright,nvidia/canary-1b-v2,need,110,166.84,166.9,substitution,0.13694730081728526,0.23942711630037852,0.6327315185751233,3487.6964085145582,0.6338503020150321
Mu_-_Too_Bright,nvidia/canary-1b-v2,some,111,166.9,167.52,substitution,0.2865263740740605,0.5805497111669228,0.5932342854898367,3032.2872628050436,0.5835598200114805
Mu_-_Too_Bright,nvidia/canary-1b-v2,more,112,167.52,167.61,unknown,0.20462796701626343,0.19696364890445361,1.0246701836585999,1971.2183625121747,0.4927726767279885
Mu_-_Too_Bright,nvidia/canary-1b-v2,now,113,167.61,167.69,unknown,0.4973680078983307,0.5029663940270742,1.026965061823527,3363.938007638833,0.7623648179901971
Mu_-_Too_Bright,nvidia/canary-1b-v2,i,114,167.72,169.75,unknown,0.32915243942479383,0.5906210110140836,0.6018610579489563,2648.071269276481,0.5928563855348095
Mu_-_Too_Bright,nvidia/canary-1b-v2,just,115,170.41,173.36,unknown,0.2987747784171786,0.6648514841757124,0.47424862810543605,2271.9029177067323,0.5006615365781482
Mu_-_Too_Bright,nvidia/canary-1b-v2,overdose,116,173.36,173.92,unknown,0.17578243281020492,0.44490751758462094,0.43627257962695887,2542.6253048150147,0.5516816299469745
Mu_-_Too_Bright,nvidia/canary-1b-v2,on,117,173.92,173.98,unknown,0.0675252660044602,0.04936574559126582,1.3587766119412013,4019.925269013499,0.7343494806970868
Mu_-_Too_Bright,nvidia/canary-1b-v2,you,118,173.98,174.14,unknown,0.030737269359330337,0.01771332820256551,1.8510070972972446,3198.0823865795223,0.7085128393438127
Mu_-_Too_Bright,nvidia/canary-1b-v2,it's,119,176.28,185.36,unknown,0.3596352507832188,0.6894349525235709,0.7029757593730532,2463.907933856303,0.48276827488213747
Mu_-_Too_Bright,nvidia/canary-1b-v2,much,120,186.81,186.9,unknown,0.39486312568187715,0.3736797229736112,22.21160688996315,3228.661094497948,0.7324884176254273
Mu_-_Too_Bright,nvidia/canary-1b-v2,too,121,186.9,189.59,unknown,0.2668670653882954,0.23607068787168828,4.663190332551797,3036.564152812811,0.5586239964080354
Mu_-_Too_Bright,nvidia/canary-1b-v2,bright,122,197.9,199.05,unknown,0.5938479865510617,0.9407625771878708,0.928431274189103,1763.4195651416887,0.3178162312195186
Mu_-_Too_Bright,nvidia/canary-1b-v2,color,123,200.98,201.44,unknown,0.30090523093938826,0.8120110377669334,0.46168517202138903,2162.342109114391,0.5348524367809295
Mu_-_Too_Bright,nvidia/canary-1b-v2,my,124,201.71,203.02,unknown,0.40012595681011254,1.1050035405428487,1.1435689065367618,2145.731668786001,0.5034205237178938
Mu_-_Too_Bright,nvidia/canary-1b-v2,mind,125,203.19,204.58,unknown,0.30414946047251656,0.5604001176574787,4.176698004439373,1856.8539935590325,0.4323875326038207
Mu_-_Too_Bright,nvidia/canary-1b-v2,see,126,204.69,205.03,unknown,0.6225907005168296,1.101550215804899,0.5911074167973286,2438.8738699954856,0.3551691480585047
Mu_-_Too_Bright,nvidia/canary-1b-v2,inside,127,205.03,205.28,unknown,0.330916485616139,0.6548982371709177,0.6411653789026397,2900.5071607110194,0.4772205113300255
Mu_-_Too_Bright,nvidia/canary-1b-v2,my,128,205.28,205.39,unknown,0.5665680147134341,1.079332016981565,0.5258402457604041,1990.4437261021365,0.3400534391403198
Mu_-_Too_Bright,nvidia/canary-1b-v2,eyes,129,205.39,205.7,unknown,0.2935873028986594,0.8320698082885322,0.3938404707347645,2686.4912012130544,0.4537358757327585
Mu_-_Too_Bright,nvidia/canary-1b-v2,my,130,205.7,205.76,unknown,0.12645114213228226,0.08668997990233558,1.5595969472612654,2601.797168565549,0.601651838847569
Mu_-_Too_Bright,nvidia/canary-1b-v2,eyes,131,205.76,205.97,unknown,0.130349554742376,0.07364108537634213,1.820101757844289,2957.3495933943573,0.6691047499577204
Mu_-_Too_Bright,nvidia/canary-1b-v2,they,132,205.97,206.39,unknown,0.2697983039749993,1.0107602167460654,0.40388491286171807,2567.99072731187,0.48455957969029745
Mu_-_Too_Bright,nvidia/canary-1b-v2,never,133,206.39,206.68,unknown,0.1805952382273972,0.5455167712643743,0.34722907841205597,2313.569693590678,0.5285149440169334
Mu_-_Too_Bright,nvidia/canary-1b-v2,lie,134,206.68,264.73,unknown,0.26512207663994736,0.551169544822542,2.7395607296136206,2390.0001464161505,0.48587299468067646
Punkdisco_-_Oral_Hygiene,nvidia/canary-1b-v2,what,0,8.03,9.14,correct,0.12886144399267285,0.44851269799176047,5.840704516578121,2109.9389256219583,0.4730695353335693
Punkdisco_-_Oral_Hygiene,nvidia/canary-1b-v2,you,1,9.26,9.32,correct,0.07261268608272076,0.27049788320437074,0.4525326918810606,2611.7900678514134,0.6018738634884357
Punkdisco_-_Oral_Hygiene,nvidia/canary-1b-v2,gonna,2,9.85,10.06,correct,0.06327689780543248,0.05409537651576102,1.7948450185358524,1927.4178707901626,0.45463632854322594
Punkdisco_-_Oral_Hygiene,nvidia/canary-1b-v2,do,3,10.15,10.43,correct,0.05260617538325248,0.06734484689490448,1.2370592201909711,1446.8755671281067,0.3679858047154642
Punkdisco_-_Oral_Hygiene,nvidia/canary-1b-v2,that,4,10.46,11.77,correct,0.1999907741943995,0.4289863364414332,0.9924468145514211,2036.3703372635969,0.44455261665878565
Punkdisco_-_Oral_Hygiene,nvidia/canary-1b-v2,for,5,11.91,12.43,substitution,0.235142383591405,0.43983601338030504,0.9986387219812188,1500.1969978176837,0.31173304920750006
Punkdisco_-_Oral_Hygiene,nvidia/canary-1b-v2,i,6,14.32,14.38,correct,0.10239499381610326,0.24971606569098576,1.1905949328626906,1598.4610864924139,0.39084030049187796
Punkdisco_-_Oral_Hygiene,nvidia/canary-1b-v2,thought,7,14.38,14.72,correct,0.1647616881681116,0.46958849304600764,0.7048697593180757,2065.734766835618,0.4717770363939436
Punkdisco_-_Oral_Hygiene,nvidia/canary-1b-v2,i,8,14.72,14.83,correct,0.25505106275280315,0.5224707635740439,0.576829249660174,1695.4621718616663,0.40955519924561185
Punkdisco_-_Oral_Hygiene,nvidia/canary-1b-v2,told,9,14.83,15.23,correct,0.2574359015984969,0.32508726125921716,1.2738680619407783,2672.992626220476,0.6094416549259966
Punkdisco_-_Oral_Hygiene,nvidia/canary-1b-v2,you,10,15.23,15.47,correct,0.14444231904215282,0.5213423238860236,0.33845309250884587,2056.409799780795,0.3859901969079618
Punkdisco_-_Oral_Hygiene,nvidia/canary-1b-v2,not,11,15.47,15.81,substitution,0.15354072101212837,0.4914679394883884,1.531977485563304,1688.2068313023437,0.40575804581513275
Punkdisco_-_Oral_Hygiene,nvidia/canary-1b-v2,to,12,15.81,16.38,correct,0.18888557419901894,0.22453904318653287,1.1933405466618077,2346.916923067999,0.5277150859755855
Punkdisco_-_Oral_Hygiene,nvidia/canary-1b-v2,now,13,18.4,18.58,correct,0.2595705194398761,0.6859016656875611,0.37369736284017563,1717.1486464213563,0.31194813773036
Punkdisco_-_Oral_Hygiene,nvidia/canary-1b-v2,i'm,14,18.58,18.68,correct,0.18773903045803308,0.4165931815902392,0.5095624923706055,1567.0862101958774,0.33238982657591504
Punkdisco_-_Oral_Hygiene,nvidia/canary-1b-v2,gonna,15,18.68,18.9,correct,0.2436145457625389,0.41697130545973776,0.7865192568302155,1847.7711310904883,0.4119710195064545
Punkdisco_-_Oral_Hygiene,nvidia/canary-1b-v2,have,16,18.9,19.2,correct,0.2698941228516174,0.34134147372661217,1.3063598257122617,2430.5338300615385,0.5573967866825335
Punkdisco_-_Oral_Hygiene,nvidia/canary-1b-v2,to,17,19.2,19.35,correct,0.12312072668881978,0.3059676481301294,1.3533754410112606,2414.110270349027,0.5525572212303386
Punkdisco_-_Oral_Hygiene,nvidia/canary-1b-v2,clean,18,19.35,19.7,substitution,0.1859157397166679,0.4736683751995626,0.8303534114047101,2169.080156680579,0.44369210145975413
Punkdisco_-_Oral_Hygiene,nvidia/canary-1b-v2,my,19,19.7,19.85,correct,0.2124303276924526,0.877325242933105,0.273713783306234,1944.1654924499637,0.35268016071880565
Punkdisco_-_Oral_Hygiene,nvidia/canary-1b-v2,teeth,20,19.85,20.39,correct,0.15657736600280323,0.26173543949322453,1.1618803996464302,2593.3468234727943,0.5126791162223652
Punkdisco_-_Oral_Hygiene,nvidia/canary-1b-v2,i'm,21,22.36,22.47,correct,0.13631591014564037,0.4566317272062103,0.42997924859325093,1701.8667816819234,0.32855618248383206
Punkdisco_-_Oral_Hygiene,nvidia/canary-1b-v2,not,22,22.47,22.76,correct,0.1992949770647101,0.5418770185206085,1.0701926541514695,1787.713993230372,0.3933564415201545
Punkdisco_-_Oral_Hygiene,nvidia/canary-1b-v2,that,23,22.91,23.23,substitution,0.29096802206976075,0.49982330155159743,1.1668000693832126,2111.8013040253772,0.48228659459522794
Punkdisco_-_Oral_Hygiene,nvidia/canary-1b-v2,sort,24,23.33,23.63,correct,0.16952310118711356,0.39990092712369835,0.8036412172245256,3222.1844519007846,0.46609113523454376
Punkdisco_-_Oral_Hygiene,nvidia/canary-1b-v2,of,25,23.63,23.92,correct,0.19151061959564686,0.4405046134488657,1.3351713921874762,1755.5398478518673,0.3485679989680648
Punkdisco_-_Oral_Hygiene,nvidia/canary-1b-v2,girl,26,23.92,24.37,deletion,0.3537635669416311,0.6709408815379958,0.9149489226389904,1700.0816891974732,0.2577352386956312
Punkdisco_-_Oral_Hygiene,nvidia/canary-1b-v2,now,27,34.37,34.58,deletion,0.17425927908524222,0.5060509076422971,0.43032875462718634,1908.1771028050978,0.38315667082434113
Punkdisco_-_Oral_Hygiene,nvidia/canary-1b-v2,i'm,28,34.58,34.65,deletion,0.15525061595771047,0.2659040557013618,0.718614250421524,1784.0526963456407,0.39773471487893
Punkdisco_-_Oral_Hygiene,nvidia/canary-1b-v2,gonna,29,34.65,34.89,deletion,0.18807463921033418,0.32947648502886295,0.8217918139237624,2253.9534918102904,0.5407147109508514
Punkdisco_-_Oral_Hygiene,nvidia/canary-1b-v2,have,30,34.89,35.2,deletion,0.2411524285288418,0.3464361283215968,1.5721207979847402,2286.462444918578,0.552930614527534
Punkdisco_-_Oral_Hygiene,nvidia/canary-1b-v2,to,31,35.2,35.34,deletion,0.19328067498281598,0.2507131661986932,1.2368487268686295,2839.9622412005674,0.5717988349497318
Punkdisco_-_Oral_Hygiene,nvidia/canary-1b-v2,clean,32,35.34,35.69,correct,0.2839427115885835,0.4927522304320806,1.125564390107205,2566.382956737302,0.45639729852739136
Punkdisco_-_Oral_Hygiene,nvidia/canary-1b-v2,my,33,35.69,35.85,correct,0.3107404352890121,0.884497978621059,0.38842202557457817,2133.5118031471156,0.4081648704078462
Punkdisco_-_Oral_Hygiene,nvidia/canary-1b-v2,teeth,34,35.85,36.39,correct,0.19713540886670855,0.30132747720927,1.3602825797210305,3090.0705850069817,0.5504287380283162
Punkdisco_-_Oral_Hygiene,nvidia/canary-1b-v2,i'm,35,38.36,38.47,correct,0.11739385844423221,0.43253719348173875,0.5404222252277228,1730.76508081771,0.34722543221253616
Punkdisco_-_Oral_Hygiene,nvidia/canary-1b-v2,not,36,38.47,38.76,substitution,0.21776163100730628,0.5376898300019093,1.3258920824155211,1912.363692031715,0.429115928709507
Punkdisco_-_Oral_Hygiene,nvidia/canary-1b-v2,that,37,38.91,39.36,correct,0.23706406149633077,0.36490739087517166,2.231868484190532,2864.7429450840586,0.6077286479424457
Punkdisco_-_Oral_Hygiene,nvidia/canary-1b-v2,sort,38,39.36,39.57,correct,0.153593055256035,0.37629805286617385,0.8885271166977675,3553.364660109354,0.6230161734249281
Punkdisco_-_Oral_Hygiene,nvidia/canary-1b-v2,of,39,39.57,39.92,correct,0.18626817277608773,0.4902629671761623,1.0255931283418949,2124.227373214049,0.5056835856193151
Punkdisco_-_Oral_Hygiene,nvidia/canary-1b-v2,girl,40,39.92,40.42,correct,0.2870783971415626,0.6100778326185213,1.4185081256760492,2336.244906737565,0.4618652829969371
Punkdisco_-_Oral_Hygiene,nvidia/canary-1b-v2,it,41,50.26,50.36,correct,0.13938052004033868,0.2792029218240218,0.636491211977872,1618.3943350186355,0.3756627250801433
Punkdisco_-_Oral_Hygiene,nvidia/canary-1b-v2,was,42,50.36,50.54,correct,0.14815679378807545,0.23520960733294488,0.6551322311162948,2695.2363181007404,0.5426797062158585
Punkdisco_-_Oral_Hygiene,nvidia/canary-1b-v2,just,43,50.54,50.77,correct,0.13620663061738014,0.29496495017352015,1.5816577053987062,2763.400624059116,0.561585362140949
Punkdisco_-_Oral_Hygiene,nvidia/canary-1b-v2,the,44,50.77,50.85,correct,0.18668291883336174,0.13981194204340378,2.734596292177836,1612.0153355996947,0.419897456963857
Punkdisco_-_Oral_Hygiene,nvidia/canary-1b-v2,same,45,50.85,51.17,substitution,0.20866848942306307,0.35106237180944944,0.7351185629765192,2845.5580064277087,0.61310247083505
Punkdisco_-_Oral_Hygiene,nvidia/canary-1b-v2,as,46,51.17,51.29,correct,0.13972274328653628,0.26448732843765843,0.8059115020128397,2778.628463963245,0.6016953106109912
Punkdisco_-_Oral_Hygiene,nvidia/canary-1b-v2,the,47,51.29,51.37,correct,0.13279333263635634,0.4476201757788658,0.8588845491409302,2469.028920625311,0.5846258163452148
Punkdisco_-_Oral_Hygiene,nvidia/canary-1b-v2,last,48,51.37,51.95,correct,0.18942177272032176,0.6349885194813685,0.531155904370641,2186.2049894922743,0.4383277881240088
Punkdisco_-_Oral_Hygiene,nvidia/canary-1b-v2,time,49,51.95,52.41,correct,0.15908739488571882,0.3603352110181004,1.0437905552983284,2397.685195570205,0.5164115983247757
Punkdisco_-_Oral_Hygiene,nvidia/canary-1b-v2,and,50,54.24,54.37,correct,0.1439378008246422,0.334866297741731,0.5901370167732238,1604.668068793702,0.3700568715731303
Punkdisco_-_Oral_Hygiene,nvidia/canary-1b-v2,the,51,54.37,54.41,correct,0.07485030442476273,0.15780477002263069,0.7339809954166412,1716.2936498517022,0.43597052693367006
Punkdisco_-_Oral_Hygiene,nvidia/canary-1b-v2,time,52,54.41,54.74,substitution,0.2776227363695701,0.5624547064200871,0.6954017318785191,1930.440716014882,0.39277536794543266
Punkdisco_-_Oral_Hygiene,nvidia/canary-1b-v2,before,53,54.74,55.18,correct,0.17142699542455375,0.4135751059123625,1.0189283307020862,2071.5843578024746,0.5061109103262424
Punkdisco_-_Oral_Hygiene,nvidia/canary-1b-v2,and,54,55.26,55.35,correct,0.13917592465877532,0.5430825218558312,0.3052545920014381,2159.620524344351,0.5490875333547592
Punkdisco_-_Oral_Hygiene,nvidia/canary-1b-v2,the,55,55.35,55.4,correct,0.123658686876297,0.3378075659275055,0.588270080941064,2004.5302950495195,0.4867568016052246
Punkdisco_-_Oral_Hygiene,nvidia/canary-1b-v2,time,56,55.4,55.73,correct,0.2060611889594131,0.4909597035083506,0.5978764233489832,1936.7157921117696,0.41495685031016666
Punkdisco_-_Oral_Hygiene,nvidia/canary-1b-v2,before,57,55.73,56.26,correct,0.15974100184594764,0.3104687602227104,1.1347029132061992,2070.770939977842,0.4883904457092285
Punkdisco_-_Oral_Hygiene,nvidia/canary-1b-v2,it,58,58.22,58.33,correct,0.19274870740870634,0.5007620106140772,0.4898792852958043,1872.8632123213408,0.47458038479089737
Punkdisco_-_Oral_Hygiene,nvidia/canary-1b-v2,was,59,58.33,58.46,correct,0.11029877811670304,0.28820382604996364,0.5250166565179825,3078.073261580355,0.5431612630685171
Punkdisco_-_Oral_Hygiene,nvidia/canary-1b-v2,just,60,58.46,58.73,substitution,0.22275418030718963,0.27245313112313546,1.4313743193944295,3538.5278590987646,0.5374611308177312
Punkdisco_-_Oral_Hygiene,nvidia/canary-1b-v2,the,61,58.73,58.82,correct,0.17151512544263492,0.18581898874518546,1.5054607391357422,2060.1435614729508,0.4562953737649051
Punkdisco_-_Oral_Hygiene,nvidia/canary-1b-v2,same,62,58.82,59.15,correct,0.19555954138437906,0.30529613192710614,0.7414898176987966,2955.5025444938506,0.5078226576248804
Punkdisco_-_Oral_Hygiene,nvidia/canary-1b-v2,as,63,59.15,59.24,correct,0.14418186396360397,0.23269137926399708,0.8771763205528259,3019.5729928802466,0.5295373201370239
Punkdisco_-_Oral_Hygiene,nvidia/canary-1b-v2,the,64,59.24,59.37,correct,0.2522808869679769,0.6152136143296957,0.9753589351971944,2143.1028976691578,0.4208361784617106
Punkdisco_-_Oral_Hygiene,nvidia/canary-1b-v2,last,65,59.37,59.91,correct,0.15811374897168853,0.47509112966767814,0.5556379513720334,2617.91144475155,0.4427299307564558
Punkdisco_-_Oral_Hygiene,nvidia/canary-1b-v2,time,66,59.91,60.45,correct,0.16559045199873085,0.2629962378986559,1.5688317003896681,2285.101588930734,0.47474460733138907
Punkdisco_-_Oral_Hygiene,nvidia/canary-1b-v2,and,67,62.21,62.36,substitution,0.15334857167566524,0.30955399025012464,0.776496922268587,1746.0000645169248,0.40349510312080383
Punkdisco_-_Oral_Hygiene,nvidia/canary-1b-v2,the,68,62.36,62.4,substitution,0.08245740706721942,0.22214645612984896,0.7732502892613411,1355.2071503613133,0.3353131115436554
Punkdisco_-_Oral_Hygiene,nvidia/canary-1b-v2,time,69,62.4,62.73,substitution,0.22018109489646223,0.6001202798862424,0.5833821383615335,1887.8974286951407,0.41424811258912086
Punkdisco_-_Oral_Hygiene,nvidia/canary-1b-v2,before,70,62.73,63.21,substitution,0.1523579855521138,0.40598678427676743,1.0888165539273849,2308.6934132470396,0.550401006753628
Punkdisco_-_Oral_Hygiene,nvidia/canary-1b-v2,and,71,63.26,63.36,correct,0.23957393628855547,0.42612144475181896,0.6302209496498108,2073.269997377665,0.4905715857942899
Punkdisco_-_Oral_Hygiene,nvidia/canary-1b-v2,the,72,63.36,63.4,substitution,0.103464013338089,0.2165670558810234,0.6197546482086181,1941.6102778951213,0.4920778453350067
Punkdisco_-_Oral_Hygiene,nvidia/canary-1b-v2,time,73,63.4,63.74,correct,0.18076836317777634,0.5540893430242667,0.6238734673809361,2065.7355183170803,0.45091387951696243
Punkdisco_-_Oral_Hygiene,nvidia/canary-1b-v2,before,74,63.74,64.22,correct,0.16618188885304164,0.28526964263533644,1.056574841434101,2186.359641737164,0.5085259957133599
Punkdisco_-_Oral_Hygiene,nvidia/canary-1b-v2,what,75,69.46,69.71,correct,0.1738952493502034,0.3224162847597014,2.9100845886601343,1369.3595047425024,0.2872530128116961
Punkdisco_-_Oral_Hygiene,nvidia/canary-1b-v2,you,76,69.74,69.85,correct,0.2988540300956139,0.11970893680476226,12.051987684690035,1447.3631755775812,0.3677559724220863
Punkdisco_-_Oral_Hygiene,nvidia/canary-1b-v2,gonna,77,69.85,70.02,substitution,0.2794050809584166,0.42488218941970873,1.5414971426913613,1876.603798871501,0.42672986262723017
Punkdisco_-_Oral_Hygiene,nvidia/canary-1b-v2,that,78,70.02,70.79,substitution,0.25847282646650294,0.48875738725245715,0.837123250027737,2260.7342673461235,0.39414990235524006
Punkdisco_-_Oral_Hygiene,nvidia/canary-1b-v2,for,79,70.9,71.44,correct,0.17304001161355084,0.2988060754644921,1.279876708984375,1677.6351338109578,0.39112750200902
Punkdisco_-_Oral_Hygiene,nvidia/canary-1b-v2,i,80,73.33,73.42,correct,0.1247478195212104,0.23767941936173223,0.9727038117972288,1965.3894574965498,0.4809728915041143
Punkdisco_-_Oral_Hygiene,nvidia/canary-1b-v2,thought,81,73.42,73.71,correct,0.1679984403308481,0.35542331531178206,0.7772116912528872,2019.0376384554452,0.4819336268119514
Punkdisco_-_Oral_Hygiene,nvidia/canary-1b-v2,i,82,73.71,73.86,correct,0.24442784400547252,0.5150955358848852,0.5668279844171861,1963.4076968650897,0.49966338978094216
Punkdisco_-_Oral_Hygiene,nvidia/canary-1b-v2,told,83,73.86,74.23,correct,0.23527374695986508,0.3384018493350595,1.0732901714742185,2738.7945208212964,0.6100905664265156
Punkdisco_-_Oral_Hygiene,nvidia/canary-1b-v2,you,84,74.23,74.39,correct,0.11891653223170175,0.3531673360202048,0.36371925307644737,3313.2095869857962,0.6462866597705417
Punkdisco_-_Oral_Hygiene,nvidia/canary-1b-v2,not,85,74.39,74.81,substitution,0.13943805723734523,0.4264837331543474,0.9446396792064542,2219.487271183751,0.5233060879551846
Punkdisco_-_Oral_Hygiene,nvidia/canary-1b-v2,to,86,74.81,75.35,substitution,0.18086501716052072,0.1972538395390167,1.1760079496997897,2623.9125505093252,0.5642659729820186
Punkdisco_-_Oral_Hygiene,nvidia/canary-1b-v2,now,87,77.37,77.58,substitution,0.22487995261326432,0.4921900217110912,0.7446185660858949,1641.8044395229729,0.35260418988764286
Punkdisco_-_Oral_Hygiene,nvidia/canary-1b-v2,i'm,88,77.58,77.66,substitution,0.20913069074352583,0.24765670796235403,0.9365241593784757,1468.8098116797473,0.32471684449248844
Punkdisco_-_Oral_Hygiene,nvidia/canary-1b-v2,gonna,89,77.66,77.89,substitution,0.19246658582526904,0.3301971574099018,0.8088557376311376,1953.13430246841,0.45670492030107057
Punkdisco_-_Oral_Hygiene,nvidia/canary-1b-v2,have,90,77.89,78.2,substitution,0.259499572984436,0.34522407723809867,1.5788500607013702,2304.3942919071433,0.5353239590630812
Punkdisco_-_Oral_Hygiene,nvidia/canary-1b-v2,to,91,78.2,78.34,substitution,0.11083189467899501,0.25102107715792954,1.0209490843117237,2732.4736596010343,0.6186133101582527
Punkdisco_-_Oral_Hygiene,nvidia/canary-1b-v2,clean,92,78.34,78.7,substitution,0.15614352747797966,0.33377169562169373,1.1158096946966953,2148.239212152647,0.45654727862431455
Punkdisco_-_Oral_Hygiene,nvidia/canary-1b-v2,my,93,78.7,78.84,substitution,0.2515617678873241,0.49257018230855465,0.557126997038722,1669.5887760401129,0.30343139730393887
Punkdisco_-_Oral_Hygiene,nvidia/canary-1b-v2,teeth,94,78.84,79.35,substitution,0.1674324121326208,0.21197723436423324,1.3826608535918323,2696.081248639974,0.5799469070001082
Punkdisco_-_Oral_Hygiene,nvidia/canary-1b-v2,i'm,95,81.35,81.48,substitution,0.22694988995790483,0.4572245478630066,0.544843190908432,1650.8891866096283,0.3146141896645228
Punkdisco_-_Oral_Hygiene,nvidia/canary-1b-v2,not,96,81.48,81.77,substitution,0.19702762481756508,0.38553053567011375,2.8030046112835407,1879.1360857931195,0.43039247347041965
Punkdisco_-_Oral_Hygiene,nvidia/canary-1b-v2,that,97,81.95,82.36,substitution,0.19363787112136682,0.3040687899829613,2.3219969040817685,2198.4974678637086,0.4620547003216214
Punkdisco_-_Oral_Hygiene,nvidia/canary-1b-v2,sort,98,82.36,82.65,correct,0.16125724947778508,0.40044719621073455,0.7109178365208209,2827.4320315421737,0.4004851495847106
Punkdisco_-_Oral_Hygiene,nvidia/canary-1b-v2,of,99,82.68,82.91,substitution,0.14523806750774385,0.4472456043586135,1.137870917916298,2036.2116338360927,0.44568700551986695
Punkdisco_-_Oral_Hygiene,nvidia/canary-1b-v2,girl,100,82.91,83.31,correct,0.31954844998703763,0.49609229872426525,1.3624966544183819,1813.4525931281978,0.3259495869278908
Punkdisco_-_Oral_Hygiene,nvidia/canary-1b-v2,sort,101,90.32,90.57,correct,0.11093382192430673,0.41867175781064564,0.6022486841237104,3039.4951578756945,0.5318503092836451
Punkdisco_-_Oral_Hygiene,nvidia/canary-1b-v2,of,102,90.57,90.92,correct,0.10306798103146064,0.34814751024047536,0.8794959237178167,1975.5164531659789,0.4693193282836523
Punkdisco_-_Oral_Hygiene,nvidia/canary-1b-v2,girl,103,90.92,91.31,correct,0.2322754506908712,0.5214122945354098,0.8596746336136546,1904.0372287998568,0.43870060500644503
Punkdisco_-_Oral_Hygiene,nvidia/canary-1b-v2,sort,104,98.32,98.65,correct,0.14447041678552827,0.36327506963991457,0.8202805117600493,2818.3461931916854,0.539361817141374
Punkdisco_-_Oral_Hygiene,nvidia/canary-1b-v2,of,105,98.68,98.91,substitution,0.12819474706282982,0.4300699644865325,1.5260227953012173,1892.5681467209313,0.45831681329470414
Punkdisco_-_Oral_Hygiene,nvidia/canary-1b-v2,girl,106,98.91,99.31,substitution,0.20102239057252352,0.4961314728187228,1.2277160974388772,2039.9071661790795,0.45586015385660256
Punkdisco_-_Oral_Hygiene,nvidia/canary-1b-v2,sort,107,106.32,106.57,correct,0.22879506501236133,0.4115440866776875,0.9768447567309652,3377.2030978042544,0.5559522019965308
Punkdisco_-_Oral_Hygiene,nvidia/canary-1b-v2,of,108,106.57,106.92,correct,0.17361189542632355,0.3506479368201996,1.3248278890785419,2109.449628548268,0.5003970202646757
Punkdisco_-_Oral_Hygiene,nvidia/canary-1b-v2,girl,109,106.92,107.31,correct,0.2152100630797619,0.5096823173726714,1.2618904654369798,2348.623930397179,0.46479244772778
Punkdisco_-_Oral_Hygiene,nvidia/canary-1b-v2,sort,110,114.31,114.65,correct,0.13970531966235186,0.3547214406064233,0.9571181998865025,3088.48228811931,0.6427729951368796
Punkdisco_-_Oral_Hygiene,nvidia/canary-1b-v2,of,111,114.68,114.91,substitution,0.1302280787091989,0.43007941630024177,1.2031149503130179,2513.6027118435504,0.5820654836984781
Punkdisco_-_Oral_Hygiene,nvidia/canary-1b-v2,girl,112,114.91,115.31,correct,0.21160718148877455,0.5073572451595304,1.3977167270211286,2426.101330973293,0.498145692570265
Punkdisco_-_Oral_Hygiene,nvidia/canary-1b-v2,what,113,120.46,120.71,substitution,0.17765975053663607,0.31760004012741977,3.2292578794338085,1722.085348760123,0.4266960996168631
Punkdisco_-_Oral_Hygiene,nvidia/canary-1b-v2,you,114,120.74,120.85,correct,0.21757271312750304,0.11969563819897863,11.1073628618167,1679.8775086817861,0.4388361389820392
Punkdisco_-_Oral_Hygiene,nvidia/canary-1b-v2,gonna,115,120.85,121.16,correct,0.21018093364203677,0.42698766674627275,0.8289157029460458,1927.2760228976579,0.40123778713100094
Punkdisco_-_Oral_Hygiene,nvidia/canary-1b-v2,do,116,121.16,121.45,substitution,0.11463754170108587,0.3635341711342335,0.44551278464496136,2663.5682874941717,0.5940217981114984
Punkdisco_-_Oral_Hygiene,nvidia/canary-1b-v2,that,117,121.45,121.8,correct,0.15579036250710487,0.5726838575628324,1.1883262346188228,2204.4605342477107,0.5033807746874981
Punkdisco_-_Oral_Hygiene,nvidia/canary-1b-v2,for,118,121.8,122.44,correct,0.14099510375788246,0.2594420493080996,1.4758160973804584,1921.9387864735543,0.45320184420848236
Punkdisco_-_Oral_Hygiene,nvidia/canary-1b-v2,i,119,123.89,123.92,substitution,0.07320406064391136,0.013788157515227795,6.714871406555176,1520.0156684372646,0.42554953694343567
Punkdisco_-_Oral_Hygiene,nvidia/canary-1b-v2,though,120,124.46,124.65,correct,0.19580990651791746,0.4177702556956898,0.851676420731978,2118.6891496577077,0.4952786063606089
Punkdisco_-_Oral_Hygiene,nvidia/canary-1b-v2,i,121,124.68,124.81,correct,0.2632871006925901,0.5515366842349371,0.49336517651875816,1796.665733172456,0.3706676810979843
Punkdisco_-_Oral_Hygiene,nvidia/canary-1b-v2,told,122,124.81,125.23,correct,0.19858725799454582,0.3385869919425911,0.9302399035957124,2719.4100873386474,0.559281920062171
Punkdisco_-_Oral_Hygiene,nvidia/canary-1b-v2,you,123,125.23,125.39,correct,0.1260935395128197,0.35325899720191956,0.3890897383292516,3215.681558441357,0.6149158163203133
Punkdisco_-_Oral_Hygiene,nvidia/canary-1b-v2,not,124,125.39,125.81,correct,0.14530630741754305,0.42649745837906783,0.9459819845531298,1973.85613395432,0.4494837392931399
Punkdisco_-_Oral_Hygiene,nvidia/canary-1b-v2,to,125,125.81,126.1,correct,0.2583079672185704,0.26506637316197157,1.06731640920043,3093.0519596481636,0.6369342915713787
Punkdisco_-_Oral_Hygiene,nvidia/canary-1b-v2,oh,126,126.1,126.28,substitution,0.16628542281687259,0.418615397810936,0.4503014743328094,2153.76207817876,0.4821015164256096
Punkdisco_-_Oral_Hygiene,nvidia/canary-1b-v2,come,127,126.28,126.54,correct,0.1309681086447732,0.18983420395645603,1.29121935984184,2438.2538026502107,0.6042546619629038
Punkdisco_-_Oral_Hygiene,nvidia/canary-1b-v2,on,128,126.54,126.63,correct,0.25936032831668854,0.5737285234711387,0.46530226414853876,1719.8835151638866,0.3879923332821239
Punkdisco_-_Oral_Hygiene,nvidia/canary-1b-v2,that's,129,126.63,126.87,correct,0.1753830244907966,0.41622084393524206,0.723043833214503,2345.531339576517,0.5243391589476512
Punkdisco_-_Oral_Hygiene,nvidia/canary-1b-v2,not,130,126.87,127.04,correct,0.3097614308721141,0.28331677890137624,3.264202417511689,2215.386293360039,0.5424144613115411
Punkdisco_-_Oral_Hygiene,nvidia/canary-1b-v2,fair,131,127.04,127.44,correct,0.25227285650643433,0.7722788091579621,1.8981465131721713,2699.917722195143,0.581011371856386
Punkdisco_-_Oral_Hygiene,nvidia/canary-1b-v2,i,132,127.44,127.55,substitution,0.2697110966994212,0.6084806655461972,0.5486389329800239,2371.590913598041,0.540912362245413
Punkdisco_-_Oral_Hygiene,nvidia/canary-1b-v2,trusted,133,127.55,128.22,correct,0.1783666899945173,0.2984609598449121,1.3472440571834643,3098.4838030973965,0.6532629811101489
Punkdisco_-_Oral_Hygiene,nvidia/canary-1b-v2,you,134,128.22,128.42,correct,0.1370325496663218,0.3444192403036615,0.40398130598275556,2177.201693521153,0.5192979768566464
Punkdisco_-_Oral_Hygiene,nvidia/canary-1b-v2,now,135,128.42,128.57,substitution,0.22200199654873679,0.6147075611002305,0.3611317408435485,2058.8887063961183,0.4800973885199603
Punkdisco_-_Oral_Hygiene,nvidia/canary-1b-v2,i'm,136,128.57,128.66,correct,0.20866599529981614,0.2876075394451618,0.8702316433191299,1728.2142022067528,0.43312730491161344
Punkdisco_-_Oral_Hygiene,nvidia/canary-1b-v2,gonna,137,128.66,128.89,correct,0.2333881385051287,0.32925667183903545,0.9344472885131836,1943.1410812108584,0.35661321993057543
Punkdisco_-_Oral_Hygiene,nvidia/canary-1b-v2,have,138,128.89,129.2,correct,0.2421533176127602,0.3452278426300515,1.5154844540006973,2292.839081241811,0.5277576972456539
Punkdisco_-_Oral_Hygiene,nvidia/canary-1b-v2,to,139,129.2,129.34,correct,0.12545065442100167,0.25099802832119167,1.0483631025999784,2728.3323935110775,0.5629833415150642
Punkdisco_-_Oral_Hygiene,nvidia/canary-1b-v2,clean,140,129.34,129.68,correct,0.23877087175040632,0.4436511929474167,1.0942725885558773,2144.679215534524,0.42161427760446396
Punkdisco_-_Oral_Hygiene,nvidia/canary-1b-v2,my,141,129.68,129.86,substitution,0.4103362921625376,0.8106952980160713,0.5432148680090905,1759.5872825124402,0.2740244060754776
Punkdisco_-_Oral_Hygiene,nvidia/canary-1b-v2,teeth,142,129.86,130.39,correct,0.18250952583962474,0.29112398918268495,1.2494418888256467,2715.312509377085,0.549648279773778
Punkdisco_-_Oral_Hygiene,nvidia/canary-1b-v2,i'm,143,132.35,132.47,substitution,0.2330297101289034,0.6618922645492213,0.40835325845650267,1634.239976135268,0.3497576266527176
Punkdisco_-_Oral_Hygiene,nvidia/canary-1b-v2,not,144,132.47,132.77,substitution,0.23374031213196841,0.6377109316544551,1.3059760413386605,2067.1887351319447,0.496372533567024
Punkdisco_-_Oral_Hygiene,nvidia/canary-1b-v2,that,145,132.92,133.36,substitution,0.2521187811313818,0.4673021451259653,1.3584071155637503,2530.997687452073,0.5713261645287275
Punkdisco_-_Oral_Hygiene,nvidia/canary-1b-v2,sort,146,133.36,133.63,substitution,0.21842425149576417,0.6851065166551491,0.5263011357907591,2656.851310053562,0.5470745090780587
Punkdisco_-_Oral_Hygiene,nvidia/canary-1b-v2,of,147,133.63,133.92,substitution,0.18804427271243185,0.5296210290980525,0.7284492701292038,1944.3738920434398,0.4465749319642782
Punkdisco_-_Oral_Hygiene,nvidia/canary-1b-v2,girl,148,133.92,134.42,substitution,0.32225425521081147,0.6960711662742225,1.1596610573205082,1905.1663723535187,0.39548699828711426
Punkdisco_-_Oral_Hygiene,nvidia/canary-1b-v2,oh,149,134.52,134.78,substitution,0.22010567527392816,0.5476374834262091,0.6607090614992996,1724.7568521131473,0.3638611507826838
Punkdisco_-_Oral_Hygiene,nvidia/canary-1b-v2,that's,150,134.78,135.0,deletion,0.2519230115413666,0.3697377955913544,0.7445498383045197,2875.132785816875,0.5241542530059814
Punkdisco_-_Oral_Hygiene,nvidia/canary-1b-v2,so,151,135.0,135.38,deletion,0.21306176301909657,0.43713882338346505,0.7599354797020191,3296.6251898124046,0.5692664159507286
Punkdisco_-_Oral_Hygiene,nvidia/canary-1b-v2,gross,152,135.38,136.09,correct,0.1887359048251982,0.47180100970647554,0.6886426564547923,2812.5631046730023,0.540454034681444
Punkdisco_-_Oral_Hygiene,nvidia/canary-1b-v2,it,153,136.27,136.34,correct,0.09795649349689484,0.2043824379798025,1.0104830861091614,1994.6298014774366,0.5098269023001194
Punkdisco_-_Oral_Hygiene,nvidia/canary-1b-v2,was,154,136.34,136.45,substitution,0.10049789714125487,0.2279615465265054,0.499005716580611,2106.3234576567456,0.4604904835040753
Punkdisco_-_Oral_Hygiene,nvidia/canary-1b-v2,just,155,136.45,136.74,substitution,0.21392691833898425,0.3811792643391527,1.489723775535822,2860.604420721451,0.5930923912674189
Punkdisco_-_Oral_Hygiene,nvidia/canary-1b-v2,the,156,136.74,136.85,substitution,0.2860182495071338,0.1689118824612636,4.226237764725318,1971.389654795974,0.5026350227686075
Punkdisco_-_Oral_Hygiene,nvidia/canary-1b-v2,same,157,136.85,137.13,substitution,0.3265906137324149,0.590132214849995,0.6444808984956434,2235.033455844247,0.4906422726569637
Punkdisco_-_Oral_Hygiene,nvidia/canary-1b-v2,as,158,137.13,137.24,substitution,0.17940067934493223,0.3939934199055036,0.5136138300100962,2446.0732641739623,0.4919206028183301
Punkdisco_-_Oral_Hygiene,nvidia/canary-1b-v2,the,159,137.24,137.47,substitution,0.1319834263278888,0.5344754938895886,0.27008263709453434,2632.008845374118,0.5880519117300327
Punkdisco_-_Oral_Hygiene,nvidia/canary-1b-v2,last,160,137.47,137.96,substitution,0.1909198985206631,0.6814699981994224,0.7090072786470629,2386.5220201734433,0.5278918580064234
Punkdisco_-_Oral_Hygiene,nvidia/canary-1b-v2,time,161,137.96,138.29,correct,0.3817291615737809,0.6401097955078714,0.8305324953463342,1910.3007652109773,0.4126205804447333
Punkdisco_-_Oral_Hygiene,nvidia/canary-1b-v2,what,162,138.29,138.35,substitution,0.1411104267463088,0.31060309149324894,0.4580839015543461,2042.8345360227609,0.5112446397542953
Punkdisco_-_Oral_Hygiene,nvidia/canary-1b-v2,you,163,138.35,138.44,substitution,0.07622350296005606,0.1326864968985319,0.5397884309291839,2332.827095809317,0.576222151517868
Punkdisco_-_Oral_Hygiene,nvidia/canary-1b-v2,gonna,164,138.83,139.52,substitution,0.2442909547686577,0.9128539351622263,0.5302082681655884,2306.624503648108,0.511820365190506
Punkdisco_-_Oral_Hygiene,nvidia/canary-1b-v2,do,165,140.28,140.34,substitution,0.1401563999908311,0.3785588507141386,0.4005895746605737,1993.543728783877,0.5109926121575492
Punkdisco_-_Oral_Hygiene,nvidia/canary-1b-v2,that,166,140.34,140.46,substitution,0.19911935632782324,0.3308424326990332,0.6002360497202192,2549.496737172991,0.5134164605821881
Punkdisco_-_Oral_Hygiene,nvidia/canary-1b-v2,for,167,140.46,140.53,substitution,0.2786511555314064,0.41771941259503365,0.6925793811678886,3343.0395780225012,0.6294015422463417
Punkdisco_-_Oral_Hygiene,nvidia/canary-1b-v2,i,168,140.53,140.56,substitution,0.3832295358181,0.8249787330627442,0.4755079627037048,1869.5623737962637,0.3716557860374451
Punkdisco_-_Oral_Hygiene,nvidia/canary-1b-v2,thought,169,140.56,140.71,substitution,0.29523488966857686,0.8525915531551137,0.3460143348749946,1799.406042770313,0.2582005376324934
Punkdisco_-_Oral_Hygiene,nvidia/canary-1b-v2,i,170,140.71,140.81,substitution,0.4086394824764945,0.7263260158625516,0.5706263807686892,1668.7271099107927,0.2790212089365179
Punkdisco_-_Oral_Hygiene,nvidia/canary-1b-v2,told,171,140.81,141.23,substitution,0.27424312447724136,0.5096496515299963,0.7113116396510083,2677.3456700685183,0.5271529425745425
Punkdisco_-_Oral_Hygiene,nvidia/canary-1b-v2,you,172,141.23,141.48,substitution,0.19818728151065962,0.42408487094300135,0.5006876907178334,3296.1588121304167,0.5741962428603854
Punkdisco_-_Oral_Hygiene,nvidia/canary-1b-v2,not,173,141.48,141.82,correct,0.26657325472380666,0.6603924390431997,0.4711796568857657,1960.1231027008216,0.4007807092086689
Punkdisco_-_Oral_Hygiene,nvidia/canary-1b-v2,to,174,141.82,142.17,correct,0.43816636443922397,0.7131784326936069,0.6374898905816831,2674.015571326759,0.5219152628591186
Punkdisco_-_Oral_Hygiene,nvidia/canary-1b-v2,and,175,142.17,142.35,correct,0.14781669704687028,0.13880208068128144,1.5364702258791243,2155.9750597201146,0.48340296887216117
Punkdisco_-_Oral_Hygiene,nvidia/canary-1b-v2,the,176,142.87,143.11,correct,0.32581528634936724,0.3750730881260501,1.1064540616892002,2390.0686489936306,0.5664846411457768
Punkdisco_-_Oral_Hygiene,nvidia/canary-1b-v2,time,177,143.14,143.56,correct,0.28427922336951544,0.6516237576370654,0.5993122792114383,2360.487698063741,0.5477908972812735
Punkdisco_-_Oral_Hygiene,nvidia/canary-1b-v2,before,178,143.56,143.88,correct,0.1787224391741412,0.322548244787114,0.7725530811718532,1926.395550516836,0.48135055218424116
Punkdisco_-_Oral_Hygiene,nvidia/canary-1b-v2,and,179,144.24,144.34,correct,0.13180475868284702,0.37240224952499074,0.6521357620755831,2082.1478969612776,0.54330146809419
Punkdisco_-_Oral_Hygiene,nvidia/canary-1b-v2,the,180,144.34,145.98,substitution,0.27583020527593116,0.6493455255192451,0.5295560111037709,2326.923019603183,0.5224403051490133
Punkdisco_-_Oral_Hygiene,nvidia/canary-1b-v2,time,181,146.01,146.44,substitution,0.31706233790263216,0.5998030206624497,0.7143439891490531,1885.1123222221536,0.3741509454681518
Punkdisco_-_Oral_Hygiene,nvidia/canary-1b-v2,before,182,146.83,147.08,deletion,0.21588043017046793,0.18886195183066384,2.0291353751506125,2414.665713002813,0.5781150492174285
Punkdisco_-_Oral_Hygiene,nvidia/canary-1b-v2,that's,183,147.08,147.41,deletion,0.23248562837640444,0.3919279600183169,0.6150526710682445,4502.982539412521,0.6224177562528186
Punkdisco_-_Oral_Hygiene,nvidia/canary-1b-v2,horrible,184,147.41,147.58,correct,0.3286523826812443,0.6457934654072711,0.6315186902096397,2705.5125263523687,0.5282747227894632
Punkdisco_-_Oral_Hygiene,nvidia/canary-1b-v2,now,185,147.61,148.05,correct,0.2762968608488639,0.43160530711368966,1.329063717275858,1781.2831367059332,0.37015739052246016
Punkdisco_-_Oral_Hygiene,nvidia/canary-1b-v2,i'm,186,148.24,148.37,correct,0.14550646195809047,0.4130849212408066,0.49590762654940285,1915.5460158597348,0.4765330811341604
Punkdisco_-_Oral_Hygiene,nvidia/canary-1b-v2,gonna,187,148.37,148.57,correct,0.3354277326302095,1.094838031313636,0.3174791044809602,2339.7812802411822,0.5608486546711489
Punkdisco_-_Oral_Hygiene,nvidia/canary-1b-v2,have,188,148.57,148.73,correct,0.1694814618676901,0.4709248106098837,0.9694745267430941,2417.4755522423648,0.5733984145853255
Punkdisco_-_Oral_Hygiene,nvidia/canary-1b-v2,to,189,148.73,148.84,correct,0.21563208275116408,0.23139521236029956,1.4166399561441863,2089.7743981664576,0.5089848385407374
Punkdisco_-_Oral_Hygiene,nvidia/canary-1b-v2,clean,190,148.84,149.25,correct,0.3357657199104627,0.6613870614104801,0.7555161111884647,2325.7313554497205,0.514670443534851
Punkdisco_-_Oral_Hygiene,nvidia/canary-1b-v2,my,191,149.28,150.4,correct,0.3147700460627675,0.8695837248116731,0.5626305238654216,2135.1459869929545,0.46705614887177943
Punkdisco_-_Oral_Hygiene,nvidia/canary-1b-v2,teeth,192,152.01,152.1,substitution,0.22475341301072727,0.011566985440863804,23.645254785364326,3086.314585380397,0.6594680547714233
Punkdisco_-_Oral_Hygiene,nvidia/canary-1b-v2,it,193,152.24,152.33,substitution,0.12657970596443524,0.3810291097245433,0.5481490262530067,1747.4629508606324,0.4003037783232602
Punkdisco_-_Oral_Hygiene,nvidia/canary-1b-v2,was,194,152.33,152.45,substitution,0.10218047057943684,0.23539865708776883,0.6265848002263478,2547.0398369723125,0.45795080278600964
Punkdisco_-_Oral_Hygiene,nvidia/canary-1b-v2,just,195,152.45,152.75,substitution,0.13074005620949197,0.25228938979632926,1.1487737108360638,3364.3545551056814,0.6079843017187986
Punkdisco_-_Oral_Hygiene,nvidia/canary-1b-v2,the,196,152.75,152.83,substitution,0.2109749164018366,0.291774061611957,1.0123335123062134,2357.6933870581497,0.5182209246688418
Punkdisco_-_Oral_Hygiene,nvidia/canary-1b-v2,same,197,152.83,153.19,substitution,0.1943884203210473,0.40336290523409846,0.604475186392665,2627.6426804706525,0.4547027423977852
Punkdisco_-_Oral_Hygiene,nvidia/canary-1b-v2,as,198,153.19,153.25,substitution,0.2016878596373967,0.23143970647028514,2.192514342921121,1889.4180794871008,0.42370438149997164
Punkdisco_-_Oral_Hygiene,nvidia/canary-1b-v2,the,199,153.25,153.35,substitution,0.22882447143395743,0.48840030282735825,2.308678192396959,1744.138695377723,0.34392796208461124
Punkdisco_-_Oral_Hygiene,nvidia/canary-1b-v2,last,200,153.35,153.91,substitution,0.17517706751823425,0.5705784619022466,0.6873080342030916,2375.5028600514897,0.4239663574539247
Punkdisco_-_Oral_Hygiene,nvidia/canary-1b-v2,time,201,153.91,154.35,substitution,0.18871972104534507,0.5241256075290343,0.5366766101991137,2257.3043363985444,0.44274919759482145
Punkdisco_-_Oral_Hygiene,nvidia/canary-1b-v2,i,202,154.35,154.38,correct,0.08075773902237415,0.1785672390833497,0.6156214624643326,1086.6079773487106,0.22798720002174377
Punkdisco_-_Oral_Hygiene,nvidia/canary-1b-v2,feel,203,154.38,154.47,correct,0.044966202974319455,0.020783693389967085,2.1989990413188933,1520.9701190218761,0.3976051300764084
Punkdisco_-_Oral_Hygiene,nvidia/canary-1b-v2,sick,204,154.91,155.01,correct,0.18410813280691704,0.007183922957665345,inf,2508.58643375081,0.4339148973425229
Punkdisco_-_Oral_Hygiene,nvidia/canary-1b-v2,now,205,156.02,156.08,correct,0.21361642224448069,0.011945959712777818,20.644255093165807,1866.6281576732524,0.42348138775144306
Punkdisco_-_Oral_Hygiene,nvidia/canary-1b-v2,it,206,156.24,156.33,correct,0.23838821730830453,0.38510597666556184,1.249935811216181,1435.6698129434114,0.33721681616523047
Punkdisco_-_Oral_Hygiene,nvidia/canary-1b-v2,was,207,156.33,156.45,substitution,0.1949073368540177,0.24896845020926917,0.8540390913303082,2038.1987859432024,0.40814978457414186
Punkdisco_-_Oral_Hygiene,nvidia/canary-1b-v2,just,208,156.45,156.75,correct,0.12018090218086452,0.2465684396926971,1.0587006978252356,3057.5849538743546,0.6328468813615686
Punkdisco_-_Oral_Hygiene,nvidia/canary-1b-v2,the,209,156.75,156.83,correct,0.18589507540067038,0.29543180639545125,1.0778217911720276,2383.392068335845,0.6056327356232537
Punkdisco_-_Oral_Hygiene,nvidia/canary-1b-v2,same,210,156.83,157.19,correct,0.2294913759598365,0.40383630188611835,0.6706773065603696,2331.0076188419694,0.509277336872541
Punkdisco_-_Oral_Hygiene,nvidia/canary-1b-v2,as,211,157.19,157.25,correct,0.2746000401675701,0.24809151119552553,3.3020493611693382,1941.8321054644275,0.44985173642635345
Punkdisco_-_Oral_Hygiene,nvidia/canary-1b-v2,the,212,157.25,157.35,correct,0.2584380159775416,0.5064766571546594,3.2659233013788858,1862.4447618124923,0.41864872475465137
Punkdisco_-_Oral_Hygiene,nvidia/canary-1b-v2,last,213,157.35,157.91,correct,0.1586937328800559,0.5761583428752298,0.655720105022192,2585.9838991359543,0.5297735144694646
Punkdisco_-_Oral_Hygiene,nvidia/canary-1b-v2,time,214,157.91,158.44,correct,0.2239734853682076,0.44349996429257865,0.798089746514271,2084.9372676748844,0.35535540868496074
Punkdisco_-_Oral_Hygiene,nvidia/canary-1b-v2,i'm,215,162.95,163.14,substitution,0.2829614125546955,0.22943962613741556,1.2158098958787464,2670.9918395676186,0.6437605165299916
Punkdisco_-_Oral_Hygiene,nvidia/canary-1b-v2,not,216,163.14,163.23,substitution,0.16984492269429294,0.19031475484371185,0.8987384492700751,3172.6643945562696,0.6897971413352273
Punkdisco_-_Oral_Hygiene,nvidia/canary-1b-v2,that,217,163.23,163.8,substitution,0.22256905441322633,0.6842719758710554,0.45388450016898496,2817.8225093123338,0.6230762990251664
Punkdisco_-_Oral_Hygiene,nvidia/canary-1b-v2,sort,218,163.8,164.08,substitution,0.30886385043462117,0.388929782807827,0.8362140635649363,4035.2913041544734,0.5876710027456283
Punkdisco_-_Oral_Hygiene,nvidia/canary-1b-v2,of,219,164.08,164.38,substitution,0.3270822953094136,0.5906848392703317,0.5575472233873425,2142.6333800184734,0.4533886737895734
Punkdisco_-_Oral_Hygiene,nvidia/canary-1b-v2,girl,220,164.38,164.47,substitution,0.06928999806669625,0.05876857601106167,1.3366481390866367,3188.128660291986,0.6956970041448419
Punkdisco_-_Oral_Hygiene,nvidia/canary-1b-v2,it,221,165.54,165.6,substitution,0.11208617780357599,0.13920161966234446,0.7855301611125469,2025.9464156638273,0.47955579310655594
Punkdisco_-_Oral_Hygiene,nvidia/canary-1b-v2,was,222,166.24,166.33,substitution,0.22906008809804917,0.1843632400035858,1.3413604974746705,3052.4348841375568,0.64595667719841
Punkdisco_-_Oral_Hygiene,nvidia/canary-1b-v2,just,223,166.33,166.48,substitution,0.18862919728545582,0.23533436699825175,0.9064664823167464,2814.323022031185,0.5997023161719827
Punkdisco_-_Oral_Hygiene,nvidia/canary-1b-v2,the,224,166.48,166.54,substitution,0.23526489175856113,0.25023553892970085,0.9468411132693291,2763.502735581602,0.6568874791264534
Punkdisco_-_Oral_Hygiene,nvidia/canary-1b-v2,same,225,166.54,166.75,substitution,0.1924912877704786,0.2074299649051998,0.9384997927624247,2147.2421271874846,0.5223971566428309
Punkdisco_-_Oral_Hygiene,nvidia/canary-1b-v2,as,226,166.75,166.87,substitution,0.1484141152884279,0.13737785443663597,1.1166160915579115,3301.6383173040094,0.7312065064907074
Punkdisco_-_Oral_Hygiene,nvidia/canary-1b-v2,the,227,166.87,166.93,substitution,0.1468063167163304,0.15229495189019612,1.0052746619497026,2426.8153080743914,0.6221775582858494
Punkdisco_-_Oral_Hygiene,nvidia/canary-1b-v2,last,228,166.93,167.44,substitution,0.20901036967656442,0.17225270651813065,1.2519173281533378,2872.7467173528503,0.6628308418606009
Punkdisco_-_Oral_Hygiene,nvidia/canary-1b-v2,time,229,167.44,168.21,substitution,0.1803961143077138,0.17173535511436233,1.1261902149901333,2581.793076636527,0.6085640098675188
Punkdisco_-_Oral_Hygiene,nvidia/canary-1b-v2,it,230,170.21,170.3,substitution,0.36997421153567056,0.5022136270999908,0.7872750000520186,2354.789612694061,0.5621124451810663
Punkdisco_-_Oral_Hygiene,nvidia/canary-1b-v2,was,231,170.3,170.45,substitution,0.24636695665471695,0.36786960328326507,0.7052626609802246,3143.8385522687986,0.5881156886325163
Punkdisco_-_Oral_Hygiene,nvidia/canary-1b-v2,just,232,170.45,170.75,substitution,0.21620727781996582,0.4001931362982952,0.8247296927553235,3890.037955307023,0.7114823731509122
Punkdisco_-_Oral_Hygiene,nvidia/canary-1b-v2,the,233,170.75,170.83,substitution,0.22251396543449825,0.3615834025873078,0.761383142736223,3690.5264491869457,0.7174589369032118
Punkdisco_-_Oral_Hygiene,nvidia/canary-1b-v2,same,234,170.83,171.16,substitution,0.3353056601575903,0.4736360448437768,0.7214290233882698,2858.488487060923,0.5514692704419832
Punkdisco_-_Oral_Hygiene,nvidia/canary-1b-v2,as,235,171.16,171.26,substitution,0.22542721168561417,0.3398219800808213,1.1067314635623584,3291.549753334642,0.6524873592636802
Punkdisco_-_Oral_Hygiene,nvidia/canary-1b-v2,the,236,171.26,171.34,substitution,0.33408003151416776,0.5817715257406235,0.8611982643604279,2825.4608201821907,0.6551047503948212
Punkdisco_-_Oral_Hygiene,nvidia/canary-1b-v2,last,237,171.34,171.97,substitution,0.2866682111121276,0.6216379684560439,0.5341385243570104,2839.087880321096,0.6185501305495992
Punkdisco_-_Oral_Hygiene,nvidia/canary-1b-v2,time,238,171.97,172.51,substitution,0.26880396220643643,0.4688732804635824,0.9036691875781043,2631.9516941530433,0.5652639012215501
Punkdisco_-_Oral_Hygiene,nvidia/canary-1b-v2,just,239,174.21,174.88,substitution,0.20944482191569275,0.24836579855117533,0.9808846786618233,2700.8057287990578,0.6163374487724569
Punkdisco_-_Oral_Hygiene,nvidia/canary-1b-v2,the,240,174.88,175.38,substitution,0.20228535641323436,0.17808296931060877,1.3149171016433023,2616.7724345246497,0.6040167819369923
Punkdisco_-_Oral_Hygiene,nvidia/canary-1b-v2,same,241,175.38,175.75,substitution,0.23979646414518357,0.26929624415934084,0.9390065565705299,2592.5315045588936,0.5189467649906874
Punkdisco_-_Oral_Hygiene,nvidia/canary-1b-v2,as,242,175.75,175.88,substitution,0.15420806407928467,0.14756322155396143,1.055487827459971,3070.3998012848865,0.715907879670461
Punkdisco_-_Oral_Hygiene,nvidia/canary-1b-v2,the,243,175.88,175.94,substitution,0.15626369097403117,0.190579032259328,0.8155711122921535,2184.5239441958192,0.5459510002817426
Punkdisco_-_Oral_Hygiene,nvidia/canary-1b-v2,last,244,175.94,176.22,unknown,0.17574572094505833,0.15425204041023408,1.223228141184776,1979.20599927719,0.4855461582060783
Punkdisco_-_Oral_Hygiene,nvidia/canary-1b-v2,time,245,196.59,196.84,unknown,0.23228257229285582,0.3353123568387889,10213.202922832754,3051.4694857040204,0.6392942113535744
Punkdisco_-_Oral_Hygiene,nvidia/canary-1b-v2,and,246,200.28,200.42,unknown,0.38520253589376807,1.010557932779193,0.39014443568885326,1943.731504138359,0.45528859458863735
Punkdisco_-_Oral_Hygiene,nvidia/canary-1b-v2,the,247,200.42,200.95,unknown,0.28313801993142096,0.49176378015085664,1.7468401875935102,2247.289841377028,0.5298666284795392
Punkdisco_-_Oral_Hygiene,nvidia/canary-1b-v2,time,248,201.01,201.12,unknown,0.10368017045160134,0.10169480818634231,1.945474495490392,2016.2627137101624,0.5491931587457657
Punkdisco_-_Oral_Hygiene,nvidia/canary-1b-v2,before,249,204.57,204.81,unknown,0.17739500809046957,0.19798919609402893,3.0080670924098403,2063.4605878572956,0.5314543214109209
Punkdisco_-_Oral_Hygiene,nvidia/canary-1b-v2,and,250,205.0,205.09,unknown,0.16554697467522186,0.21569810536774722,0.8799013983119618,2962.5097758200604,0.6194930672645569
Punkdisco_-_Oral_Hygiene,nvidia/canary-1b-v2,the,251,205.57,206.18,unknown,0.04938257062299685,0.049644138197463966,8.098965257406235,1542.1464751666833,0.34345168546971044
Punkdisco_-_Oral_Hygiene,nvidia/canary-1b-v2,time,252,209.09,209.36,unknown,0.09002873102823893,0.5077980849891901,0.5192047660549481,2132.9042725353406,0.4482022628188133
Punkdisco_-_Oral_Hygiene,nvidia/canary-1b-v2,before,253,209.44,209.68,unknown,0.05611768164313757,0.20416002394631505,1.2651905354398947,2060.9135800566337,0.41994053526566577
Punkdisco_-_Oral_Hygiene,nvidia/canary-1b-v2,it,254,209.97,210.08,unknown,0.06340210569592622,0.2802415383406557,0.7354015685044802,1794.232406569798,0.32448869141248554
Punkdisco_-_Oral_Hygiene,nvidia/canary-1b-v2,was,255,210.62,210.85,unknown,0.1454038380086422,0.23951385919004678,1.3816390347480774,2341.3165824154366,0.4386964333057404
Punkdisco_-_Oral_Hygiene,nvidia/canary-1b-v2,just,256,212.41,212.59,unknown,0.04494730737060308,0.08962123615201563,1.7265084184706212,2761.2013203800607,0.429968486726284
Punkdisco_-_Oral_Hygiene,nvidia/canary-1b-v2,the,257,212.59,212.89,unknown,0.08336972490404591,0.4614087439664273,1.3944850211793727,1846.7899873452589,0.38826486016764783
Punkdisco_-_Oral_Hygiene,nvidia/canary-1b-v2,same,258,212.98,213.07,unknown,0.041731808334589005,0.08510977097532967,0.562013254924254,1824.5948248175823,0.41919580372897064
Punkdisco_-_Oral_Hygiene,nvidia/canary-1b-v2,as,259,213.37,213.45,unknown,0.06158010247680876,0.25296199321746826,0.36380213499069214,2847.154116060577,0.6277438766426511
Punkdisco_-_Oral_Hygiene,nvidia/canary-1b-v2,the,260,213.45,213.59,unknown,0.058272071881219745,0.23721178335836157,0.8354757865890861,1683.3492150007921,0.3169645331799984
Punkdisco_-_Oral_Hygiene,nvidia/canary-1b-v2,last,261,213.84,213.96,unknown,0.0597890168428421,0.2623101441588785,0.8554730479206357,1716.241541260284,0.314424424299172
Punkdisco_-_Oral_Hygiene,nvidia/canary-1b-v2,time,262,214.11,214.21,unknown,0.05809032513449589,0.19918137994439652,1.081659458577633,2783.0119736910656,0.5820390805602074
Punkdisco_-_Oral_Hygiene,nvidia/canary-1b-v2,and,263,216.1,216.21,unknown,0.1054440071949592,0.5935061298883878,0.20406114481962645,2199.0779925070183,0.5107862926446475
Punkdisco_-_Oral_Hygiene,nvidia/canary-1b-v2,the,264,216.21,216.72,unknown,0.06597892174666578,0.23880914129232142,3.1274515076117084,1909.5741068106163,0.3815219964493405
Punkdisco_-_Oral_Hygiene,nvidia/canary-1b-v2,time,265,216.86,216.96,unknown,0.06331984450419743,0.1972883456328418,2.403606175134579,3035.0412460457087,0.6408738146225611
Punkdisco_-_Oral_Hygiene,nvidia/canary-1b-v2,before,266,217.24,217.43,unknown,0.06513359450868197,0.28375075349495527,0.44965792695681256,2609.818453284791,0.5240955508890606
Punkdisco_-_Oral_Hygiene,nvidia/canary-1b-v2,and,267,217.62,217.72,unknown,0.06300687852005164,0.2295957040041685,0.46619340032339096,2995.1668729415087,0.6241677701473236
Punkdisco_-_Oral_Hygiene,nvidia/canary-1b-v2,the,268,219.6,220.22,unknown,0.06868512989647353,0.30678010841400655,2.7021882794241407,1719.0432325506727,0.3574687436000625
Punkdisco_-_Oral_Hygiene,nvidia/canary-1b-v2,time,269,220.36,220.46,unknown,0.055732177062468094,0.2128997869281606,0.6343382935632359,2521.295797885883,0.5666452294046228
Punkdisco_-_Oral_Hygiene,nvidia/canary-1b-v2,before,270,221.11,221.31,unknown,0.062414188107306305,0.27040010915053164,0.5599557709964839,2469.2569094753812,0.5029810450293801
Secretariat_-_Over_The_Top,nvidia/canary-1b-v2,just,0,28.32,28.76,correct,0.25997897253061336,0.4369508249995609,0.8027886630346378,3157.6283593827575,0.6453339594105879
Secretariat_-_Over_The_Top,nvidia/canary-1b-v2,about,1,28.76,29.22,correct,0.666435504257679,0.8414679619669915,0.7857960087060928,2114.585413171964,0.37473722726106645
Secretariat_-_Over_The_Top,nvidia/canary-1b-v2,10,2,29.22,30.05,correct,0.49800113083587755,0.893252708348963,0.6353727688392004,2667.3643689890055,0.44022446639007995
Secretariat_-_Over_The_Top,nvidia/canary-1b-v2,p,3,30.05,30.36,correct,0.3790786573115517,1.065884803147877,0.3710592796697336,2570.5395335236863,0.46393603787702675
Secretariat_-_Over_The_Top,nvidia/canary-1b-v2,m,4,30.36,30.93,substitution,0.2719971138623453,0.9856978270315355,0.27829085266397846,2417.926601127193,0.5002497040456341
Secretariat_-_Over_The_Top,nvidia/canary-1b-v2,again,5,30.93,31.82,correct,0.2552016152379413,0.7703086738474667,0.3697786888418098,2389.8591715055663,0.5367038557305932
Secretariat_-_Over_The_Top,nvidia/canary-1b-v2,starting,6,31.82,32.39,correct,0.2343926132946718,0.691801379816454,0.4547020206685926,2203.990560025451,0.5357620124934149
Secretariat_-_Over_The_Top,nvidia/canary-1b-v2,the,7,32.39,34.13,substitution,0.2781868596127964,0.6716718856384729,2.0030985941542663,2229.7780393988205,0.5258375068399358
Secretariat_-_Over_The_Top,nvidia/canary-1b-v2,show,8,34.16,34.34,substitution,0.22005076780915261,0.009755788138136268,24.565407609939577,2624.903362098234,0.5981456965208054
Secretariat_-_Over_The_Top,nvidia/canary-1b-v2,i,9,35.1,35.18,deletion,0.1542867697775364,0.153053630143404,1.6363501846790314,1973.2119366028378,0.5101692974567413
Secretariat_-_Over_The_Top,nvidia/canary-1b-v2,put,10,35.18,35.5,correct,0.31324026440935476,0.46502866260707376,0.9359491893223354,1830.4964479823211,0.4314343920775822
Secretariat_-_Over_The_Top,nvidia/canary-1b-v2,in,11,35.5,35.72,correct,0.5053983366489411,0.827928249835968,0.6162487983703613,1412.4819218743596,0.25645839035511014
Secretariat_-_Over_The_Top,nvidia/canary-1b-v2,the,12,35.72,35.81,correct,0.44498066902160643,0.9241912484169006,0.4817345827817917,2115.55756162395,0.39415637105703355
Secretariat_-_Over_The_Top,nvidia/canary-1b-v2,blinds,13,35.81,36.81,correct,0.3207436260525827,0.9956877882833834,0.34420962824865625,2302.742566127487,0.4875378680449945
Secretariat_-_Over_The_Top,nvidia/canary-1b-v2,and,14,36.81,37.66,correct,0.2678025912331498,1.0517790285141573,0.2615806736537944,2390.0934013122956,0.5571999734510547
Secretariat_-_Over_The_Top,nvidia/canary-1b-v2,the,15,37.66,37.78,correct,0.3179355412721634,0.6051355336721127,0.6690117120742798,1970.230868534774,0.4739618438940782
Secretariat_-_Over_The_Top,nvidia/canary-1b-v2,game,16,37.78,38.53,correct,0.5378959441994443,1.1308087572271441,0.5063355469409331,2982.639131021207,0.6214677915896898
Secretariat_-_Over_The_Top,nvidia/canary-1b-v2,is,17,38.53,38.7,correct,0.4732573390007019,0.724018506705761,0.6929603323340416,3618.0920705083336,0.6944751113653183
Secretariat_-_Over_The_Top,nvidia/canary-1b-v2,ready,18,38.7,39.1,substitution,0.4814850826596105,1.0277698622193447,0.49952774546867196,2753.1488938602342,0.6130294688912326
Secretariat_-_Over_The_Top,nvidia/canary-1b-v2,to,19,39.1,39.27,substitution,0.3110070722667794,0.8909380498685335,0.3853056877851486,2518.030780500945,0.6029724886542872
Secretariat_-_Over_The_Top,nvidia/canary-1b-v2,go,20,39.27,40.57,correct,0.37322711625269483,0.5611280691676906,4.621002932531493,2545.7421098835316,0.5489879780582019
Secretariat_-_Over_The_Top,nvidia/canary-1b-v2,american,21,41.8,42.54,correct,0.30707489950582384,0.7256687464541756,0.7410077882930637,2038.4820467353966,0.46743493881076575
Secretariat_-_Over_The_Top,nvidia/canary-1b-v2,airlines,22,42.54,45.37,correct,0.2222539018040443,0.8247068083442428,0.6474845987489515,2423.5568371998793,0.5673454584855058
Secretariat_-_Over_The_Top,nvidia/canary-1b-v2,they,23,45.37,45.59,correct,0.34067882007608813,0.7571207206541052,1.048943134645621,2021.0549303179941,0.4846825736264388
Secretariat_-_Over_The_Top,nvidia/canary-1b-v2,saw,24,45.59,45.85,substitution,0.2982976374955013,0.8535149899022333,0.38145215809345245,2477.5330017071633,0.5424278840936464
Secretariat_-_Over_The_Top,nvidia/canary-1b-v2,me,25,45.85,46.0,correct,0.3454924751730526,0.8103013108758366,0.43174335886450377,2302.7753592048048,0.5727544041240916
Secretariat_-_Over_The_Top,nvidia/canary-1b-v2,right,26,46.0,46.44,correct,0.2365570291876793,0.7287425417453051,0.48143791407346725,2222.7374441180314,0.5523948029925426
Secretariat_-_Over_The_Top,nvidia/canary-1b-v2,through,27,46.44,47.27,substitution,0.3653170766101943,0.8496442153222031,0.45122168047560585,1756.6117603348187,0.3952154126432207
Secretariat_-_Over_The_Top,nvidia/canary-1b-v2,when,28,47.27,49.05,correct,0.15689645928183668,0.20804032487304588,4.163937990759548,2074.494580507659,0.4902580886294967
Secretariat_-_Over_The_Top,nvidia/canary-1b-v2,i,29,49.05,49.58,substitution,0.26770377030660364,1.0954749954157863,0.24739455868457927,2265.473296092801,0.5298458250432179
Secretariat_-_Over_The_Top,nvidia/canary-1b-v2,get,30,49.58,49.89,substitution,0.21693449270199328,0.9253882735091097,0.3616762058261563,2343.4611468530907,0.5803071707487106
Secretariat_-_Over_The_Top,nvidia/canary-1b-v2,em,31,49.89,50.35,substitution,0.25157330989837645,0.9934299683570862,0.264905549287796,2337.773121019216,0.5455812561511993
Secretariat_-_Over_The_Top,nvidia/canary-1b-v2,i'm,32,50.35,50.68,correct,0.26571099522213143,0.8913459479808807,0.30944935770498383,1908.034088501784,0.4783983909421497
Secretariat_-_Over_The_Top,nvidia/canary-1b-v2,gonna,33,50.68,51.22,correct,0.3590811294014171,0.8799097366252188,0.4552220108650498,2086.6018408679656,0.4970546228400731
Secretariat_-_Over_The_Top,nvidia/canary-1b-v2,check,34,51.22,51.62,substitution,0.40259165079756215,0.6426452118903399,0.970764681358229,2815.077814117527,0.6439291320063851
Secretariat_-_Over_The_Top,nvidia/canary-1b-v2,raise,35,51.68,52.18,correct,0.4662419024992872,0.8368697529313741,0.6927729491834287,3167.212231422995,0.6713132361570994
Secretariat_-_Over_The_Top,nvidia/canary-1b-v2,back,36,52.18,52.55,substitution,0.3017809578194851,0.6226254545333909,0.9768762257767887,2916.081113195489,0.64864535593405
Secretariat_-_Over_The_Top,nvidia/canary-1b-v2,to,37,52.55,52.75,substitution,0.43569163097576663,1.0424742461605505,0.46859085966240277,3445.2981502925463,0.609976891766895
Secretariat_-_Over_The_Top,nvidia/canary-1b-v2,you,38,52.75,54.22,substitution,0.305648075322373,0.5500184996819855,1.613090224281142,2339.852311564936,0.5060266622259647
Secretariat_-_Over_The_Top,nvidia/canary-1b-v2,shuffle,39,55.41,56.88,substitution,0.3731707235020173,0.7386323441987079,1.3036285706713229,2237.8466442152926,0.4807034378187566
Secretariat_-_Over_The_Top,nvidia/canary-1b-v2,em,40,56.88,57.04,substitution,0.17518035653564665,0.030978074504269495,5.66612180074056,2778.301359257801,0.6642555677228503
Secretariat_-_Over_The_Top,nvidia/canary-1b-v2,up,41,58.72,58.95,substitution,0.18876204639673233,0.18771440951296917,1.2941508774573987,2408.116738930054,0.5328538784613976
Secretariat_-_Over_The_Top,nvidia/canary-1b-v2,deal,42,58.95,59.57,substitution,0.5716124184763254,1.1420352460621899,0.5493001501951644,2323.517723911238,0.4332668180785962
Secretariat_-_Over_The_Top,nvidia/canary-1b-v2,em,43,59.57,61.09,substitution,0.39089749652915207,1.189846057833338,0.3331431870811556,2095.2725948255816,0.4667260641334978
Secretariat_-_Over_The_Top,nvidia/canary-1b-v2,on,44,61.09,61.56,substitution,0.41806574545654596,0.8683125236455131,0.491321416462169,2141.6682811588994,0.5323128367171568
Secretariat_-_Over_The_Top,nvidia/canary-1b-v2,down,45,61.56,61.95,substitution,0.21027182822310647,0.174821435105662,2.325309599554816,3342.895291833865,0.6772530335326528
Secretariat_-_Over_The_Top,nvidia/canary-1b-v2,i'm,46,62.01,62.3,substitution,0.28820378007367253,0.2912174635566771,1.4263156075030565,2325.4096323820386,0.5645113233476877
Secretariat_-_Over_The_Top,nvidia/canary-1b-v2,grinding,47,62.3,62.74,substitution,0.33009318448603153,0.9733712847034136,0.41099512577056885,2188.9769528741476,0.531323978677392
Secretariat_-_Over_The_Top,nvidia/canary-1b-v2,it,48,62.74,62.8,substitution,0.40767585805484224,1.0026962075914656,0.4026525488921574,2169.165454901898,0.5027432101113456
Secretariat_-_Over_The_Top,nvidia/canary-1b-v2,out,49,62.8,63.55,substitution,0.325799364734579,1.0218085843471834,0.3914392680665593,2287.7896643010354,0.5068294733394811
Secretariat_-_Over_The_Top,nvidia/canary-1b-v2,tonight,50,63.55,64.24,substitution,0.47564472754796344,1.0099501260121664,0.4862154507637024,2239.0734850537433,0.46851472159226737
Secretariat_-_Over_The_Top,nvidia/canary-1b-v2,i'm,51,64.24,64.73,substitution,0.6009393688642753,0.9393127195115359,0.6782758629546976,2349.966660730733,0.356114110856686
Secretariat_-_Over_The_Top,nvidia/canary-1b-v2,standing,52,64.73,65.86,substitution,0.34115183005323174,0.9563413171983156,0.38908704309189907,2663.205681566268,0.5014580136439839
Secretariat_-_Over_The_Top,nvidia/canary-1b-v2,my,53,65.86,66.29,substitution,0.3523470040248788,1.0029472300539846,0.37050648843464645,2089.1600428710008,0.4501633067493853
Secretariat_-_Over_The_Top,nvidia/canary-1b-v2,ground,54,66.32,67.8,substitution,0.3078237992928088,0.6075110438063085,1.8898882729077489,2270.984748326926,0.5206682483355204
Secretariat_-_Over_The_Top,nvidia/canary-1b-v2,and,55,84.07,84.31,substitution,0.30228182949401716,0.4402330506041094,1.9447451973402943,2097.5547048981744,0.4727736071304039
Secretariat_-_Over_The_Top,nvidia/canary-1b-v2,on,56,84.31,84.72,substitution,0.4078912531787699,0.9963343658230521,0.4074627696113153,1920.497885325634,0.4456484094262123
Secretariat_-_Over_The_Top,nvidia/canary-1b-v2,the,57,84.72,84.81,deletion,0.7432103915648027,0.9086208668622103,0.837609892541712,1727.7546059885783,0.4105298573320562
Secretariat_-_Over_The_Top,nvidia/canary-1b-v2,next,58,84.81,85.35,deletion,0.3768510063146723,0.8006535981749666,0.5841763284185837,2286.4590782056025,0.5308433786548418
Secretariat_-_Over_The_Top,nvidia/canary-1b-v2,hand,59,85.35,86.84,deletion,0.3859985518967733,0.7685577156720683,0.9028783137910068,1944.0586742973778,0.4625909788534045
Secretariat_-_Over_The_Top,nvidia/canary-1b-v2,bullet,60,86.84,87.15,correct,0.30728882253170015,0.9376235861863409,0.5210504050765719,2101.2725659353864,0.47529322845595223
Secretariat_-_Over_The_Top,nvidia/canary-1b-v2,rears,61,87.15,88.11,correct,0.49510462480841333,0.9698438809334653,0.5279742774454136,1965.7624619150035,0.3898076516331978
Secretariat_-_Over_The_Top,nvidia/canary-1b-v2,it's,62,88.14,89.75,substitution,0.34649118061871886,0.8042846613622814,0.5129284720028067,2280.0901803474844,0.46926293483359277
Secretariat_-_Over_The_Top,nvidia/canary-1b-v2,head,63,89.75,90.27,substitution,0.34166788682341576,0.02779371920873278,21.907619961670466,1860.3194401463147,0.442679513245821
Secretariat_-_Over_The_Top,nvidia/canary-1b-v2,i'm,64,90.83,91.04,substitution,0.24943823804673942,0.19301258950777675,2.655030504516933,1878.8855387736041,0.44899966146634973
Secretariat_-_Over_The_Top,nvidia/canary-1b-v2,folding,65,91.04,91.62,deletion,0.295172630735333,0.9239277772841945,0.4497987554659919,1907.2253122469383,0.4788410398695204
Secretariat_-_Over_The_Top,nvidia/canary-1b-v2,cowboys,66,91.62,92.53,correct,0.2502050541189252,0.917879697771705,0.338455363727954,2211.8722229178316,0.531396399651255
Secretariat_-_Over_The_Top,nvidia/canary-1b-v2,but,67,92.53,92.83,substitution,0.299628962169994,0.9235977051836072,0.40698165288477234,1887.003977217044,0.4507167375448978
Secretariat_-_Over_The_Top,nvidia/canary-1b-v2,one,68,92.83,93.38,substitution,0.38558045302828153,0.92956735988458,0.4651355697462956,1874.6891282117913,0.4429341460267703
Secretariat_-_Over_The_Top,nvidia/canary-1b-v2,marked,69,93.38,93.84,substitution,0.44882999137043955,0.7707312455773354,0.7827051240205765,2346.7993839216306,0.4257106494903564
Secretariat_-_Over_The_Top,nvidia/canary-1b-v2,on,70,93.84,94.27,substitution,0.31156305334669476,0.7604669560777381,0.42640464134672856,2857.9171694105366,0.6097447897525544
Secretariat_-_Over_The_Top,nvidia/canary-1b-v2,me,71,94.27,94.6,correct,0.4655221704807546,0.98245194223192,0.471131160027451,2975.803238493609,0.5247200686070654
Secretariat_-_Over_The_Top,nvidia/canary-1b-v2,and,72,94.6,94.7,correct,0.4592519973715146,0.9811259259780248,0.460801695783933,2433.1501488785902,0.4580223436156909
Secretariat_-_Over_The_Top,nvidia/canary-1b-v2,i'm,73,94.7,95.1,correct,0.4157811437928399,0.8375543702480405,0.5235083380410838,2238.214638037472,0.44243132513622907
Secretariat_-_Over_The_Top,nvidia/canary-1b-v2,dead,74,95.1,96.95,substitution,0.3706212427897669,0.5973516102440318,7.259228236411684,2413.173678330212,0.5173684807878044
Secretariat_-_Over_The_Top,nvidia/canary-1b-v2,a,75,97.61,97.72,correct,0.20381862211685914,0.146140154880973,2.95792432473256,2523.27682457042,0.6091056282703693
Secretariat_-_Over_The_Top,nvidia/canary-1b-v2,couple,76,97.72,98.13,substitution,0.29611247330904006,0.48873261016690067,1.7439801947938072,2312.0491155076197,0.5575715906090206
Secretariat_-_Over_The_Top,nvidia/canary-1b-v2,rounds,77,98.13,98.64,substitution,0.35310979106209495,0.823369996656071,0.5098106170242483,2006.8281778643254,0.5013664809140292
Secretariat_-_Over_The_Top,nvidia/canary-1b-v2,later,78,98.64,101.07,substitution,0.3705926978530792,0.7749323234606821,0.7748478306600681,2094.2335410083087,0.41816709184875855
Secretariat_-_Over_The_Top,nvidia/canary-1b-v2,we,79,101.11,101.41,substitution,0.21559019589965994,0.9821770335688735,0.2587680760206598,2061.0487707339626,0.49698373314106103
Secretariat_-_Over_The_Top,nvidia/canary-1b-v2,got,80,101.41,101.68,correct,0.19889478154223542,0.8622278673895474,0.3698793300266924,2141.8276093521486,0.4507598568653238
Secretariat_-_Over_The_Top,nvidia/canary-1b-v2,the,81,101.68,101.74,substitution,0.3160441480576992,0.3838472459465265,0.8702209964394569,2963.2062783923575,0.6595115512609482
Secretariat_-_Over_The_Top,nvidia/canary-1b-v2,same,82,101.74,102.25,substitution,0.2963472783565521,0.8148716433481736,0.378753570264036,2401.686897739258,0.5580225245519118
Secretariat_-_Over_The_Top,nvidia/canary-1b-v2,pair,83,102.25,103.81,substitution,0.2913576338794969,0.6701159207760135,2.263802564436836,2195.736029330943,0.49023331453402835
Secretariat_-_Over_The_Top,nvidia/canary-1b-v2,what's,84,103.81,105.0,substitution,0.18555391315021552,0.321600131373998,3.8834257014095783,2620.773780412854,0.6140878582373261
Secretariat_-_Over_The_Top,nvidia/canary-1b-v2,your,85,105.0,105.38,substitution,0.4717087474901502,0.7136457377090687,0.7441087590485085,2195.7730973024513,0.44823805369981906
Secretariat_-_Over_The_Top,nvidia/canary-1b-v2,kicker,86,105.38,105.95,substitution,0.2980428949719475,0.7081150007584402,0.5496986337727116,2423.217107120489,0.518852821761562
Secretariat_-_Over_The_Top,nvidia/canary-1b-v2,boy,87,105.95,106.94,correct,0.32079692775348445,1.041257452571167,0.32257519128187645,2236.239057640805,0.4404107388460411
Secretariat_-_Over_The_Top,nvidia/canary-1b-v2,let's,88,106.94,108.33,correct,0.3571313943962256,0.605189456269145,1.4339771049221357,3064.908272002933,0.6313004964590072
Secretariat_-_Over_The_Top,nvidia/canary-1b-v2,compare,89,108.33,110.07,substitution,0.4623810271582296,0.6976830610374529,3.7970169654456516,2446.0563361918416,0.5137536280578182
Secretariat_-_Over_The_Top,nvidia/canary-1b-v2,shuffle,90,111.18,112.65,correct,0.38235553330447103,0.7024946800710138,1.4912249397816537,2239.9444369704847,0.4477918376273747
Secretariat_-_Over_The_Top,nvidia/canary-1b-v2,em,91,112.65,112.73,correct,0.20676621463563707,0.029637716089685757,7.055519898732503,2033.5063566082406,0.5212419264846377
Secretariat_-_Over_The_Top,nvidia/canary-1b-v2,up,92,112.73,112.85,correct,0.24673497676849365,0.020379753783345222,13.159241982868739,1976.2075914746881,0.4824800491333008
Secretariat_-_Over_The_Top,nvidia/canary-1b-v2,deal,93,114.71,115.23,substitution,0.4308450415469052,1.1160518762312437,0.4505503791988942,2386.189159753353,0.48423091988814504
Secretariat_-_Over_The_Top,nvidia/canary-1b-v2,em,94,115.23,117.54,substitution,0.467808329142057,1.0150159859977028,0.5711439108317681,2025.9316283400126,0.43833892885972614
Secretariat_-_Over_The_Top,nvidia/canary-1b-v2,on,95,117.54,117.64,deletion,0.08686739951372147,0.037374647023777165,2.445600301027298,3716.1978342294574,0.6815508455038071
Secretariat_-_Over_The_Top,nvidia/canary-1b-v2,down,96,117.64,117.86,correct,0.1467315851089855,0.13327526409799853,1.2476660311222076,3116.502703182475,0.6972732469439507
Secretariat_-_Over_The_Top,nvidia/canary-1b-v2,i'm,97,117.89,118.05,substitution,0.29185360905371216,0.35371077472442075,0.948896630814201,1570.5051705654537,0.3813187056466153
Secretariat_-_Over_The_Top,nvidia/canary-1b-v2,grinding,98,118.05,118.45,substitution,0.4085900884035022,0.9910844765430273,0.5683364556279293,2056.4705306223627,0.4372250576351964
Secretariat_-_Over_The_Top,nvidia/canary-1b-v2,it,99,118.45,118.54,correct,0.3199137259613384,1.2192722992463545,0.266011886975982,2442.1704228896215,0.4722945879806172
Secretariat_-_Over_The_Top,nvidia/canary-1b-v2,out,100,118.54,119.35,correct,0.3796908701288289,1.0191065860890793,0.4922669269572729,2120.193697680588,0.46249465353187474
Secretariat_-_Over_The_Top,nvidia/canary-1b-v2,tonight,101,119.35,119.76,correct,0.48120835688379077,0.9090611259142558,0.5315528170930015,1980.1244377775408,0.46265871193673874
Secretariat_-_Over_The_Top,nvidia/canary-1b-v2,i'm,102,119.76,120.5,correct,0.41210510265082123,1.0035111121833324,0.453904078528285,1990.3460559838975,0.43127993308007717
Secretariat_-_Over_The_Top,nvidia/canary-1b-v2,standing,103,120.5,121.68,substitution,0.3062068239206404,0.9265780191369882,0.39736387690925223,2264.5588731156176,0.5027133813054543
Secretariat_-_Over_The_Top,nvidia/canary-1b-v2,my,104,121.68,122.07,correct,0.36109377692143124,0.9840690401338396,0.398027309349605,2118.0686406817686,0.4593660008339655
Secretariat_-_Over_The_Top,nvidia/canary-1b-v2,ground,105,122.1,123.65,correct,0.25447626349454866,0.47559037583763014,1.3812458220713153,2038.1725454856119,0.4618220489895986
Secretariat_-_Over_The_Top,nvidia/canary-1b-v2,i'm,106,130.33,130.49,correct,0.18187088188197878,0.21590179494685596,0.9663783543639712,1880.6271349748567,0.4691867811812295
Secretariat_-_Over_The_Top,nvidia/canary-1b-v2,right,107,130.49,131.34,correct,0.18889802969668223,1.0216901593882104,0.21137946698328722,1877.6742748701324,0.43740848289883655
Secretariat_-_Over_The_Top,nvidia/canary-1b-v2,about,108,131.34,132.38,correct,0.2322594204784504,0.9799678831893418,0.36645254945116384,1718.776582563785,0.3950979347739901
Secretariat_-_Over_The_Top,nvidia/canary-1b-v2,to,109,132.38,134.83,correct,0.3447874050502104,0.9470816358127667,0.37850553607781423,1754.6685261974221,0.3727170883016732
Secretariat_-_Over_The_Top,nvidia/canary-1b-v2,win,110,134.86,135.73,substitution,0.1310953296200242,0.14169890104582714,4.7829530274355285,1616.221636720202,0.37669102751439615
Secretariat_-_Over_The_Top,nvidia/canary-1b-v2,the,111,137.04,137.19,correct,0.1561718924957163,0.1407067828318652,1.323907403384938,2566.126277526513,0.5670368741540348
Secretariat_-_Over_The_Top,nvidia/canary-1b-v2,flop,112,137.19,137.78,correct,0.1503592131775804,0.46257119678193703,0.7101164173800498,2096.9873085131685,0.5046761138364673
Secretariat_-_Over_The_Top,nvidia/canary-1b-v2,gives,113,137.78,138.21,correct,0.12452279348322685,0.865802083877807,0.19088796962131846,2167.31266867628,0.5519272564573491
Secretariat_-_Over_The_Top,nvidia/canary-1b-v2,me,114,138.21,138.83,correct,0.16804663981519527,1.0125956579820434,0.16593568127101926,2145.513180283433,0.5131730103670661
Secretariat_-_Over_The_Top,nvidia/canary-1b-v2,the,115,138.83,138.99,correct,0.2765401684575611,0.8334976633389791,0.34208568019999397,2262.3840238719613,0.4723411649465561
Secretariat_-_Over_The_Top,nvidia/canary-1b-v2,wheel,116,138.99,140.39,correct,0.26836917514602343,0.674849916100502,0.4342174828549226,1754.4752187164872,0.35019669781128565
Secretariat_-_Over_The_Top,nvidia/canary-1b-v2,i'm,117,140.39,141.28,correct,0.0645375562501916,0.06145683669213516,2.0664729016522565,1790.0705519308503,0.4607346790532271
Secretariat_-_Over_The_Top,nvidia/canary-1b-v2,holding,118,143.87,144.96,substitution,0.28445116755289906,0.9549728042931638,0.35206334012695867,1504.0295022409823,0.3645787581674054
Secretariat_-_Over_The_Top,nvidia/canary-1b-v2,both,119,144.96,145.59,substitution,0.2229277892586063,0.9559162300737465,0.28271874358110566,1970.8649581505422,0.4631393808214104
Secretariat_-_Over_The_Top,nvidia/canary-1b-v2,the,120,145.59,145.77,substitution,0.3263136431574821,0.8787783328443766,0.44705753996968267,1562.8495946687835,0.38143001645803454
Secretariat_-_Over_The_Top,nvidia/canary-1b-v2,high,121,145.77,146.51,substitution,0.6913281828165054,0.9876751556992531,0.7027393851429224,2066.44089042618,0.28137935530394315
Secretariat_-_Over_The_Top,nvidia/canary-1b-v2,and,122,146.51,147.33,substitution,0.48595232943470557,0.9703033057491431,0.5006142158186837,2262.3939932223398,0.32203497360931355
Secretariat_-_Over_The_Top,nvidia/canary-1b-v2,the,123,147.33,147.38,substitution,0.29290367166201275,0.7778793772061666,0.3741571555534999,2166.8136851336294,0.40914129217465717
Secretariat_-_Over_The_Top,nvidia/canary-1b-v2,low,124,147.38,148.87,correct,0.18818035796284677,0.433330288642901,3.7436861131340264,1689.2881294282593,0.3788790931925178
Secretariat_-_Over_The_Top,nvidia/canary-1b-v2,this,125,150.04,150.48,correct,0.1493854227786263,0.2728037828152689,0.9039746566365162,2010.8582243196668,0.4973433905591567
Secretariat_-_Over_The_Top,nvidia/canary-1b-v2,pot,126,150.48,150.9,substitution,0.16064097748862372,0.7105369879139795,0.487708067562845,1805.8042229441648,0.4456843958960639
Secretariat_-_Over_The_Top,nvidia/canary-1b-v2,big,127,150.9,151.18,substitution,0.270987318648446,0.8944779252333026,0.4273128112958324,1656.5121487173708,0.40722017615072187
Secretariat_-_Over_The_Top,nvidia/canary-1b-v2,slick,128,151.18,151.74,correct,0.15562933170404591,0.7801637287999763,0.3230586464165664,2278.3454962243486,0.5484998465561476
Secretariat_-_Over_The_Top,nvidia/canary-1b-v2,ain't,129,151.74,152.11,correct,0.39357283420679046,0.8499865977139007,0.5539391367900662,2459.6331553826353,0.3936179730950332
Secretariat_-_Over_The_Top,nvidia/canary-1b-v2,gonna,130,152.11,152.41,substitution,0.5725120229251457,0.8995733360449473,0.6387969074827252,2016.747265518157,0.33773436600511725
Secretariat_-_Over_The_Top,nvidia/canary-1b-v2,steal,131,152.41,157.84,correct,0.21281587929818138,0.752742359229235,0.5706234087717944,2315.8044669812784,0.41309442579232414
Secretariat_-_Over_The_Top,nvidia/canary-1b-v2,shuffle,132,187.23,188.89,substitution,0.3776278266829721,0.7037832776576365,0.7091566965486227,2157.7506598035925,0.40482287552584423
Secretariat_-_Over_The_Top,nvidia/canary-1b-v2,em,133,188.89,188.96,substitution,0.079473786521703,0.043522817082703114,2.049886256456375,1363.2487811430642,0.32067279145121574
Secretariat_-_Over_The_Top,nvidia/canary-1b-v2,up,134,188.96,189.02,correct,0.04316973825916648,0.03656410949770361,1.2932220473885536,1626.1653263670032,0.3990420177578926
Secretariat_-_Over_The_Top,nvidia/canary-1b-v2,deal,135,190.77,191.25,correct,0.3031547276197739,1.0571168753898368,0.372120257256166,2325.653102467039,0.42641577855596
Secretariat_-_Over_The_Top,nvidia/canary-1b-v2,em,136,191.25,193.57,substitution,0.2628677534540334,1.0655383228534652,0.2605555159069838,1840.8502885145604,0.34544025163256353
Secretariat_-_Over_The_Top,nvidia/canary-1b-v2,on,137,193.57,193.65,correct,0.09171563511093457,0.1093232710328367,0.8461278676986694,1876.9678711113536,0.44939841826756793
Secretariat_-_Over_The_Top,nvidia/canary-1b-v2,down,138,193.65,193.98,correct,0.08801241843281565,0.10717168933636434,0.8264854502033543,2127.4585469886065,0.48627956574027603
Secretariat_-_Over_The_Top,nvidia/canary-1b-v2,i'm,139,193.98,194.09,correct,0.336880000308156,0.48916347945729893,0.6979217330614725,950.1503819264268,0.1906275407721599
Secretariat_-_Over_The_Top,nvidia/canary-1b-v2,grinding,140,194.09,194.69,substitution,0.3013671913972268,1.1287023411347317,0.3192532454545681,2039.1492183147263,0.37900013694396384
Secretariat_-_Over_The_Top,nvidia/canary-1b-v2,it,141,194.69,194.77,correct,0.2444065883755684,1.3605497002601623,0.18120742738246917,1616.3846374325065,0.29161984026432036
Secretariat_-_Over_The_Top,nvidia/canary-1b-v2,out,142,194.77,195.42,correct,0.2015782787331513,0.9309412543262754,0.28419810022626607,1895.4544527114547,0.30802116096019744
Secretariat_-_Over_The_Top,nvidia/canary-1b-v2,tonight,143,195.42,195.87,correct,0.2035166996778274,0.9815657132742356,0.21547191605275992,1925.6207878249668,0.3797001309540807
Secretariat_-_Over_The_Top,nvidia/canary-1b-v2,i'm,144,195.87,196.56,correct,0.2391291852792104,1.0037219059467315,0.25791524469852445,2054.907577072127,0.3549263632297516
Secretariat_-_Over_The_Top,nvidia/canary-1b-v2,standing,145,196.56,197.71,correct,0.1848322371201169,0.8867998565396955,0.24559050089409273,1916.9993836848519,0.3612441629652054
Secretariat_-_Over_The_Top,nvidia/canary-1b-v2,my,146,197.71,198.12,correct,0.2298976375975392,0.947259124707092,0.24196101758967747,1570.2680646061801,0.27194504981691187
Secretariat_-_Over_The_Top,nvidia/canary-1b-v2,ground,147,198.12,199.95,substitution,0.1848453717040164,0.3923229865839097,2.1637187962021147,2055.5962891862237,0.42770870463276395
Secretariat_-_Over_The_Top,nvidia/canary-1b-v2,listen,148,202.45,203.06,substitution,0.34970997206189414,0.7765441797109265,0.6820944931470987,2670.7203302784987,0.5836443693348856
Secretariat_-_Over_The_Top,nvidia/canary-1b-v2,up,149,203.06,203.3,unknown,0.4670415399251161,0.8188612069244738,0.8638870274579084,2115.101389219073,0.4116189071425685
Secretariat_-_Over_The_Top,nvidia/canary-1b-v2,son,150,203.3,205.13,unknown,0.26270375429291504,0.5035662712690857,2.249208319552091,1984.4340373558402,0.4864863395995023
Secretariat_-_Over_The_Top,nvidia/canary-1b-v2,i'm,151,205.92,206.24,unknown,0.3949085744363921,0.7734917550746884,0.7158050102846963,2176.9455319016784,0.49626645360674176
Secretariat_-_Over_The_Top,nvidia/canary-1b-v2,going,152,206.24,206.72,unknown,0.3861858088452861,1.1425601277711257,0.3502685323638736,2165.0916811259676,0.4476683263508779
Secretariat_-_Over_The_Top,nvidia/canary-1b-v2,all,153,206.72,207.14,unknown,0.3940480420986811,1.1848342378934225,0.3365593241320716,2096.313356110683,0.48896147542529633
Secretariat_-_Over_The_Top,nvidia/canary-1b-v2,in,154,207.14,208.65,unknown,0.3238964320424898,0.63977844423304,3.257797153827585,1924.6516050745734,0.4655018596001613
Secretariat_-_Over_The_Top,nvidia/canary-1b-v2,cause,155,209.21,209.42,unknown,0.4713062333563964,0.989173931380113,0.4823404053846995,2549.0478793358016,0.6120012526710829
Secretariat_-_Over_The_Top,nvidia/canary-1b-v2,i,156,209.42,209.59,unknown,0.33482373701898677,1.1885237442819696,0.3010634379951577,2579.2775946096326,0.6448823966478047
Secretariat_-_Over_The_Top,nvidia/canary-1b-v2,got,157,209.59,209.81,unknown,0.3057681762923797,0.9494675789028406,0.4672055412083864,2342.0728792355653,0.5659979246556759
Secretariat_-_Over_The_Top,nvidia/canary-1b-v2,the,158,209.81,209.93,unknown,0.4466703523482595,0.7130739667585918,0.8234369265181678,2353.02283188064,0.590983931507383
Secretariat_-_Over_The_Top,nvidia/canary-1b-v2,nuts,159,209.93,210.44,unknown,0.3755219836126674,0.9965294827114451,0.4516574439677325,2594.764970052927,0.5720091066577218
Secretariat_-_Over_The_Top,nvidia/canary-1b-v2,there,160,210.44,210.97,unknown,0.5396302460596479,1.0384097582307354,0.5714165594043403,2478.60934168395,0.49038867138583087
Secretariat_-_Over_The_Top,nvidia/canary-1b-v2,ain't,161,210.97,211.27,unknown,0.5093443321459221,0.9729738813458066,0.5171191096305847,2147.300883169407,0.33995911343531177
Secretariat_-_Over_The_Top,nvidia/canary-1b-v2,no,162,211.27,211.61,unknown,0.4491117838266733,0.97200489688564,0.490076617614643,2017.2759925756006,0.366963990636774
Secretariat_-_Over_The_Top,nvidia/canary-1b-v2,chance,163,211.61,212.24,unknown,0.299871099564959,0.8129009882755139,0.4319942698759191,2793.378634935267,0.5801386706092778
Secretariat_-_Over_The_Top,nvidia/canary-1b-v2,in,164,212.24,212.5,unknown,0.36978959163715097,1.0652936902539483,0.355411886141218,2321.096973625953,0.5241231034541952
Secretariat_-_Over_The_Top,nvidia/canary-1b-v2,hell,165,212.5,212.93,unknown,0.379502184530522,1.0616754724624309,0.3784951929082262,2144.956358256087,0.48811448064256224
Secretariat_-_Over_The_Top,nvidia/canary-1b-v2,you'll,166,212.93,213.4,unknown,0.3169833223025004,1.0292645657763762,0.3172911157210668,2335.651293601492,0.5191244956325082
Secretariat_-_Over_The_Top,nvidia/canary-1b-v2,win,167,213.4,215.16,unknown,0.2870823602591242,0.4571618044517304,9.026288185721983,2179.849804954174,0.49726079979901594
Speak_Softly_-_Broken_Man,nvidia/canary-1b-v2,unwinding,0,3.14,4.54,correct,0.05332613726522749,0.5140985384558803,0.12407949406480948,2387.1225571035357,0.5300963009824816
Speak_Softly_-_Broken_Man,nvidia/canary-1b-v2,us,1,4.54,5.03,correct,0.0930181845038567,0.4134945723245729,0.30534395217052046,3657.395441513087,0.5728598225791499
Speak_Softly_-_Broken_Man,nvidia/canary-1b-v2,like,2,5.03,5.41,correct,0.03135867671863664,0.4142314987257123,0.14830819712508292,3446.2209839054212,0.6599707291239784
Speak_Softly_-_Broken_Man,nvidia/canary-1b-v2,string,3,5.41,11.02,substitution,0.057500762293948626,0.2325731236188329,1.936025281690173,2250.3757227220553,0.5119780516485141
Speak_Softly_-_Broken_Man,nvidia/canary-1b-v2,cut,4,11.53,11.6,correct,0.16752944638331732,0.3166193866636604,5.620596958531274,706.5766253314976,0.13817104697227478
Speak_Softly_-_Broken_Man,nvidia/canary-1b-v2,away,5,11.6,11.72,correct,0.14629678428173065,0.5408043733664921,0.27954948374203276,945.5876013546497,0.17064198266182626
Speak_Softly_-_Broken_Man,nvidia/canary-1b-v2,the,6,11.72,11.92,correct,0.08767992224205624,0.536571441726251,0.1638107184659351,1782.103757803957,0.33832178197123786
Speak_Softly_-_Broken_Man,nvidia/canary-1b-v2,rot,7,11.92,12.02,substitution,0.1439527782301108,0.5113288909196854,0.2958996606369813,1436.487907763704,0.2869248402615388
Speak_Softly_-_Broken_Man,nvidia/canary-1b-v2,weeding,8,12.02,12.35,correct,0.09993840816120307,0.5288880293567976,0.18828038622935614,1886.010627471901,0.2955539110634062
Speak_Softly_-_Broken_Man,nvidia/canary-1b-v2,out,9,12.35,12.77,correct,0.1393600528978783,0.5687701708596685,0.24480085981928784,2015.7498575055706,0.4070293119420176
Speak_Softly_-_Broken_Man,nvidia/canary-1b-v2,the,10,12.8,12.86,substitution,0.099203921854496,0.10990356015307563,1.0007270915167672,1944.677622729009,0.4800653713090079
Speak_Softly_-_Broken_Man,nvidia/canary-1b-v2,thorns,11,12.86,13.09,correct,0.08287376638215321,0.29700716183735776,0.44784612781726396,2047.0180773763086,0.5190426489481559
Speak_Softly_-_Broken_Man,nvidia/canary-1b-v2,unraveling,12,13.09,15.17,substitution,0.05128743059749427,0.35372709510472056,0.44508613478141784,2133.418639146802,0.5099336468852689
Speak_Softly_-_Broken_Man,nvidia/canary-1b-v2,the,13,15.27,15.33,substitution,0.06403178325854242,0.37723537208512425,0.4025533013045788,2213.31584158267,0.5090881250798702
Speak_Softly_-_Broken_Man,nvidia/canary-1b-v2,knot,14,15.33,18.43,correct,0.06623478386877527,0.3823093981763455,0.798227248505163,1859.6922292727268,0.43016729136968307
Speak_Softly_-_Broken_Man,nvidia/canary-1b-v2,let,15,20.38,20.58,correct,0.11709250007634578,0.43852931155782676,0.43244267708581424,1481.582462715836,0.3453508686760198
Speak_Softly_-_Broken_Man,nvidia/canary-1b-v2,me,16,20.58,21.25,correct,0.10893877093783683,0.4914389990477098,0.25378477904531693,1697.7129175846749,0.38687314838171005
Speak_Softly_-_Broken_Man,nvidia/canary-1b-v2,unfold,17,21.25,22.36,substitution,0.08335855323821306,0.463493882616361,0.2740651166687409,1868.3469293164742,0.4453430106242498
Speak_Softly_-_Broken_Man,nvidia/canary-1b-v2,this,18,22.36,22.79,correct,0.08241121288712906,0.344885617899506,0.3532609050364598,2294.615917052857,0.5382979045743528
Speak_Softly_-_Broken_Man,nvidia/canary-1b-v2,map,19,22.79,23.57,correct,0.11891967119539486,0.3283631414613303,0.5733837076846291,1857.2740375645797,0.45452239267966327
Speak_Softly_-_Broken_Man,nvidia/canary-1b-v2,trace,20,23.57,24.01,correct,0.12659097400804362,0.37330615194514394,0.40309623690942925,2218.247078071587,0.4769859965890646
Speak_Softly_-_Broken_Man,nvidia/canary-1b-v2,my,21,24.01,24.28,correct,0.1345037224477735,0.45381396289529474,0.30134142832509403,1398.4643107257073,0.33969446554266175
Speak_Softly_-_Broken_Man,nvidia/canary-1b-v2,finger,22,24.28,24.9,correct,0.09393126988673911,0.3462071859223001,0.4784587297369452,1803.4918901709066,0.4479829975787331
Speak_Softly_-_Broken_Man,nvidia/canary-1b-v2,down,23,24.9,25.9,substitution,0.07864837532984877,0.4706617134196736,0.1731891979541734,1953.680212310923,0.464762001115585
Speak_Softly_-_Broken_Man,nvidia/canary-1b-v2,the,24,25.9,25.97,deletion,0.06391643236080806,0.4848817057079739,0.13283772518237433,2082.1783336832555,0.5300819642013974
Speak_Softly_-_Broken_Man,nvidia/canary-1b-v2,path,25,25.97,26.06,deletion,0.07089538536965848,0.1890939876437187,0.5984529346227646,1599.212778129318,0.3958866953849792
Speak_Softly_-_Broken_Man,nvidia/canary-1b-v2,try,26,26.06,26.15,deletion,0.11508140001784671,0.1389540545642376,0.9197190729054537,1703.1509767443406,0.4372104054147547
Speak_Softly_-_Broken_Man,nvidia/canary-1b-v2,to,27,26.15,26.21,deletion,0.06251728747572217,0.4379939745579447,0.21438215672969818,1784.7461965104776,0.4605045872075217
Speak_Softly_-_Broken_Man,nvidia/canary-1b-v2,find,28,26.21,27.45,deletion,0.13002893412068708,0.4426175794049875,0.3061651716481394,1274.6078394949423,0.3083690638417628
Speak_Softly_-_Broken_Man,nvidia/canary-1b-v2,my,29,27.45,27.51,deletion,0.06806345017892974,0.09208184799977712,0.8154859372547695,1185.5149716239612,0.30803307252270834
Speak_Softly_-_Broken_Man,nvidia/canary-1b-v2,way,30,27.51,27.57,deletion,0.08934734123093742,0.117401123046875,0.7703561867986407,1564.2698076379675,0.3813872294766562
Speak_Softly_-_Broken_Man,nvidia/canary-1b-v2,back,31,27.6,28.99,deletion,0.04968243356694111,0.022533411830476167,3.3426581245140743,1623.7059635119244,0.39101378469659176
Speak_Softly_-_Broken_Man,nvidia/canary-1b-v2,to,32,29.14,29.38,deletion,0.1382097309598556,0.33001078851521015,0.5215314251299088,2736.0135800556013,0.5200844074671085
Speak_Softly_-_Broken_Man,nvidia/canary-1b-v2,where,33,29.38,30.26,correct,0.1591053363523985,0.5138491429780659,0.3148073237193258,1672.9500675479633,0.3508912528816022
Speak_Softly_-_Broken_Man,nvidia/canary-1b-v2,you,34,30.26,30.5,correct,0.10972461849451065,0.2677510344871768,0.5733743773566352,1802.675637348637,0.466433048248291
Speak_Softly_-_Broken_Man,nvidia/canary-1b-v2,are,35,30.5,31.26,correct,0.07843082834307741,0.5663300621800307,0.13820647121202656,1799.2805132524277,0.40116851249846014
Speak_Softly_-_Broken_Man,nvidia/canary-1b-v2,and,36,31.26,37.38,correct,0.09041638284727976,0.2807703181550858,1.660944173095423,1676.9152739008484,0.3872515233375975
Speak_Softly_-_Broken_Man,nvidia/canary-1b-v2,your,37,37.92,38.69,correct,0.11750401224357536,0.5077642089047705,0.33814220911408044,1968.2561354213176,0.4498023609799075
Speak_Softly_-_Broken_Man,nvidia/canary-1b-v2,fears,38,38.69,42.24,substitution,0.5004489088529035,0.6476236126140544,0.7693641825334022,1619.7542825281184,0.2832241997907036
Speak_Softly_-_Broken_Man,nvidia/canary-1b-v2,may,39,42.24,42.51,correct,0.3481994559367498,0.6986829280853272,0.494786881407102,1721.918406852394,0.3551613410313924
Speak_Softly_-_Broken_Man,nvidia/canary-1b-v2,never,40,42.51,42.99,correct,0.3327380312749973,0.5960039754326527,0.6631458522035525,1851.1029537281333,0.36881166925797093
Speak_Softly_-_Broken_Man,nvidia/canary-1b-v2,come,41,42.99,45.49,correct,0.17738801796934497,0.23230637613086225,4.060707048415693,2011.5364711517493,0.4420049836052887
Speak_Softly_-_Broken_Man,nvidia/canary-1b-v2,these,42,46.71,47.48,substitution,0.4646006237311536,0.6113432605403015,0.7823455391159977,1689.5946139713399,0.297341376363513
Speak_Softly_-_Broken_Man,nvidia/canary-1b-v2,years,43,47.48,50.98,correct,0.36740522465125763,0.7045837284568797,0.5197110439844947,1776.2650005584783,0.32689499890899915
Speak_Softly_-_Broken_Man,nvidia/canary-1b-v2,have,44,50.98,51.25,correct,0.2902676264444987,0.5082041660944621,0.7041559110085169,1750.127757296919,0.3951878031094869
Speak_Softly_-_Broken_Man,nvidia/canary-1b-v2,come,45,51.25,51.57,correct,0.35150126516819,0.6622824894530432,0.5628823173897607,2082.3911872574217,0.43954678433282035
Speak_Softly_-_Broken_Man,nvidia/canary-1b-v2,undone,46,51.57,54.14,substitution,0.226975267062133,0.29980718316171656,3.718645903413946,1875.2036764183315,0.3663155450062318
Speak_Softly_-_Broken_Man,nvidia/canary-1b-v2,your,47,55.29,55.93,correct,0.27018285926053487,0.6076073856565399,0.5910910249188326,1973.3049342643264,0.4144456639238026
Speak_Softly_-_Broken_Man,nvidia/canary-1b-v2,fears,48,55.93,59.33,correct,0.41429287588203345,0.6737262914059582,0.6818687973932905,1868.0951634218768,0.3210128449558557
Speak_Softly_-_Broken_Man,nvidia/canary-1b-v2,may,49,59.33,59.81,correct,0.302296818448947,0.7205659964909921,0.4209660727244157,1961.0469828453738,0.34778587692059004
Speak_Softly_-_Broken_Man,nvidia/canary-1b-v2,never,50,59.81,60.36,correct,0.31480911299586295,0.6039477421591679,0.6630521843830744,1905.501033313358,0.3547054280837377
Speak_Softly_-_Broken_Man,nvidia/canary-1b-v2,come,51,60.36,63.41,substitution,0.18237302343195383,0.2061228994165827,5.946907293440009,2100.241555701827,0.431540639716789
Speak_Softly_-_Broken_Man,nvidia/canary-1b-v2,and,52,63.98,64.25,substitution,0.3630050315211217,0.39742992402364813,0.9193727950255076,1167.9662094063124,0.2528484582901001
Speak_Softly_-_Broken_Man,nvidia/canary-1b-v2,these,53,64.25,64.75,deletion,0.569436001556891,0.7439822637372546,0.7626241147518158,2204.179887094314,0.35293603660883727
Speak_Softly_-_Broken_Man,nvidia/canary-1b-v2,years,54,64.75,68.02,deletion,0.42349323626075475,0.7345975652762822,0.573239320388862,1782.4441616251004,0.3218026342136519
Speak_Softly_-_Broken_Man,nvidia/canary-1b-v2,have,55,68.02,68.53,correct,0.27543705999851226,0.6231790495189753,0.5047796103087339,1818.134960095335,0.38076918477361854
Speak_Softly_-_Broken_Man,nvidia/canary-1b-v2,come,56,68.53,68.85,correct,0.38812850436994006,0.6407351919582912,0.6267508413110461,2015.4126107269062,0.41372954504830495
Speak_Softly_-_Broken_Man,nvidia/canary-1b-v2,undone,57,68.85,71.57,correct,0.18063690742535185,0.28465925883629345,1.4847793155030844,2107.562772699039,0.457893129591256
Speak_Softly_-_Broken_Man,nvidia/canary-1b-v2,broken,58,72.95,74.95,substitution,0.2578004915006111,0.445960444462416,1.1333535977717593,2073.3374991934656,0.4271656113946549
Speak_Softly_-_Broken_Man,nvidia/canary-1b-v2,man,59,74.95,76.41,correct,0.059920248747536334,0.023973501409006535,4.087188585168996,3139.263749619493,0.680007064608252
Speak_Softly_-_Broken_Man,nvidia/canary-1b-v2,will,60,76.58,77.24,correct,0.16407519225424655,0.5089376758600415,0.3332431887237119,910.7192568406655,0.15210289765201823
Speak_Softly_-_Broken_Man,nvidia/canary-1b-v2,i,61,77.24,77.27,substitution,0.10449733287096023,0.5206030011177063,0.2005441665649414,1079.0217514207056,0.20287154614925385
Speak_Softly_-_Broken_Man,nvidia/canary-1b-v2,have,62,77.27,77.91,correct,0.029476698906417343,0.3722173169903133,0.10776098520643469,1639.4688611154484,0.40896033420079
Speak_Softly_-_Broken_Man,nvidia/canary-1b-v2,to,63,77.91,78.25,correct,0.016355642583221197,0.4037378158521008,0.06388095534733824,2065.9478587721565,0.5031303610350635
Speak_Softly_-_Broken_Man,nvidia/canary-1b-v2,be,64,78.25,80.28,correct,0.08295524522337482,0.37643440170299025,0.4069526484236121,1800.605048579329,0.42286101339060234
Speak_Softly_-_Broken_Man,nvidia/canary-1b-v2,always,65,80.47,80.9,correct,0.12072435401855632,0.5031360041429388,0.2821747484676381,1225.6773410314204,0.27086341761528177
Speak_Softly_-_Broken_Man,nvidia/canary-1b-v2,on,66,80.9,83.0,substitution,0.13348643811212646,0.5066941641436683,0.26146883057223425,1335.7117385038625,0.30059919118881223
Speak_Softly_-_Broken_Man,nvidia/canary-1b-v2,my,67,83.0,83.06,correct,0.14627770760229655,0.4629937325205122,0.31502892289842876,908.4516323974734,0.18472890768732345
Speak_Softly_-_Broken_Man,nvidia/canary-1b-v2,knees,68,83.09,84.34,correct,0.08832799516342305,0.40444104520397056,0.2653434022709175,1695.5387309572404,0.38438993615132794
Speak_Softly_-_Broken_Man,nvidia/canary-1b-v2,to,69,85.03,85.18,correct,0.07716187286902876,0.3055313599898535,0.9780210129478398,2051.511252016785,0.5073471367359161
Speak_Softly_-_Broken_Man,nvidia/canary-1b-v2,make,70,85.18,85.75,substitution,0.0844497482382482,0.4962638127467325,0.21386931163649406,1877.877731633214,0.4346134316536688
Speak_Softly_-_Broken_Man,nvidia/canary-1b-v2,you,71,85.75,86.08,correct,0.07270233695291811,0.5354713710645834,0.15257147658202383,2152.6214754344132,0.5097854013244311
Speak_Softly_-_Broken_Man,nvidia/canary-1b-v2,feel,72,86.08,86.51,correct,0.08151402530517984,0.3914674972283079,0.3862034724430835,2280.8034464125526,0.5572289120643696
Speak_Softly_-_Broken_Man,nvidia/canary-1b-v2,tall,73,86.51,88.08,correct,0.10077989231464425,0.3876608093792694,0.3040961483217908,1586.1846714289281,0.36952849993338954
Speak_Softly_-_Broken_Man,nvidia/canary-1b-v2,give,74,88.08,89.12,correct,0.0658816565826003,0.06734755759576469,1.661067842106734,1866.9528462412397,0.4238311708239572
Speak_Softly_-_Broken_Man,nvidia/canary-1b-v2,you,75,89.12,89.89,correct,0.0763648007828069,0.4778834897351552,0.1612760554774698,1716.5394440555656,0.3850627651056611
Speak_Softly_-_Broken_Man,nvidia/canary-1b-v2,room,76,89.89,90.61,correct,0.08181318086691391,0.5093707423179578,0.16283850486461932,1840.5184382919788,0.4267527245176144
Speak_Softly_-_Broken_Man,nvidia/canary-1b-v2,to,77,90.61,91.19,correct,0.06949175266368736,0.3265220391293687,0.4183713493327941,1978.172637888822,0.5016489711499983
Speak_Softly_-_Broken_Man,nvidia/canary-1b-v2,breathe,78,91.19,93.34,correct,0.10810423805277584,0.3328066657204584,1.1575628702258651,1441.9655623432739,0.34260568345263925
Speak_Softly_-_Broken_Man,nvidia/canary-1b-v2,will,79,93.81,94.29,substitution,0.09976156199207672,0.45355236091507745,0.5484397934319881,1517.3158373271885,0.27854491870563763
Speak_Softly_-_Broken_Man,nvidia/canary-1b-v2,i,80,94.29,94.54,correct,0.1088079395038741,0.5919077609266553,0.18374499465738023,1769.8308125015078,0.3025425188243389
Speak_Softly_-_Broken_Man,nvidia/canary-1b-v2,never,81,94.54,97.26,correct,0.06652208246431503,0.47887190382710026,0.1511200287945799,2224.232153539682,0.526301632632095
Speak_Softly_-_Broken_Man,nvidia/canary-1b-v2,have,82,97.26,97.35,correct,0.06322255283594132,0.4744409531354904,0.1447907067835331,2810.57245614857,0.6034501612186431
Speak_Softly_-_Broken_Man,nvidia/canary-1b-v2,just,83,97.35,97.48,correct,0.08763771851857503,0.16061126192410788,0.575092563033104,4378.803500313135,0.634097941716512
Speak_Softly_-_Broken_Man,nvidia/canary-1b-v2,a,84,97.48,97.58,substitution,0.0853439128647248,0.40739522005120915,0.22065142480035624,2181.954107675746,0.5086089968681335
Speak_Softly_-_Broken_Man,nvidia/canary-1b-v2,sip,85,97.58,98.01,correct,0.055970283145917225,0.3080082359783193,0.264120082430383,3743.0378052270066,0.6691798859454215
Speak_Softly_-_Broken_Man,nvidia/canary-1b-v2,of,86,98.01,98.07,correct,0.02615701566849436,0.1377958208322525,0.29564237168857027,2827.8539650754383,0.5653105165277209
Speak_Softly_-_Broken_Man,nvidia/canary-1b-v2,your,87,98.07,98.16,correct,0.018926030532880264,0.05555710569024086,0.34159850532358343,3114.9687728375097,0.6399597525596619
Speak_Softly_-_Broken_Man,nvidia/canary-1b-v2,love,88,98.19,99.08,correct,0.04303398645909814,0.29698574168529984,0.43162422569002956,2666.8140073709797,0.59213253762573
Speak_Softly_-_Broken_Man,nvidia/canary-1b-v2,in,89,99.08,102.82,correct,0.0805536576313898,0.2561660520680016,3.6705803696252404,1572.0660082190277,0.35238327404484154
Speak_Softly_-_Broken_Man,nvidia/canary-1b-v2,case,90,102.85,103.7,correct,0.14111408089166103,0.338343837743868,0.5989560941639154,1797.4543521134399,0.41969956587190216
Speak_Softly_-_Broken_Man,nvidia/canary-1b-v2,i,91,103.7,103.84,correct,0.13681419705972075,0.45590267330408096,0.2969096451997757,1553.700268959976,0.37927613593637943
Speak_Softly_-_Broken_Man,nvidia/canary-1b-v2,waste,92,103.84,104.58,correct,0.1597604117821902,0.3320403113029897,0.8428207701072097,1812.6778937382346,0.3856569679453969
Speak_Softly_-_Broken_Man,nvidia/canary-1b-v2,it,93,104.58,104.62,correct,0.18253045678138732,0.5514856398105621,0.3321268081665039,1883.9946311444473,0.39038987159729005
Speak_Softly_-_Broken_Man,nvidia/canary-1b-v2,in,94,104.62,105.77,correct,0.11225422299016387,0.2648631281129295,0.8088479325655968,1605.589124174088,0.3775799258822395
Speak_Softly_-_Broken_Man,nvidia/canary-1b-v2,case,95,105.77,106.24,correct,0.1285255544033705,0.38644474554879993,0.4282811193489561,2263.3036301792977,0.46343618631362915
Speak_Softly_-_Broken_Man,nvidia/canary-1b-v2,i,96,106.24,106.53,correct,0.12083892617374659,0.48444445338100195,0.24664094438776374,1655.0009939336414,0.41131467977538705
Speak_Softly_-_Broken_Man,nvidia/canary-1b-v2,spill,97,106.53,107.27,substitution,0.07021190607920288,0.35997471753507854,0.29242182271555067,2155.9707798014365,0.5166785202920436
Speak_Softly_-_Broken_Man,nvidia/canary-1b-v2,it,98,107.27,107.3,correct,0.069268349558115,0.5363082885742188,0.1291284877806902,2237.9573351725357,0.5483083352446556
Speak_Softly_-_Broken_Man,nvidia/canary-1b-v2,on,99,107.3,110.21,correct,0.0939082986947712,0.4165779863906443,0.2616615775745015,1622.2018782287478,0.3898256345385524
Speak_Softly_-_Broken_Man,nvidia/canary-1b-v2,the,100,110.21,110.27,correct,0.08853431977331638,0.09170175064355135,1.600302617996931,1447.163159806248,0.32655278593301773
Speak_Softly_-_Broken_Man,nvidia/canary-1b-v2,floor,101,110.27,110.39,substitution,0.11222651314276916,0.025904587398354825,4.493019030644343,1412.339931271267,0.3011312037706375
Speak_Softly_-_Broken_Man,nvidia/canary-1b-v2,and,102,111.46,111.72,correct,0.15433242956974677,0.28537117689847946,0.577321889677218,1416.3679327929265,0.28387624078563284
Speak_Softly_-_Broken_Man,nvidia/canary-1b-v2,your,103,111.72,112.19,correct,0.2105704262560489,0.6643582573708366,0.31577708177706776,1990.6712508252706,0.2801487098137538
Speak_Softly_-_Broken_Man,nvidia/canary-1b-v2,fears,104,112.19,115.76,correct,0.34519671152360465,0.6477165818604499,0.534223027059233,1689.6816167413228,0.34838258514073506
Speak_Softly_-_Broken_Man,nvidia/canary-1b-v2,may,105,115.76,116.02,substitution,0.3507229742305032,0.6983770954197851,0.5001899322559094,1666.951744956062,0.35978206889382724
Speak_Softly_-_Broken_Man,nvidia/canary-1b-v2,never,106,116.02,116.5,correct,0.4461004350047845,0.601990511497626,0.9463435342678657,1728.1095406007576,0.3502290160037004
Speak_Softly_-_Broken_Man,nvidia/canary-1b-v2,come,107,116.5,119.0,correct,0.22765159467930224,0.23263780657139455,4.563116147335785,1923.1285767596298,0.3883104552306346
Speak_Softly_-_Broken_Man,nvidia/canary-1b-v2,these,108,120.23,121.0,correct,0.44430920373962585,0.6159095843154264,0.7500975002725441,1732.7864285833389,0.3447623116424285
Speak_Softly_-_Broken_Man,nvidia/canary-1b-v2,years,109,121.0,124.5,correct,0.4924265432755152,0.7048392968177796,0.6965916726589203,1790.8129406892024,0.26822749427954357
Speak_Softly_-_Broken_Man,nvidia/canary-1b-v2,have,110,124.5,124.77,substitution,0.3093668579541404,0.5078823314658527,0.6783043567476601,1703.1885664626122,0.38489683486264326
Speak_Softly_-_Broken_Man,nvidia/canary-1b-v2,come,111,124.77,125.08,deletion,0.4200074536835446,0.6706093900343951,0.6433073317303377,1958.7083379110675,0.40496283769607544
Speak_Softly_-_Broken_Man,nvidia/canary-1b-v2,undone,112,125.08,127.65,deletion,0.2694620015774516,0.29969932081049605,6.178138840889585,1876.5108834900298,0.37925244975781097
Speak_Softly_-_Broken_Man,nvidia/canary-1b-v2,your,113,128.8,129.47,correct,0.3801710822759834,0.5863563738099925,0.7318275109545825,1930.3850341008097,0.3401332846651339
Speak_Softly_-_Broken_Man,nvidia/canary-1b-v2,fears,114,129.47,132.84,correct,0.3813542113535934,0.6768515345950922,0.5852102942764759,1760.1117416067407,0.34889363311231136
Speak_Softly_-_Broken_Man,nvidia/canary-1b-v2,may,115,132.84,133.32,correct,0.289232382694116,0.7215142502234533,0.40284503194002,1925.1559938663017,0.39144297717855525
Speak_Softly_-_Broken_Man,nvidia/canary-1b-v2,never,116,133.32,133.89,correct,0.4112658962126701,0.5944364234324424,0.8823730133233532,1806.933211236476,0.34673559473406884
Speak_Softly_-_Broken_Man,nvidia/canary-1b-v2,come,117,133.89,136.95,correct,0.20922783431269526,0.20489045158057084,7.098379530126531,1962.5229835523085,0.38866771866969013
Speak_Softly_-_Broken_Man,nvidia/canary-1b-v2,and,118,137.5,137.77,substitution,0.29472247896095116,0.40513043428460754,0.7417384167512258,1497.1996052243055,0.3291582519809405
Speak_Softly_-_Broken_Man,nvidia/canary-1b-v2,these,119,137.77,138.27,correct,0.43266966387077616,0.7484598297763754,0.5917840724190077,2210.4830884440216,0.4501604355043835
Speak_Softly_-_Broken_Man,nvidia/canary-1b-v2,years,120,138.27,141.53,correct,0.5019338423850543,0.7350892593662514,0.6788397216182042,1808.5251080033745,0.29004056760267405
Speak_Softly_-_Broken_Man,nvidia/canary-1b-v2,have,121,141.53,142.05,correct,0.33551675028968275,0.6095686109181035,0.6228002686249582,1770.2281773390168,0.3759263649321439
Speak_Softly_-_Broken_Man,nvidia/canary-1b-v2,come,122,142.05,142.36,correct,0.3934321898747893,0.6649322974331239,0.6029940720866708,1997.3838862839116,0.405334253959796
Speak_Softly_-_Broken_Man,nvidia/canary-1b-v2,undone,123,142.36,145.08,correct,0.24638155801701792,0.284364085708492,6.832589095503194,1917.9070433462064,0.3959103729511864
Speak_Softly_-_Broken_Man,nvidia/canary-1b-v2,broken,124,146.47,148.47,substitution,0.17740405285861519,0.4461756692318002,0.8023833680689056,1718.5254750191662,0.3762880939746571
Speak_Softly_-_Broken_Man,nvidia/canary-1b-v2,man,125,148.47,149.68,substitution,0.03608122205433364,0.2759766844387811,0.25308822602606734,1532.0528713320616,0.364192185149743
Speak_Softly_-_Broken_Man,nvidia/canary-1b-v2,i,126,149.71,149.74,substitution,0.21703115850687027,0.5439429581165314,0.4064990431070328,1563.9666175990346,0.37588806077837944
Speak_Softly_-_Broken_Man,nvidia/canary-1b-v2,won't,127,149.74,150.46,correct,0.0946903191984464,0.4380851892324594,0.22486635507681432,1166.8316722715583,0.2574517435561388
Speak_Softly_-_Broken_Man,nvidia/canary-1b-v2,ask,128,150.46,150.73,correct,0.056920037058920694,0.15323532912237892,0.548478144510039,2164.098826952566,0.46972064468367347
Speak_Softly_-_Broken_Man,nvidia/canary-1b-v2,you,129,150.73,151.26,correct,0.21700396183235893,0.48377046785477934,0.46461096714282857,1281.7182052015555,0.28210206895039
Speak_Softly_-_Broken_Man,nvidia/canary-1b-v2,to,130,151.26,154.09,substitution,0.09690065722506826,0.3538605243016784,0.40119852200642275,1541.3879326459312,0.32569744145319407
Speak_Softly_-_Broken_Man,nvidia/canary-1b-v2,give,131,154.09,155.34,correct,0.041871014659279095,0.0223984310104609,2.6335331286067394,1874.353523346302,0.407725392771301
Speak_Softly_-_Broken_Man,nvidia/canary-1b-v2,it's,132,157.57,157.71,substitution,0.06999550107866526,0.11777136052842252,1.403206504881382,4022.6085057823766,0.5642184522002935
Speak_Softly_-_Broken_Man,nvidia/canary-1b-v2,too,133,157.71,157.92,substitution,0.29552824025892693,0.3887395810578828,0.8709748361421668,1782.1375750533343,0.3328321440064389
Speak_Softly_-_Broken_Man,nvidia/canary-1b-v2,much,134,157.92,158.46,deletion,0.24224564196320914,0.36221782645305334,0.7446974717964561,1578.1059189805726,0.285664061368522
Speak_Softly_-_Broken_Man,nvidia/canary-1b-v2,for,135,158.46,158.52,deletion,0.06746472897274154,0.21504575226988112,0.3153761156967708,3301.3134341761347,0.6230343239648002
Speak_Softly_-_Broken_Man,nvidia/canary-1b-v2,you,136,158.52,159.61,deletion,0.11878179802985514,0.362422122604261,0.42998337695154093,1741.1722358194536,0.3750552569152945
Speak_Softly_-_Broken_Man,nvidia/canary-1b-v2,to,137,159.61,159.73,correct,0.1915826490865304,0.2561953251178448,0.8108611634144416,1427.9448838025446,0.2982719964705981
Speak_Softly_-_Broken_Man,nvidia/canary-1b-v2,pay,138,159.73,159.82,correct,0.04080569320781664,0.03708104501393708,1.2077528617598794,1546.650793575536,0.37925028800964355
Speak_Softly_-_Broken_Man,nvidia/canary-1b-v2,from,139,159.82,159.95,correct,0.1059770081192255,0.3140741766740878,0.6340203563372294,1120.2571358316166,0.2648950715859731
Speak_Softly_-_Broken_Man,nvidia/canary-1b-v2,empty,140,159.95,160.14,substitution,0.06362346976640679,0.487361117487862,0.1298878359652701,1869.3237396816078,0.44137833302929286
Speak_Softly_-_Broken_Man,nvidia/canary-1b-v2,hands,141,160.14,160.32,correct,0.07488398514688015,0.44051955491304395,0.1703460555523634,1243.6675162105382,0.3005508482456207
Speak_Softly_-_Broken_Man,nvidia/canary-1b-v2,and,142,160.32,163.07,substitution,0.0745516816248833,0.16058329230340165,1.6555500815985567,1604.1632423385008,0.3648015163965144
Speak_Softly_-_Broken_Man,nvidia/canary-1b-v2,your,143,163.36,163.45,correct,0.03096988582983613,0.03203485561534762,1.0219660222530365,2134.84362869137,0.5538427561521531
Speak_Softly_-_Broken_Man,nvidia/canary-1b-v2,fears,144,163.45,164.31,correct,0.3419606117832084,0.42635094598736817,0.8017822446361664,1320.7203817985296,0.20647531283158127
Speak_Softly_-_Broken_Man,nvidia/canary-1b-v2,may,145,164.31,164.38,substitution,0.2450354564934969,0.4663333185017109,0.5388742201030254,1629.419515408014,0.3401355091482401
Speak_Softly_-_Broken_Man,nvidia/canary-1b-v2,never,146,164.38,171.99,substitution,0.23165396562013385,0.5162110985205183,0.45133496735698625,1567.4678676374158,0.27478110631710195
Speak_Softly_-_Broken_Man,nvidia/canary-1b-v2,come,147,171.99,172.1,deletion,0.019393679614250477,0.5941950908074012,0.033183505185521565,2172.576864792818,0.564383511359875
Speak_Softly_-_Broken_Man,nvidia/canary-1b-v2,these,148,172.1,172.3,correct,0.01855757756328041,0.5952687534418973,0.03165096180005507,2151.784775873847,0.5252328501506285
Speak_Softly_-_Broken_Man,nvidia/canary-1b-v2,years,149,172.3,172.54,correct,0.03188007894075579,0.7179210693747909,0.0453649637185865,2066.310904689096,0.4632491579762212
Speak_Softly_-_Broken_Man,nvidia/canary-1b-v2,have,150,172.54,172.71,correct,0.02499653153905743,0.8007842145468059,0.03129352756628865,2199.1931786597165,0.4635431060665532
Speak_Softly_-_Broken_Man,nvidia/canary-1b-v2,come,151,172.71,172.8,deletion,0.04156991941007701,0.5069278614087538,0.1126613359559666,2251.9750287820057,0.5543342395262285
Speak_Softly_-_Broken_Man,nvidia/canary-1b-v2,undone,152,172.8,172.95,deletion,0.05459115211851895,0.20118144899606705,0.2926040906459093,2712.8570578311446,0.634650070220232
Speak_Softly_-_Broken_Man,nvidia/canary-1b-v2,your,153,172.95,173.04,deletion,0.17426104098558426,0.7126568989320234,0.24229947274381464,1334.6017594755047,0.2976110198281028
Speak_Softly_-_Broken_Man,nvidia/canary-1b-v2,fears,154,173.04,176.38,correct,0.3747934278319864,0.6228487388092596,0.6160225460425812,1763.8924922612541,0.341925660518705
Speak_Softly_-_Broken_Man,nvidia/canary-1b-v2,may,155,176.38,176.62,substitution,0.41487014955944485,0.6971761694660893,0.6056120704721522,1539.8189251652632,0.2702334964716876
Speak_Softly_-_Broken_Man,nvidia/canary-1b-v2,never,156,176.62,177.22,correct,0.4319371585662548,0.5838406771421433,0.892094192138085,1768.3153837154034,0.31654299589303825
Speak_Softly_-_Broken_Man,nvidia/canary-1b-v2,come,157,177.22,179.7,deletion,0.22458188720750358,0.24684039605957156,6.380177274515044,1891.1811050270542,0.3710826076988904
Speak_Softly_-_Broken_Man,nvidia/canary-1b-v2,and,158,180.75,180.99,deletion,0.3408155217766762,0.37979239243297624,0.965714142872737,1150.0760807461822,0.2726243854715274
Speak_Softly_-_Broken_Man,nvidia/canary-1b-v2,these,159,180.99,181.54,deletion,0.5597983029981454,0.6979862382014592,0.8016491383314133,2068.863423340908,0.33161963721116383
Speak_Softly_-_Broken_Man,nvidia/canary-1b-v2,years,160,181.54,185.04,deletion,0.4742419383423851,0.7036596542214327,0.6728670569983396,1675.031622969046,0.2886714478307229
Speak_Softly_-_Broken_Man,nvidia/canary-1b-v2,have,161,185.04,185.31,deletion,0.3434783935546875,0.5029294312000274,0.8427139083544414,1582.1709610755618,0.3608323633670807
Speak_Softly_-_Broken_Man,nvidia/canary-1b-v2,come,162,185.31,185.62,correct,0.38712557449060325,0.6758221659590217,0.6014765501022339,1957.537719235869,0.4083610299755545
Speak_Softly_-_Broken_Man,nvidia/canary-1b-v2,undone,163,185.62,186.48,correct,0.37840326819368586,0.6839394755260919,0.5638584225408493,1717.813527708345,0.3458038087814085
Speak_Softly_-_Broken_Man,nvidia/canary-1b-v2,and,164,186.48,188.0,substitution,0.15428763590295988,0.11833378411486653,2.6650789972463267,2027.0813798894492,0.4241266839343346
Speak_Softly_-_Broken_Man,nvidia/canary-1b-v2,your,165,189.34,190.01,correct,0.3004691582173109,0.5927509751895236,0.7108967184192605,1917.3846002464165,0.4000680734299951
Speak_Softly_-_Broken_Man,nvidia/canary-1b-v2,fears,166,190.01,193.38,unknown,0.4149928811184257,0.6765745006026984,0.6794556393352572,1800.3219177440044,0.32373788222216504
Speak_Softly_-_Broken_Man,nvidia/canary-1b-v2,may,167,193.38,193.86,unknown,0.3893312244461133,0.7214916543318675,0.5394211222346013,1984.9311335242069,0.3126172245695041
Speak_Softly_-_Broken_Man,nvidia/canary-1b-v2,never,168,193.86,194.37,unknown,0.4273385687307878,0.6484059824184938,0.6823148288510062,1762.6484901052822,0.3102947782386433
Speak_Softly_-_Broken_Man,nvidia/canary-1b-v2,come,169,194.37,197.47,unknown,0.20501651789948164,0.20462257893060345,6.998751005135387,1979.3058473453068,0.4096628240792148
Speak_Softly_-_Broken_Man,nvidia/canary-1b-v2,these,170,198.04,198.81,unknown,0.4932711984378746,0.6318356581032276,0.7835534893604647,2011.0554249069464,0.3431515627237688
Speak_Softly_-_Broken_Man,nvidia/canary-1b-v2,years,171,198.81,202.07,unknown,0.47159033411724177,0.7346969136706738,0.6383206913498548,1793.8343184317348,0.29605949591087405
Speak_Softly_-_Broken_Man,nvidia/canary-1b-v2,have,172,202.07,202.59,unknown,0.28402179745691164,0.6145807776067939,0.515046051038163,1845.727377637321,0.40506337343582083
Speak_Softly_-_Broken_Man,nvidia/canary-1b-v2,come,173,202.59,202.9,unknown,0.36863840656245456,0.6541386831770925,0.5729521065950394,2021.041413165529,0.41992969986270456
Speak_Softly_-_Broken_Man,nvidia/canary-1b-v2,undone,174,202.9,205.62,unknown,0.194184885728349,0.2860304875622577,2.2452837883709225,2084.3083141963575,0.4250300228083666
Speak_Softly_-_Broken_Man,nvidia/canary-1b-v2,your,175,206.47,207.34,unknown,0.2596692989798302,0.4525818435792276,1.2204979723121256,1977.1108174711374,0.40338191136400753
Speak_Softly_-_Broken_Man,nvidia/canary-1b-v2,fears,176,207.34,210.9,unknown,0.43757094352653153,0.6474431076136075,0.7202867555775141,1689.328869581326,0.31355419868701384
Speak_Softly_-_Broken_Man,nvidia/canary-1b-v2,may,177,210.9,211.16,unknown,0.461738646030426,0.6945414872005068,0.6630429954364382,1754.0003596024947,0.29730204724032305
Speak_Softly_-_Broken_Man,nvidia/canary-1b-v2,never,178,211.16,211.64,unknown,0.4358751687865991,0.5983722742933494,0.8037638148436179,1750.8756170912686,0.297095352353958
Speak_Softly_-_Broken_Man,nvidia/canary-1b-v2,come,179,211.64,214.13,unknown,0.2020036880526873,0.2331856192675618,4.815230855781041,2019.0411747891997,0.4288321587253599
Speak_Softly_-_Broken_Man,nvidia/canary-1b-v2,and,180,215.35,215.59,unknown,0.33285674259618475,0.3748981673270464,0.9755957281147992,1115.0087031487744,0.2737025706856339
Speak_Softly_-_Broken_Man,nvidia/canary-1b-v2,these,181,215.59,216.13,unknown,0.45839902964131585,0.7018501003240717,0.6649761590464361,2105.1767435803495,0.41070353856374475
Speak_Softly_-_Broken_Man,nvidia/canary-1b-v2,years,182,216.13,219.63,unknown,0.4833939164479574,0.7041875293254852,0.68155810546875,1755.6885540795406,0.27429516434669493
Speak_Softly_-_Broken_Man,nvidia/canary-1b-v2,have,183,219.63,219.9,unknown,0.3071497241998541,0.5135200450132633,0.650734341350095,1793.1898139654731,0.4080856319131522
Speak_Softly_-_Broken_Man,nvidia/canary-1b-v2,come,184,219.9,222.79,unknown,0.27039280168471796,0.33841076738711806,3.077280869695448,1924.2932808816568,0.3810458725498569
Speak_Softly_-_Broken_Man,nvidia/canary-1b-v2,undone,185,223.95,224.58,unknown,0.30964062325116515,0.6102770092100769,0.6032651237387588,1931.7865248710045,0.3955468749222548
Speak_Softly_-_Broken_Man,nvidia/canary-1b-v2,broken,186,224.58,224.76,unknown,0.3982424885034561,0.1813833825290203,2.3188359320163725,2234.1975053500455,0.4717432871460915
Speak_Softly_-_Broken_Man,nvidia/canary-1b-v2,man,187,224.76,240.03,unknown,0.3480309531481171,0.5085151695497792,2.7467050954699515,1879.5826966834722,0.3579599809975712
The_Long_Wait_-_Dark_Horses,nvidia/canary-1b-v2,pleased,0,37.62,38.07,substitution,0.16281402080642934,0.40995426105373367,1.8389088310757462,2804.766941229949,0.5760302142221101
The_Long_Wait_-_Dark_Horses,nvidia/canary-1b-v2,to,1,38.07,38.23,correct,0.09437294200890595,0.35797284295161563,0.2767142222987281,2745.388785307843,0.5688998119698631
The_Long_Wait_-_Dark_Horses,nvidia/canary-1b-v2,meet,2,38.23,38.61,correct,0.1507435336354233,0.4384603528749375,0.44205323571250554,2292.9674100673924,0.536456340835208
The_Long_Wait_-_Dark_Horses,nvidia/canary-1b-v2,dan,3,38.61,39.03,substitution,0.10834532951855141,0.5091449598903242,0.258780583496327,2075.7856892727373,0.49890505554883374
The_Long_Wait_-_Dark_Horses,nvidia/canary-1b-v2,collins,4,39.03,39.99,substitution,0.15992121973518028,0.4353857422337949,0.47660952372458376,2058.257419403032,0.42806789467056977
The_Long_Wait_-_Dark_Horses,nvidia/canary-1b-v2,old,5,40.46,40.86,substitution,0.10563817603344267,0.43901215138083155,0.32352108135819435,1663.986266448274,0.3998666453090581
The_Long_Wait_-_Dark_Horses,nvidia/canary-1b-v2,blind,6,40.86,41.2,correct,0.22529683523886912,0.6013818830251694,0.4070231813836742,2212.067451081431,0.36645852955611974
The_Long_Wait_-_Dark_Horses,nvidia/canary-1b-v2,drunk,7,41.2,41.61,correct,0.21080423030588363,0.4974117853575283,0.4884173111783134,2338.0758652083323,0.4522672239277098
The_Long_Wait_-_Dark_Horses,nvidia/canary-1b-v2,and,8,41.61,41.76,substitution,0.14554074998287594,0.2753652115078533,0.5452140043763554,2337.4219821556253,0.5337857463780571
The_Long_Wait_-_Dark_Horses,nvidia/canary-1b-v2,falling,9,41.76,42.36,substitution,0.13245124083298904,0.5475991258254418,0.26240749932252444,1958.1312903313697,0.4298763563999763
The_Long_Wait_-_Dark_Horses,nvidia/canary-1b-v2,he's,10,42.36,42.63,substitution,0.13527825487156708,0.39641556739807127,0.3587992752591769,2283.1316347909733,0.4820236106713613
The_Long_Wait_-_Dark_Horses,nvidia/canary-1b-v2,falling,11,42.63,43.06,correct,0.12047780697491575,0.46177850520991265,0.4249802094666248,2084.592282335938,0.5135382819682994
The_Long_Wait_-_Dark_Horses,nvidia/canary-1b-v2,in,12,43.06,43.17,correct,0.04278261183450619,0.558628381540378,0.09150244574993849,1870.4297748630158,0.4728268583615621
The_Long_Wait_-_Dark_Horses,nvidia/canary-1b-v2,the,13,43.17,43.52,substitution,0.11665660123794507,0.3575803578282014,0.32076010814844036,1610.066783036101,0.3938127947159303
The_Long_Wait_-_Dark_Horses,nvidia/canary-1b-v2,street,14,43.52,45.24,substitution,0.06379156970196283,0.2063696232229552,0.7052655783076973,2177.318224736616,0.5261052908456844
The_Long_Wait_-_Dark_Horses,nvidia/canary-1b-v2,just,15,45.24,45.4,correct,0.05354194136129485,0.18820833559665415,0.3318656293882264,3072.6344047610337,0.664673336678081
The_Long_Wait_-_Dark_Horses,nvidia/canary-1b-v2,tryna'find,16,45.4,46.01,correct,0.17717778798418515,0.4620481382942561,0.3861468262744672,2190.1420554528036,0.5259598687742696
The_Long_Wait_-_Dark_Horses,nvidia/canary-1b-v2,his,17,46.01,46.15,substitution,0.08704335312359035,0.27965101040899754,0.3277189484797418,2414.4684465328755,0.5863108243793249
The_Long_Wait_-_Dark_Horses,nvidia/canary-1b-v2,feet,18,46.15,46.89,substitution,0.1297677954658866,0.4145761135034263,0.44416447416879234,1846.1153266161048,0.4302424654364586
The_Long_Wait_-_Dark_Horses,nvidia/canary-1b-v2,and,19,46.89,48.28,correct,0.03635879331612147,0.021609829290263706,2.583536316884444,2043.4060405427238,0.5081160952580855
The_Long_Wait_-_Dark_Horses,nvidia/canary-1b-v2,here,20,48.8,49.15,correct,0.24785530812254078,0.3726376587721078,0.850346576226385,1865.2087557641833,0.4152769540485583
The_Long_Wait_-_Dark_Horses,nvidia/canary-1b-v2,comes,21,49.15,49.53,substitution,0.13907654104488237,0.48163855856373194,0.3501523133544695,2255.8569649913456,0.5349788758016768
The_Long_Wait_-_Dark_Horses,nvidia/canary-1b-v2,wife,22,49.53,49.88,correct,0.1597406706331592,0.46983234780399424,0.4311715993834169,2212.5478323089133,0.510368918117724
The_Long_Wait_-_Dark_Horses,nvidia/canary-1b-v2,eudora,23,49.88,51.69,correct,0.14407071761172457,0.3396443629003677,0.8662938696053839,2033.1400166293306,0.4809749442891976
The_Long_Wait_-_Dark_Horses,nvidia/canary-1b-v2,she,24,51.69,51.95,correct,0.1366104233110773,0.3825508099177788,0.37830159710399036,3062.5893488307884,0.5945091309218571
The_Long_Wait_-_Dark_Horses,nvidia/canary-1b-v2,can't,25,51.95,52.3,substitution,0.12947907504674636,0.48381733168896873,0.3481719184078668,2276.987205986242,0.4734453904001336
The_Long_Wait_-_Dark_Horses,nvidia/canary-1b-v2,take,26,52.3,52.69,correct,0.1823374596099521,0.48986159698214643,0.6368204069345497,2209.790484589927,0.48153966561306355
The_Long_Wait_-_Dark_Horses,nvidia/canary-1b-v2,much,27,52.69,53.02,correct,0.18792114551696512,0.44138905550870633,0.45264342427253723,2540.9998945836123,0.49374419988857376
The_Long_Wait_-_Dark_Horses,nvidia/canary-1b-v2,more,28,53.02,53.37,correct,0.11963741991080735,0.568231448139015,0.2432427929812356,2143.2123534498623,0.45126081924689443
The_Long_Wait_-_Dark_Horses,nvidia/canary-1b-v2,but,29,53.37,53.52,correct,0.3144812150036587,0.39870281517505646,0.7610553730936611,1748.221123588506,0.38128352866453286
The_Long_Wait_-_Dark_Horses,nvidia/canary-1b-v2,she,30,53.52,53.67,correct,0.15239106074852102,0.36931101188940163,0.4013781530015609,3178.663291867586,0.6147268484620487
The_Long_Wait_-_Dark_Horses,nvidia/canary-1b-v2,still,31,53.67,53.84,substitution,0.15730415382667592,0.23872477012245277,0.6368864806074845,3336.1022774189405,0.5874916691529123
The_Long_Wait_-_Dark_Horses,nvidia/canary-1b-v2,follows,32,53.84,54.33,correct,0.17047800068502073,0.3946715455364298,0.5273993222249879,2481.5675070055204,0.5487530093502115
The_Long_Wait_-_Dark_Horses,nvidia/canary-1b-v2,him,33,54.33,54.66,correct,0.20088796897066963,0.5477457410759397,0.3571520774728722,1634.8610771592516,0.38783108608590233
The_Long_Wait_-_Dark_Horses,nvidia/canary-1b-v2,around,34,54.66,56.19,correct,0.12437910337864262,0.3190869427024864,1.082049320292909,1738.4241922713416,0.41074157233645275
The_Long_Wait_-_Dark_Horses,nvidia/canary-1b-v2,and,35,56.54,56.7,correct,0.30110226689200653,0.39147759846558694,0.9251748339125985,1088.4655293237975,0.22801475854296432
The_Long_Wait_-_Dark_Horses,nvidia/canary-1b-v2,helps,36,56.7,57.01,substitution,0.25823969525449414,0.48200786771143184,0.5271346919676837,2101.7428647935444,0.4974009258782162
The_Long_Wait_-_Dark_Horses,nvidia/canary-1b-v2,him,37,57.01,57.11,correct,0.16440304097804156,0.5812957991253246,0.31178698621012946,1557.2939137642497,0.3828430257060311
The_Long_Wait_-_Dark_Horses,nvidia/canary-1b-v2,to,38,57.11,57.67,substitution,0.230542962668372,0.5633730883481073,0.4713848787741583,1827.4657048609863,0.4208305194729664
The_Long_Wait_-_Dark_Horses,nvidia/canary-1b-v2,the,39,57.67,57.76,correct,0.22814035483381964,0.47221437232060864,0.5665922408754175,1327.250591100101,0.3088368692181327
The_Long_Wait_-_Dark_Horses,nvidia/canary-1b-v2,ground,40,57.76,59.45,correct,0.18986207549331596,0.3083129182756359,1.4512858756339353,1919.2951227981553,0.4419015149961519
The_Long_Wait_-_Dark_Horses,nvidia/canary-1b-v2,two,41,59.67,60.3,correct,0.2330932459410499,0.47667541097411337,1.059062126585666,2241.817333060114,0.49656052010900836
The_Long_Wait_-_Dark_Horses,nvidia/canary-1b-v2,opposites,42,60.3,61.33,substitution,0.20002067814002167,0.6128077453321165,0.38785608878006805,2272.7308100648706,0.5204496751497457
The_Long_Wait_-_Dark_Horses,nvidia/canary-1b-v2,together,43,61.33,61.97,substitution,0.2454418414405414,0.7548859634569713,0.333507727086544,2095.550031983624,0.49155765048095157
The_Long_Wait_-_Dark_Horses,nvidia/canary-1b-v2,and,44,61.97,62.29,deletion,0.3239617875644139,0.7913222636495317,0.41892402597836087,1646.0793497938737,0.3591209479740688
The_Long_Wait_-_Dark_Horses,nvidia/canary-1b-v2,they're,45,62.29,62.37,deletion,0.2669826116826799,0.6943055225743188,0.4220663143528832,1342.2293111982924,0.31247518791092765
The_Long_Wait_-_Dark_Horses,nvidia/canary-1b-v2,both,46,62.37,62.8,deletion,0.3206945559445848,0.6261455581543294,0.5669721529838887,1740.2841277339433,0.43349577137764467
The_Long_Wait_-_Dark_Horses,nvidia/canary-1b-v2,alone,47,62.8,65.07,deletion,0.18938076068405751,0.4511742729831625,0.9544249220517437,1684.7436189468995,0.41389507876992715
The_Long_Wait_-_Dark_Horses,nvidia/canary-1b-v2,nothing,48,65.82,66.44,correct,0.22196755858499612,0.502211294984862,0.5688754002104944,1771.1009571556485,0.43687745461713023
The_Long_Wait_-_Dark_Horses,nvidia/canary-1b-v2,gives,49,66.44,66.81,correct,0.24708540265153095,0.6755527937557639,0.48516409480717126,2293.8895071082475,0.5222942836400939
The_Long_Wait_-_Dark_Horses,nvidia/canary-1b-v2,true,50,66.81,67.15,correct,0.19458916219505104,0.9556787851694468,0.22214204838147034,2311.413547773153,0.5263918670448097
The_Long_Wait_-_Dark_Horses,nvidia/canary-1b-v2,love,51,67.15,67.73,correct,0.18085933441207522,0.9172712689827359,0.2188818949082541,2238.1689232183294,0.5214226770968664
The_Long_Wait_-_Dark_Horses,nvidia/canary-1b-v2,a,52,67.73,67.83,substitution,0.1491822780420383,0.30875980481505394,0.4898333599170049,2297.802710258842,0.5705059667428335
The_Long_Wait_-_Dark_Horses,nvidia/canary-1b-v2,test,53,67.83,68.25,correct,0.22809099195444066,0.6165778050604074,0.5044011548161507,2365.704021834135,0.5567609641862952
The_Long_Wait_-_Dark_Horses,nvidia/canary-1b-v2,like,54,68.25,68.52,correct,0.26519896758013756,0.6912192671463407,0.4359402584618536,1904.7136126207592,0.4613160141583147
The_Long_Wait_-_Dark_Horses,nvidia/canary-1b-v2,losing,55,68.52,71.02,correct,0.28097592737636906,0.6473600446705275,0.5361434530411193,1891.0399907480291,0.4361325300006724
The_Long_Wait_-_Dark_Horses,nvidia/canary-1b-v2,all,56,71.02,71.08,correct,0.10242183400051934,0.11057562700339726,0.9293200629098075,3466.717280592208,0.7470537594386509
The_Long_Wait_-_Dark_Horses,nvidia/canary-1b-v2,you,57,71.08,71.14,correct,0.07375374808907509,0.08662873925641179,0.8597602844238281,3092.130789330489,0.7079892158508301
The_Long_Wait_-_Dark_Horses,nvidia/canary-1b-v2,own,58,71.14,71.21,correct,0.03854808514006436,0.037101311376318336,1.0453776121139526,2153.344452324559,0.5576095655560493
The_Long_Wait_-_Dark_Horses,nvidia/canary-1b-v2,come,59,71.21,71.52,substitution,0.26019615789546685,0.6136310877388015,0.4962390827782014,1883.2837546304554,0.44246935932075276
The_Long_Wait_-_Dark_Horses,nvidia/canary-1b-v2,tears,60,71.52,72.02,deletion,0.25011696734211664,0.758459644425999,0.37472235804254356,2493.4809517037365,0.5416230315511877
The_Long_Wait_-_Dark_Horses,nvidia/canary-1b-v2,of,61,72.02,72.16,correct,0.26373310945928097,0.6909956131130457,0.4176155533641577,1907.0539294284956,0.4506007879972458
The_Long_Wait_-_Dark_Horses,nvidia/canary-1b-v2,loneliness,62,72.16,73.29,correct,0.25535204994284416,0.7542009751412494,0.38217150235225344,2144.010935419265,0.4915744876566012
The_Long_Wait_-_Dark_Horses,nvidia/canary-1b-v2,and,63,73.29,73.42,correct,0.3195498486359914,0.6687775711218517,0.5189620018005371,1934.5668550375208,0.4706641217072805
The_Long_Wait_-_Dark_Horses,nvidia/canary-1b-v2,here,64,73.42,73.7,correct,0.16335993524520628,0.6829775908300953,0.2710805266134201,2173.48279944383,0.5315627763348241
The_Long_Wait_-_Dark_Horses,nvidia/canary-1b-v2,come,65,73.7,74.12,substitution,0.43246695099641447,0.7579171519888483,0.5782056625770486,1761.8060899965453,0.4252975962084273
The_Long_Wait_-_Dark_Horses,nvidia/canary-1b-v2,the,66,74.12,74.29,correct,0.3988433009699771,0.670988700891796,0.5962891688472346,1298.4265531117458,0.3080331032213412
The_Long_Wait_-_Dark_Horses,nvidia/canary-1b-v2,rain,67,74.29,76.11,correct,0.18792487766880256,0.29349208210523314,2.117237488199503,2032.3391288687033,0.4614264213886016
The_Long_Wait_-_Dark_Horses,nvidia/canary-1b-v2,you,68,79.05,79.25,correct,0.21287512576038187,0.3476271072233265,1.3573488024148075,1866.4386287265006,0.42415377362207934
The_Long_Wait_-_Dark_Horses,nvidia/canary-1b-v2,can,69,79.25,79.44,correct,0.3308169309582029,0.4812244929018475,0.8276461419605073,1851.6031745561643,0.4369696605773199
The_Long_Wait_-_Dark_Horses,nvidia/canary-1b-v2,hear,70,79.44,79.68,substitution,0.3272742767024923,0.5324343459473716,0.7919782157297488,1934.9836381315783,0.46072381514090077
The_Long_Wait_-_Dark_Horses,nvidia/canary-1b-v2,him,71,79.68,79.9,substitution,0.13175186033671102,0.5237926573803028,0.2767082542801897,2420.0915652532763,0.5546452241639296
The_Long_Wait_-_Dark_Horses,nvidia/canary-1b-v2,saying,72,79.9,81.19,substitution,0.179121272303432,0.37088999551513213,0.8324500075775942,2062.373054729952,0.4689796355774077
The_Long_Wait_-_Dark_Horses,nvidia/canary-1b-v2,woman,73,81.49,81.89,substitution,0.1726971333629863,0.5454354594613231,0.36991483319637386,1720.6732177581055,0.36886633932590485
The_Long_Wait_-_Dark_Horses,nvidia/canary-1b-v2,you,74,81.89,82.06,correct,0.22010044679045676,0.5390937812626362,0.46606849879026413,2370.522672405281,0.36358628422021866
The_Long_Wait_-_Dark_Horses,nvidia/canary-1b-v2,can,75,82.06,82.26,correct,0.16376480494033208,0.34749915450811386,0.5746865699237044,2150.4908093254458,0.4612640155987306
The_Long_Wait_-_Dark_Horses,nvidia/canary-1b-v2,put,76,82.26,82.49,correct,0.25982716888189317,0.4638577398657799,0.6778622138500213,1900.5272048022184,0.4361331284046173
The_Long_Wait_-_Dark_Horses,nvidia/canary-1b-v2,that,77,82.49,82.69,substitution,0.11101788347182066,0.6294774678738221,0.2611962126001068,2477.764233828371,0.5374343745086504
The_Long_Wait_-_Dark_Horses,nvidia/canary-1b-v2,righteous,78,82.69,83.5,deletion,0.1638009197924329,0.5160737107026165,0.3474435931307146,2636.7743680002163,0.4967649835964729
The_Long_Wait_-_Dark_Horses,nvidia/canary-1b-v2,mess,79,83.5,83.92,correct,0.15305705635767916,0.4458180986668753,0.38610012618743855,2274.00528819022,0.5269758999347687
The_Long_Wait_-_Dark_Horses,nvidia/canary-1b-v2,on,80,83.92,84.22,substitution,0.13672435373970956,0.5647763510545095,0.2503676847978072,1752.5174104846808,0.4089834310791709
The_Long_Wait_-_Dark_Horses,nvidia/canary-1b-v2,hold,81,84.22,85.49,substitution,0.153030352160225,0.3524333564153708,1.5456819972023368,1565.563460139207,0.3704530014930403
The_Long_Wait_-_Dark_Horses,nvidia/canary-1b-v2,cause,82,86.02,86.2,correct,0.11458502635359764,0.24054003763012588,0.6352685272693634,1965.663468015057,0.4702666014432907
The_Long_Wait_-_Dark_Horses,nvidia/canary-1b-v2,i,83,86.2,86.33,correct,0.1460927039384842,0.5454865435759226,0.3130700260400772,1983.5212246495453,0.49741920630137126
The_Long_Wait_-_Dark_Horses,nvidia/canary-1b-v2,can,84,86.33,86.46,correct,0.1695112114151319,0.3061251074075699,0.6201935946941376,1910.7784732822945,0.46531659563382466
The_Long_Wait_-_Dark_Horses,nvidia/canary-1b-v2,stand,85,86.46,86.76,substitution,0.25545117767019704,0.47201233582966257,0.5298302471637726,2296.3152585019343,0.5127600404349241
The_Long_Wait_-_Dark_Horses,nvidia/canary-1b-v2,up,86,86.76,86.89,deletion,0.13788754145304363,0.34926050206025444,0.5791748911142349,1633.5943842140264,0.39698159098625185
The_Long_Wait_-_Dark_Horses,nvidia/canary-1b-v2,on,87,86.89,87.07,deletion,0.13635643310844897,0.5536887407302856,0.25877183154225347,1927.1781427078645,0.4661674901843071
The_Long_Wait_-_Dark_Horses,nvidia/canary-1b-v2,my,88,87.07,87.25,deletion,0.2211513239890337,0.4861217960715294,0.48974652364850046,1569.672153463305,0.3588790148496628
The_Long_Wait_-_Dark_Horses,nvidia/canary-1b-v2,own,89,87.25,88.77,deletion,0.16781845793950778,0.3386525049679941,0.9257041133620256,1773.6830520978392,0.41368814845757984
The_Long_Wait_-_Dark_Horses,nvidia/canary-1b-v2,and,90,89.85,89.95,deletion,0.03465885172287623,0.02921158614723633,1.5498483280340831,3561.421209262488,0.7554169446229935
The_Long_Wait_-_Dark_Horses,nvidia/canary-1b-v2,you,91,90.3,90.59,deletion,0.1878249687893737,0.3136848392445714,0.7402927615950184,1931.3347534702175,0.4322306215763092
The_Long_Wait_-_Dark_Horses,nvidia/canary-1b-v2,can,92,90.59,90.76,deletion,0.10041565783321857,0.2516826465725899,0.4231326937675476,2144.8793237131085,0.4876225829124451
The_Long_Wait_-_Dark_Horses,nvidia/canary-1b-v2,hear,93,90.76,91.01,deletion,0.28692305032853727,0.5286973703790594,0.566542383145403,2073.341536728087,0.48895819540377017
The_Long_Wait_-_Dark_Horses,nvidia/canary-1b-v2,her,94,91.01,91.25,deletion,0.13953391600538184,0.5331038493249152,0.3510362160978494,1694.822919449992,0.4004991893415098
The_Long_Wait_-_Dark_Horses,nvidia/canary-1b-v2,pleading,95,91.25,92.46,deletion,0.1918011711480526,0.374025047570467,0.9821472480320014,1930.1355641594403,0.4540188602530039
The_Long_Wait_-_Dark_Horses,nvidia/canary-1b-v2,well,96,92.76,92.86,deletion,0.2019343113837143,0.20564202343424162,0.9950102170308431,1085.5795508311905,0.26108679299553234
The_Long_Wait_-_Dark_Horses,nvidia/canary-1b-v2,dan,97,92.86,93.33,deletion,0.18933764132944977,0.6106147752234748,0.4120349875267814,2176.19978073425,0.4871025479891721
The_Long_Wait_-_Dark_Horses,nvidia/canary-1b-v2,now,98,93.33,93.96,deletion,0.2943680565804243,0.716275225229123,0.420560325112413,2386.650899309271,0.39688295038307414
The_Long_Wait_-_Dark_Horses,nvidia/canary-1b-v2,i,99,93.96,93.99,deletion,0.14560935646295547,0.5049064382910728,0.31714415922760963,2279.814682860613,0.46546828001737595
The_Long_Wait_-_Dark_Horses,nvidia/canary-1b-v2,was,100,93.99,94.26,deletion,0.19771537333726882,0.5252521554629008,0.44497057298819226,2403.134794167226,0.4816421389579773
The_Long_Wait_-_Dark_Horses,nvidia/canary-1b-v2,only,101,94.26,94.81,deletion,0.19710954651236534,0.5780302463720243,0.3588460144897302,2213.950382841968,0.44514948775370916
The_Long_Wait_-_Dark_Horses,nvidia/canary-1b-v2,trying,102,94.81,95.27,deletion,0.1745832546055317,0.5102089518308639,0.3837688452005386,2553.919254560239,0.5389792478084564
The_Long_Wait_-_Dark_Horses,nvidia/canary-1b-v2,to,103,95.27,95.51,correct,0.20528310222121385,0.4247736753179477,0.5227845672231454,2228.527773506108,0.49285493103357464
The_Long_Wait_-_Dark_Horses,nvidia/canary-1b-v2,help,104,95.51,96.5,correct,0.16286301202027598,0.45867137562170207,0.42835801310628374,1781.9381643534791,0.41938058711658016
The_Long_Wait_-_Dark_Horses,nvidia/canary-1b-v2,so,105,97.66,97.81,correct,0.09854369917336632,0.22018490194836082,0.4448196440935135,3271.1248682752857,0.6681758726344389
The_Long_Wait_-_Dark_Horses,nvidia/canary-1b-v2,you,106,97.81,98.09,correct,0.3046628062923749,0.5668985351920128,0.5448790301879247,1908.4765301140303,0.4526563962300619
The_Long_Wait_-_Dark_Horses,nvidia/canary-1b-v2,can,107,98.09,98.26,correct,0.19454398564994335,0.47506185322999955,0.4760574348270893,1971.0783423588084,0.4916683241724968
The_Long_Wait_-_Dark_Horses,nvidia/canary-1b-v2,go,108,98.26,98.51,correct,0.2360399412336173,0.6224926964000419,0.394582814640469,1918.9090600018483,0.4478437900543213
The_Long_Wait_-_Dark_Horses,nvidia/canary-1b-v2,to,109,98.51,99.17,substitution,0.2536895644540588,0.602042221567697,0.42432848115762073,1835.870747879485,0.4368512017859353
The_Long_Wait_-_Dark_Horses,nvidia/canary-1b-v2,hell,110,99.17,99.7,substitution,0.09380404180602024,0.11549934728495907,1.0199973693019466,1987.6430428545777,0.4812330378775011
The_Long_Wait_-_Dark_Horses,nvidia/canary-1b-v2,you,111,100.94,101.04,substitution,0.2981650158762932,0.18711011686051884,3.1627000172932944,1505.8092860908648,0.3800766666730245
The_Long_Wait_-_Dark_Horses,nvidia/canary-1b-v2,put,112,101.04,101.2,substitution,0.32541118810574216,0.39282962886823547,1.7621699886189566,1619.115217681319,0.3955569432841407
The_Long_Wait_-_Dark_Horses,nvidia/canary-1b-v2,love,113,101.2,101.71,substitution,0.2812725281608956,0.789753867579358,0.36900329536625315,2045.7137485741334,0.4551885202527046
The_Long_Wait_-_Dark_Horses,nvidia/canary-1b-v2,and,114,101.71,101.86,correct,0.24174452266272375,0.6610407408545999,0.36800270922043743,1829.5500372464685,0.4237108844168046
The_Long_Wait_-_Dark_Horses,nvidia/canary-1b-v2,a,115,101.86,101.97,correct,0.32296544561783475,0.9294475863377253,0.3490324591596921,1634.7591296819653,0.37257229536771774
The_Long_Wait_-_Dark_Horses,nvidia/canary-1b-v2,bag,116,101.97,102.65,correct,0.28158423888522227,0.7193005149428909,0.42218161857611425,2056.7377681686526,0.47199491471857635
The_Long_Wait_-_Dark_Horses,nvidia/canary-1b-v2,of,117,102.65,102.71,correct,0.17977804797036306,0.2730950713157654,0.6557591302054269,1945.219814740023,0.48556728448186603
The_Long_Wait_-_Dark_Horses,nvidia/canary-1b-v2,dope,118,102.71,103.09,correct,0.25125897445139433,0.6688131762757188,0.4648288073284285,1872.214649313894,0.4505650997161865
The_Long_Wait_-_Dark_Horses,nvidia/canary-1b-v2,in,119,103.09,103.29,substitution,0.3192424957047809,0.6331535510041497,0.5414844223044135,1603.4526026918772,0.3676454628055746
The_Long_Wait_-_Dark_Horses,nvidia/canary-1b-v2,a,120,103.29,103.39,correct,0.22923045481244722,0.6690954864025116,0.3856130490700404,1827.6431269631387,0.42169153441985446
The_Long_Wait_-_Dark_Horses,nvidia/canary-1b-v2,grocery,121,103.39,104.07,correct,0.24168402568934716,0.5958812363343696,0.48519550202644035,1998.2571898078795,0.44524376196404025
The_Long_Wait_-_Dark_Horses,nvidia/canary-1b-v2,cart,122,104.07,104.5,correct,0.22856337577104568,0.6866807300359645,0.3615153416040096,2098.118394121981,0.47336494415364366
The_Long_Wait_-_Dark_Horses,nvidia/canary-1b-v2,in,123,104.5,105.68,correct,0.07731982168015533,0.12728985680971205,1.5820360406646579,1949.4666831633997,0.4800107690293019
The_Long_Wait_-_Dark_Horses,nvidia/canary-1b-v2,any,124,107.0,107.7,correct,0.27681665658950805,0.6914137381315232,0.4863337484995524,1877.8649859030556,0.42750722090403237
The_Long_Wait_-_Dark_Horses,nvidia/canary-1b-v2,universe,125,107.7,108.94,correct,0.19760107677151909,0.8017792445954992,0.27586579256093324,2165.6927938702397,0.4841640716168418
The_Long_Wait_-_Dark_Horses,nvidia/canary-1b-v2,she'd,126,108.94,109.08,correct,0.1680475422181189,0.4945035856217146,0.4008498936891556,2487.913919311088,0.5904513038694859
The_Long_Wait_-_Dark_Horses,nvidia/canary-1b-v2,still,127,109.08,109.47,correct,0.3331920685512679,0.6990998866302627,0.4777330781022708,2060.537902235089,0.5041186923072452
The_Long_Wait_-_Dark_Horses,nvidia/canary-1b-v2,have,128,109.47,109.81,substitution,0.21529187771834826,0.6732782250956485,0.4106206768437436,1996.2727429016893,0.4826151673731051
The_Long_Wait_-_Dark_Horses,nvidia/canary-1b-v2,given,129,109.81,110.52,correct,0.27765338603211076,0.7496034710815078,0.3944644692697023,1875.281642450772,0.45071940633811447
The_Long_Wait_-_Dark_Horses,nvidia/canary-1b-v2,him,130,110.52,110.85,correct,0.3260677299565739,0.7647556041677793,0.4311799816787243,1792.63805766512,0.4140341339839829
The_Long_Wait_-_Dark_Horses,nvidia/canary-1b-v2,her,131,110.85,111.99,correct,0.24685041379274392,0.6360057174432568,0.5380684661913694,1833.9720676400539,0.38221828057998564
The_Long_Wait_-_Dark_Horses,nvidia/canary-1b-v2,heart,132,111.99,112.11,correct,0.05121161309736116,0.05700504008148398,0.9065225422382355,2344.1802826786043,0.5720430463552475
The_Long_Wait_-_Dark_Horses,nvidia/canary-1b-v2,they,133,112.4,112.63,correct,0.20838679611682892,0.6010864108800889,0.42312046587467195,1917.9600049728779,0.45656553089618684
The_Long_Wait_-_Dark_Horses,nvidia/canary-1b-v2,were,134,112.63,112.88,correct,0.18435159937611648,0.9505437261291912,0.19611791148781776,2013.100771089684,0.4653714214052473
The_Long_Wait_-_Dark_Horses,nvidia/canary-1b-v2,always,135,112.88,113.54,correct,0.2134124641896973,0.8200706405119157,0.2909344942636893,2087.486256551357,0.48485429018316134
The_Long_Wait_-_Dark_Horses,nvidia/canary-1b-v2,meant,136,113.54,113.92,correct,0.29293753526040484,0.6717539905082612,0.47503224440983366,2172.6280261983347,0.506988335223425
The_Long_Wait_-_Dark_Horses,nvidia/canary-1b-v2,to,137,113.92,114.08,correct,0.20016099512577057,0.48701867047283387,0.5321154412296083,1919.2161070013888,0.46936585505803424
The_Long_Wait_-_Dark_Horses,nvidia/canary-1b-v2,be,138,114.08,114.76,substitution,0.2726466562095526,0.7945258631496817,0.39608053802638443,1992.578227942934,0.4509067777040842
The_Long_Wait_-_Dark_Horses,nvidia/canary-1b-v2,and,139,114.76,115.0,correct,0.23107113517247713,0.7619279531332163,0.31235671444581103,1640.2535874581592,0.3752538779607186
The_Long_Wait_-_Dark_Horses,nvidia/canary-1b-v2,that's,140,115.0,115.34,correct,0.3500531446692106,0.6219267740442946,0.6430234337175215,2160.5838783445856,0.5186882188191285
The_Long_Wait_-_Dark_Horses,nvidia/canary-1b-v2,the,141,115.34,115.64,correct,0.2669045033328461,0.5792606084635763,0.5174440637682424,1937.2555787994086,0.47666832262819464
The_Long_Wait_-_Dark_Horses,nvidia/canary-1b-v2,truth,142,115.67,116.23,correct,0.265129800265034,0.5813102049132188,0.5087679182489713,2137.448278693142,0.4957909440000852
The_Long_Wait_-_Dark_Horses,nvidia/canary-1b-v2,and,143,116.23,116.74,correct,0.06577029428444803,0.04760542974275138,1.591222268130098,2608.9559600359016,0.60210409494383
The_Long_Wait_-_Dark_Horses,nvidia/canary-1b-v2,i,144,117.0,117.05,correct,0.134459242845575,0.14431897116204104,0.9363152583440145,1417.0953051737526,0.3528040051460266
The_Long_Wait_-_Dark_Horses,nvidia/canary-1b-v2,guess,145,117.05,117.56,correct,0.15765941004184159,0.25157101526856424,0.7561045565388419,2445.0508348348485,0.5023749454454942
The_Long_Wait_-_Dark_Horses,nvidia/canary-1b-v2,it,146,117.56,117.93,correct,0.20411984295379826,0.3530656113857176,0.5852089153557289,1869.2891885575523,0.3628649856986069
The_Long_Wait_-_Dark_Horses,nvidia/canary-1b-v2,all,147,117.93,118.28,substitution,0.14144768193364143,0.3741660745520341,0.3803103664203694,1976.0097480170919,0.38222696985069077
The_Long_Wait_-_Dark_Horses,nvidia/canary-1b-v2,depends,148,118.28,119.05,correct,0.18005019688911467,0.3486005766429456,0.6697384546320122,1750.4057927508866,0.4165135525077222
The_Long_Wait_-_Dark_Horses,nvidia/canary-1b-v2,on,149,119.05,119.34,correct,0.1406596042215824,0.40993607323616743,0.34041432617232203,1436.0050558032208,0.36444262508302927
The_Long_Wait_-_Dark_Horses,nvidia/canary-1b-v2,where,150,119.34,119.58,correct,0.14227249804470274,0.44007375560424944,0.35824690014123917,1747.933871767348,0.4166175999023296
The_Long_Wait_-_Dark_Horses,nvidia/canary-1b-v2,you're,151,119.58,120.02,correct,0.1251892385383447,0.49305549566634,0.29154412789891165,1643.9919930796623,0.39544541264573735
The_Long_Wait_-_Dark_Horses,nvidia/canary-1b-v2,coming,152,120.02,120.57,correct,0.09078080074514373,0.33970586428324046,0.3518310294060384,1802.7105382716177,0.43044107445215773
The_Long_Wait_-_Dark_Horses,nvidia/canary-1b-v2,from,153,120.57,121.59,correct,0.05637880396097898,0.19799986342814835,0.5177784335884181,1602.948102467313,0.411143392866308
The_Long_Wait_-_Dark_Horses,nvidia/canary-1b-v2,and,154,122.29,122.69,correct,0.1788222760092034,0.47250118214896947,0.4630371867570766,1871.0034640183185,0.40991903633572335
The_Long_Wait_-_Dark_Horses,nvidia/canary-1b-v2,i,155,122.69,122.98,correct,0.18173685297369957,0.6163992006331682,0.3060831883922219,2052.122051832491,0.4142973516136408
The_Long_Wait_-_Dark_Horses,nvidia/canary-1b-v2,guess,156,122.98,123.4,substitution,0.14071484647043372,0.3971473198869954,0.4268415913633678,3040.9511688160933,0.5205792292304661
The_Long_Wait_-_Dark_Horses,nvidia/canary-1b-v2,it,157,123.4,123.63,correct,0.11126766855326983,0.5720392201955502,0.19195889051143938,2089.470978197905,0.447810539832482
The_Long_Wait_-_Dark_Horses,nvidia/canary-1b-v2,all,158,123.63,124.09,correct,0.12923789113759995,0.5277777099609375,0.3067741791903973,2180.677766998013,0.4179777878522873
The_Long_Wait_-_Dark_Horses,nvidia/canary-1b-v2,depends,159,124.09,124.84,correct,0.12021159293291009,0.3264393197533525,0.5705577723773909,1833.6125499939462,0.42241073703324356
The_Long_Wait_-_Dark_Horses,nvidia/canary-1b-v2,on,160,124.84,125.33,correct,0.10693712511433745,0.29206192718361906,0.4186896969968418,1545.0194805843971,0.3665658932811809
The_Long_Wait_-_Dark_Horses,nvidia/canary-1b-v2,where,161,125.33,125.52,substitution,0.16819464096001216,0.4399025362162363,0.4391658327409199,1616.4028478915088,0.37619385974747793
The_Long_Wait_-_Dark_Horses,nvidia/canary-1b-v2,you've,162,125.52,125.73,correct,0.17666339656958976,0.3329124577964346,0.7859723145763079,1523.751474561365,0.3462196234613657
The_Long_Wait_-_Dark_Horses,nvidia/canary-1b-v2,been,163,125.73,127.46,correct,0.05634617510729947,0.22811509162388943,0.7051450739035735,1845.0762910853898,0.463119770626764
The_Long_Wait_-_Dark_Horses,nvidia/canary-1b-v2,i,164,128.41,128.78,correct,0.1567139845341444,0.5958628688007593,0.30307218097150324,2092.82340152389,0.47490267679095266
The_Long_Wait_-_Dark_Horses,nvidia/canary-1b-v2,guess,165,128.78,129.22,correct,0.1663031290906171,0.4718085030714671,0.4337358496462305,3333.0343531647645,0.5983307243635257
The_Long_Wait_-_Dark_Horses,nvidia/canary-1b-v2,it,166,129.22,129.43,substitution,0.12830977854521378,0.7780689441639445,0.16511541734571042,2441.6097456140224,0.4990238702815512
The_Long_Wait_-_Dark_Horses,nvidia/canary-1b-v2,all,167,129.43,129.92,substitution,0.1696023193222505,0.5865192294672683,0.29400538680730043,2007.279655601838,0.4380341398495215
The_Long_Wait_-_Dark_Horses,nvidia/canary-1b-v2,depends,168,129.92,130.67,correct,0.1286866441828969,0.3909966035021676,0.4232000767448802,2003.1088155763239,0.46256121698720953
The_Long_Wait_-_Dark_Horses,nvidia/canary-1b-v2,on,169,130.67,130.96,correct,0.1578321889974177,0.3214347381144762,0.5426850356161594,1364.368080469008,0.3272487986832857
The_Long_Wait_-_Dark_Horses,nvidia/canary-1b-v2,where,170,130.96,131.31,correct,0.3001252048109707,0.487915962934494,0.6481290255722246,1561.8907049291352,0.3738865330815315
The_Long_Wait_-_Dark_Horses,nvidia/canary-1b-v2,you're,171,131.31,131.68,correct,0.15974445566534995,0.565328835695982,0.2914236132055521,1810.0519851783938,0.41744333170354364
The_Long_Wait_-_Dark_Horses,nvidia/canary-1b-v2,headed,172,131.68,132.21,correct,0.13006061026505356,0.4686148954105788,0.3303819739356123,1865.5370588979301,0.43677639344642905
The_Long_Wait_-_Dark_Horses,nvidia/canary-1b-v2,to,173,132.21,132.6,substitution,0.10026625864381014,0.2669371953883836,0.42417429058357725,1902.623358286838,0.48135922052139457
The_Long_Wait_-_Dark_Horses,nvidia/canary-1b-v2,when,174,132.6,133.07,substitution,0.1129569906522246,0.3566979241429591,0.5291769302943173,1798.2536129262655,0.4465898699035831
The_Long_Wait_-_Dark_Horses,nvidia/canary-1b-v2,a,175,133.07,133.47,correct,0.22972009625545767,0.843095024657804,0.28256482336410255,1580.987789905463,0.3456534029439438
The_Long_Wait_-_Dark_Horses,nvidia/canary-1b-v2,right,176,133.47,133.56,correct,0.13266028091311455,0.2940247099507939,0.46456085551868787,2455.4303952573787,0.5885424315929413
The_Long_Wait_-_Dark_Horses,nvidia/canary-1b-v2,turns,177,133.56,133.89,correct,0.22850706945690843,0.6228030497829119,0.39703426427311367,1822.514254382785,0.4115092125203874
The_Long_Wait_-_Dark_Horses,nvidia/canary-1b-v2,wrong,178,133.89,134.31,correct,0.22388456130157347,0.6562429553140765,0.34169616614994797,2095.8575446651216,0.5052886177664218
The_Long_Wait_-_Dark_Horses,nvidia/canary-1b-v2,again,179,134.31,135.6,substitution,0.1935338327433351,0.3151196218062219,0.957033215238036,1706.189075091714,0.4178730624614002
The_Long_Wait_-_Dark_Horses,nvidia/canary-1b-v2,when,180,135.63,136.01,correct,0.22664028778672218,0.5425688504445844,0.5215967951751337,1537.5670234498239,0.36536044136780066
The_Long_Wait_-_Dark_Horses,nvidia/canary-1b-v2,a,181,136.01,136.06,correct,0.2689522760254996,0.5112390433038984,0.5278029228959765,1635.0672293481036,0.3770322799682617
The_Long_Wait_-_Dark_Horses,nvidia/canary-1b-v2,right,182,136.06,136.37,correct,0.21842876668362057,0.4539624608176596,0.5021952995482613,1766.0710397858575,0.43015049310291514
The_Long_Wait_-_Dark_Horses,nvidia/canary-1b-v2,turns,183,136.37,136.78,substitution,0.28910102966156875,0.42462203380736435,0.7354019230062311,1574.3121496450613,0.37534619495272636
The_Long_Wait_-_Dark_Horses,nvidia/canary-1b-v2,wrong,184,136.78,137.21,substitution,0.3031239718832868,0.46521552382631504,0.6604828663328861,1617.049654798707,0.38820307559155404
The_Long_Wait_-_Dark_Horses,nvidia/canary-1b-v2,again,185,137.21,139.12,substitution,0.22136629878929476,0.2526161985380984,1.2500283500043357,1520.1864706077122,0.37151496788350546
The_Long_Wait_-_Dark_Horses,nvidia/canary-1b-v2,oh,186,139.62,144.8,deletion,0.3179170045470449,0.5994939836034625,1.108774962434915,1662.257034814443,0.3748293679597576
The_Long_Wait_-_Dark_Horses,nvidia/canary-1b-v2,oh,187,148.14,148.17,correct,0.013307434506714344,0.0062122882809489965,2.1842913031578064,3207.656024951498,0.6731198579072952
The_Long_Wait_-_Dark_Horses,nvidia/canary-1b-v2,oh,188,151.5,151.53,correct,0.08264665771275759,0.007488912437111139,11.334766626358032,2749.835994367024,0.6012231409549713
The_Long_Wait_-_Dark_Horses,nvidia/canary-1b-v2,oh,189,154.81,154.84,substitution,0.0816744826734066,0.006370317074470222,13.012688636779785,1449.1454052694137,0.34500211477279663
The_Long_Wait_-_Dark_Horses,nvidia/canary-1b-v2,so,190,156.38,156.56,correct,0.10136366933584214,0.5734005082398653,0.31973580047488215,3550.4304528383245,0.6409339964389801
The_Long_Wait_-_Dark_Horses,nvidia/canary-1b-v2,where,191,156.56,156.87,substitution,0.15552407262079856,0.9559216429205502,0.16207572116571314,2391.087819869776,0.5437561799498165
The_Long_Wait_-_Dark_Horses,nvidia/canary-1b-v2,are,192,156.87,156.93,substitution,0.14807496033608913,0.972601093351841,0.15473435539752245,2369.8461964143553,0.5015335753560066
The_Long_Wait_-_Dark_Horses,nvidia/canary-1b-v2,you,193,156.93,157.32,substitution,0.22013454671416963,0.8530830343564352,0.26739530584641863,2307.857779935345,0.47238197993664516
The_Long_Wait_-_Dark_Horses,nvidia/canary-1b-v2,headed,194,157.32,157.86,correct,0.2626956479024079,0.7235105391276084,0.4372596697787107,2326.313114858483,0.56136811082646
The_Long_Wait_-_Dark_Horses,nvidia/canary-1b-v2,to,195,157.86,159.1,correct,0.2370773865876341,0.5026685119347465,0.8953032114900145,2365.44518138243,0.479804679863435
The_Long_Wait_-_Dark_Horses,nvidia/canary-1b-v2,and,196,159.46,159.58,substitution,0.2469158688416848,0.4535186944099573,0.573645130946086,1764.604899235563,0.42029742094186634
The_Long_Wait_-_Dark_Horses,nvidia/canary-1b-v2,can,197,159.58,159.86,correct,0.20509453165915706,0.8912588675175944,0.24410908789403976,2786.6129587183855,0.5130865352769052
The_Long_Wait_-_Dark_Horses,nvidia/canary-1b-v2,i,198,159.86,160.1,correct,0.1235082933196315,0.8989353991217084,0.1639399633363441,2816.520652638314,0.57084854443868
The_Long_Wait_-_Dark_Horses,nvidia/canary-1b-v2,come,199,160.1,160.59,correct,0.2948197598727244,0.6837163680004623,0.4667366397268367,2105.5474865109245,0.4662465402540171
The_Long_Wait_-_Dark_Horses,nvidia/canary-1b-v2,with,200,160.59,160.93,correct,0.1903315077762346,0.7009252897790961,0.4282655635395566,2464.9823220184912,0.5394617085521286
The_Long_Wait_-_Dark_Horses,nvidia/canary-1b-v2,you,201,160.93,162.16,correct,0.16396194323897362,0.4618714277289416,2.23491842092428,2320.529811016692,0.5269897636166192
The_Long_Wait_-_Dark_Horses,nvidia/canary-1b-v2,you're,202,162.44,162.53,correct,0.17274071750315753,0.4076900234107267,0.8495372452519157,2338.674690801799,0.5561685020273383
The_Long_Wait_-_Dark_Horses,nvidia/canary-1b-v2,such,203,162.53,163.04,correct,0.13294697972861202,0.6807894397865643,0.2637104163115675,3003.5144428788776,0.6330292214046825
The_Long_Wait_-_Dark_Horses,nvidia/canary-1b-v2,a,204,163.04,163.12,correct,0.34257574528455736,0.5822416007518768,0.7111512869596481,1938.5913827264885,0.47596617937088015
The_Long_Wait_-_Dark_Horses,nvidia/canary-1b-v2,pretty,205,163.12,163.82,correct,0.24184209863214115,0.6673487654249919,0.5230809930515917,2192.535156695047,0.5363867996554625
The_Long_Wait_-_Dark_Horses,nvidia/canary-1b-v2,sight,206,163.82,164.89,correct,0.2733840394927108,0.5959762838223707,0.5447959112084431,2533.7146377636423,0.48052611636078874
The_Long_Wait_-_Dark_Horses,nvidia/canary-1b-v2,sore,207,164.89,165.4,correct,0.15587064444341442,0.366698271273212,0.668459243666042,3558.1037248817006,0.6846775808117607
The_Long_Wait_-_Dark_Horses,nvidia/canary-1b-v2,eyes,208,165.4,166.04,correct,0.18558557126401126,0.8982513235962909,0.2337240660968034,2773.668547303634,0.5296823442846105
The_Long_Wait_-_Dark_Horses,nvidia/canary-1b-v2,light,209,166.04,166.33,correct,0.15223520784638822,0.9538919664919376,0.16068565216846764,2694.1973780753524,0.5534104090183973
The_Long_Wait_-_Dark_Horses,nvidia/canary-1b-v2,of,210,166.33,166.65,correct,0.296315438406808,0.8101249490465436,0.3703982412815094,2528.3682406522194,0.5680184517587934
The_Long_Wait_-_Dark_Horses,nvidia/canary-1b-v2,my,211,166.65,167.61,correct,0.19877371607491603,0.9412611086781209,0.21415683820557135,2685.4245002678936,0.5133640915155411
The_Long_Wait_-_Dark_Horses,nvidia/canary-1b-v2,life,212,167.61,168.41,correct,0.1870337265521981,0.12394322216684042,2.8512624105395274,2774.59222959537,0.6310527335072673
The_Long_Wait_-_Dark_Horses,nvidia/canary-1b-v2,in,213,168.41,168.56,correct,0.17051717463661642,0.5421491791220272,0.3302363551714841,2407.315290959423,0.5605650403920341
The_Long_Wait_-_Dark_Horses,nvidia/canary-1b-v2,all,214,168.56,168.81,correct,0.17808370159140655,0.955909075481551,0.1877174981470619,2676.578407985759,0.5324603468179703
The_Long_Wait_-_Dark_Horses,nvidia/canary-1b-v2,his,215,168.81,169.18,correct,0.18142742495983838,0.648824005573988,0.33081139512360097,3056.8910720049707,0.6104970768094062
The_Long_Wait_-_Dark_Horses,nvidia/canary-1b-v2,silliness,216,169.18,171.35,substitution,0.22679973430451916,0.6807256298611348,0.6284929873989376,2921.0317240197974,0.5668577623469635
The_Long_Wait_-_Dark_Horses,nvidia/canary-1b-v2,she,217,171.35,171.48,correct,0.21170441756645839,0.5158293128013611,0.4164455533027649,3895.452230560229,0.6569076418876648
The_Long_Wait_-_Dark_Horses,nvidia/canary-1b-v2,still,218,171.48,172.0,correct,0.13814659203801835,0.715452582907996,0.2884859337604472,3234.410467759048,0.6290206504719598
The_Long_Wait_-_Dark_Horses,nvidia/canary-1b-v2,remembers,219,172.0,173.12,substitution,0.18189953698599634,0.7982024064302937,0.2789388952299583,2352.3455995782515,0.5064738956857319
The_Long_Wait_-_Dark_Horses,nvidia/canary-1b-v2,this,220,173.12,174.51,substitution,0.1014250072106819,0.5514360031975596,0.34499813811290986,2831.131115671627,0.5860026918801685
The_Long_Wait_-_Dark_Horses,nvidia/canary-1b-v2,a,221,174.51,174.57,substitution,0.1366337090730667,0.4413044622966221,0.3146366285426276,2022.0896880912728,0.5114479873861585
The_Long_Wait_-_Dark_Horses,nvidia/canary-1b-v2,long,222,174.57,175.01,substitution,0.11325628923562665,0.7173234156022469,0.17027704898888865,2145.315704779456,0.4838774049033721
The_Long_Wait_-_Dark_Horses,nvidia/canary-1b-v2,damn,223,175.01,175.31,substitution,0.0891085731034929,0.7500265430320393,0.12617548848643448,2248.159409761632,0.5207313371427131
The_Long_Wait_-_Dark_Horses,nvidia/canary-1b-v2,time,224,175.31,175.76,substitution,0.22135676550013678,0.6378769865449594,0.37146714056024743,1942.017806873106,0.4269308295785164
The_Long_Wait_-_Dark_Horses,nvidia/canary-1b-v2,ago,225,175.76,177.47,substitution,0.23013441669552223,0.6726276267157949,0.34894634013914544,1418.0488542335218,0.27618688636499905
The_Long_Wait_-_Dark_Horses,nvidia/canary-1b-v2,when,226,177.47,177.65,substitution,0.07661268804222346,0.661353912949562,0.11670094691216945,1625.2609865281397,0.36187765300273894
The_Long_Wait_-_Dark_Horses,nvidia/canary-1b-v2,there,227,177.65,178.0,substitution,0.0773409322688454,0.6881040287645239,0.11301738700192225,2163.1559341334673,0.4998612121531838
The_Long_Wait_-_Dark_Horses,nvidia/canary-1b-v2,were,228,178.0,178.11,substitution,0.08712197353060429,0.5833221811514634,0.15348600424253023,1838.668388849746,0.4144785083257235
The_Long_Wait_-_Dark_Horses,nvidia/canary-1b-v2,still,229,178.11,178.54,deletion,0.09720070731449634,0.5381162882326765,0.25602691533400657,2269.0762093607727,0.5257564072913312
The_Long_Wait_-_Dark_Horses,nvidia/canary-1b-v2,dark,230,178.54,178.89,correct,0.1448171932838465,0.6134944765975601,0.31292913893335744,2240.599403244556,0.47548674203847585
The_Long_Wait_-_Dark_Horses,nvidia/canary-1b-v2,horses,231,178.89,179.78,correct,0.12432920129504055,0.4759499728291606,0.3284802127163857,1788.3417905476433,0.4151791138574481
The_Long_Wait_-_Dark_Horses,nvidia/canary-1b-v2,out,232,180.05,180.28,correct,0.11519087553024292,0.6249726295471192,0.19730210155248643,1744.0272405250428,0.39344462990760803
The_Long_Wait_-_Dark_Horses,nvidia/canary-1b-v2,along,233,180.28,180.97,correct,0.10621660530567169,0.47163395295540494,0.35220230629046756,1661.0904857982162,0.3908003125588099
The_Long_Wait_-_Dark_Horses,nvidia/canary-1b-v2,the,234,181.19,181.42,correct,0.1552602807059884,0.47523883472268397,0.3846685594091049,1868.318084990647,0.4411472873045848
The_Long_Wait_-_Dark_Horses,nvidia/canary-1b-v2,open,235,181.42,182.47,correct,0.15188694613433518,0.6607156419648533,0.3016233380257556,2046.4777723592756,0.41586822877942986
The_Long_Wait_-_Dark_Horses,nvidia/canary-1b-v2,road,236,182.47,185.48,correct,0.09397417159537028,0.45607555409609946,0.5072939265403689,1586.6603150240512,0.3649606758393116
The_Long_Wait_-_Dark_Horses,nvidia/canary-1b-v2,grocery,237,186.87,187.23,correct,0.1532266901805997,0.3944912409409881,0.4993108693510294,2639.01418820243,0.5183453224599361
The_Long_Wait_-_Dark_Horses,nvidia/canary-1b-v2,cart,238,187.23,187.52,substitution,0.372449638787657,0.4343674866249785,0.9494046606123447,1892.2211486382703,0.38189517287537456
The_Long_Wait_-_Dark_Horses,nvidia/canary-1b-v2,they,239,187.52,187.75,substitution,0.2905984079837799,0.5646904733777046,0.6010175728797913,2202.6051913222113,0.4332149004936218
The_Long_Wait_-_Dark_Horses,nvidia/canary-1b-v2,push,240,187.75,188.2,substitution,0.1909860514712577,0.4236675072081235,0.516606123775852,2718.7104751765896,0.5468607830757998
The_Long_Wait_-_Dark_Horses,nvidia/canary-1b-v2,out,241,188.2,188.65,substitution,0.2576502163191231,0.5167386388900329,0.5129952911211519,1987.7541585867477,0.4482107971395765
The_Long_Wait_-_Dark_Horses,nvidia/canary-1b-v2,broadway,242,189.29,190.04,correct,0.17355790182396216,0.5768580593996577,0.4238013635263031,1888.7955358784961,0.415610193470378
The_Long_Wait_-_Dark_Horses,nvidia/canary-1b-v2,up,243,190.04,190.46,correct,0.20509768755215665,0.5498969120823819,0.4976982960234518,2055.4700215430553,0.4630444341379663
The_Long_Wait_-_Dark_Horses,nvidia/canary-1b-v2,to,244,190.46,190.56,correct,0.12960478321959576,0.3415812514722347,0.44422774389386177,2629.3903256701847,0.6182790696620941
The_Long_Wait_-_Dark_Horses,nvidia/canary-1b-v2,craycroft,245,190.56,191.41,correct,0.19234232397992973,0.4039695988530698,0.557792479739241,2181.923318791634,0.5083649142280869
The_Long_Wait_-_Dark_Horses,nvidia/canary-1b-v2,he's,246,191.41,191.56,correct,0.2253351093215101,0.2823736632571501,0.7436367799254024,2425.3621596163593,0.5448336811626658
The_Long_Wait_-_Dark_Horses,nvidia/canary-1b-v2,yelling,247,191.56,191.97,substitution,0.22194347124208103,0.5148745196109469,0.44336938248439267,2263.9187938168247,0.5227463096380234
The_Long_Wait_-_Dark_Horses,nvidia/canary-1b-v2,at,248,191.97,192.12,correct,0.2069989140419399,0.34929249742451834,0.7076507876901066,1816.4173799214743,0.4299655696924995
The_Long_Wait_-_Dark_Horses,nvidia/canary-1b-v2,the,249,192.12,192.21,correct,0.2150238738818602,0.23820059272375974,0.9836478558453646,1719.3806984900796,0.4205215139822526
The_Long_Wait_-_Dark_Horses,nvidia/canary-1b-v2,cars,250,192.21,193.23,correct,0.20107089074497872,0.4520078347826546,0.6016175107522445,2317.40316248536,0.47179383879358117
The_Long_Wait_-_Dark_Horses,nvidia/canary-1b-v2,under,251,194.09,194.48,correct,0.25878620589541834,0.48536311027182394,0.6023679202379182,1736.0502249323276,0.4021127085353053
The_Long_Wait_-_Dark_Horses,nvidia/canary-1b-v2,arizona,252,194.48,195.37,correct,0.27362925147948164,0.5689020341572663,0.4901805223586659,1915.207192330241,0.44196257274597883
The_Long_Wait_-_Dark_Horses,nvidia/canary-1b-v2,stars,253,195.37,196.59,correct,0.14997741611290524,0.45693574555730093,0.3989785969939851,2373.41330145109,0.5410593625243384
The_Long_Wait_-_Dark_Horses,nvidia/canary-1b-v2,you,254,196.59,196.83,correct,0.15958357216031463,0.023208474912853154,7.413687383687055,1913.048145632516,0.45779619503904273
The_Long_Wait_-_Dark_Horses,nvidia/canary-1b-v2,put,255,197.49,197.67,correct,0.21054738983511925,0.18485318748280405,1.9459799587726594,1933.9431955807345,0.4897486254572868
The_Long_Wait_-_Dark_Horses,nvidia/canary-1b-v2,love,256,197.67,198.25,substitution,0.34590368777040453,0.8837304640383947,0.402328016739043,2035.046183391065,0.47476699475258116
The_Long_Wait_-_Dark_Horses,nvidia/canary-1b-v2,and,257,198.25,198.41,correct,0.6220366391870711,0.844929426908493,0.7510623666975234,1561.4439899084348,0.328728371196323
The_Long_Wait_-_Dark_Horses,nvidia/canary-1b-v2,a,258,198.41,198.51,correct,0.39491437499721843,0.6007792055606842,0.6597165142496427,1697.4072177505334,0.3584131672978401
The_Long_Wait_-_Dark_Horses,nvidia/canary-1b-v2,bag,259,198.51,199.15,correct,0.37812939890916797,0.7100577334994855,0.5786893985409668,2082.9457474886517,0.44140919740649237
The_Long_Wait_-_Dark_Horses,nvidia/canary-1b-v2,of,260,199.15,199.21,correct,0.18054999224841595,0.23557851649820805,0.772214874625206,2335.7683950552578,0.5687921941280365
The_Long_Wait_-_Dark_Horses,nvidia/canary-1b-v2,clothes,261,199.21,199.65,correct,0.3488986003906169,0.7345046876592839,0.5139913524084903,2191.1099222922094,0.47105444365359367
The_Long_Wait_-_Dark_Horses,nvidia/canary-1b-v2,in,262,199.65,199.91,correct,0.3906694768831648,0.8215295487436755,0.49386137312856215,1931.7257678414487,0.42606237325175056
The_Long_Wait_-_Dark_Horses,nvidia/canary-1b-v2,a,263,199.91,199.94,correct,0.2698241248726845,0.7059527188539505,0.4266321361064911,1371.6289001191349,0.3234410211443901
The_Long_Wait_-_Dark_Horses,nvidia/canary-1b-v2,grocery,264,199.94,200.61,correct,0.2952229020326105,0.6305757224151533,0.5413548660604921,2024.9950578651312,0.44902230370534607
The_Long_Wait_-_Dark_Horses,nvidia/canary-1b-v2,cart,265,200.61,201.0,substitution,0.19252119230669598,0.6710906163897625,0.3543851673603058,2026.9158652426772,0.5062692948552066
The_Long_Wait_-_Dark_Horses,nvidia/canary-1b-v2,in,266,201.0,202.06,correct,0.11368081489937347,0.1532580390278446,2.708052931255416,1622.4800273936214,0.3986080796049352
The_Long_Wait_-_Dark_Horses,nvidia/canary-1b-v2,any,267,203.56,204.28,correct,0.3864062459921682,0.8462399117551841,0.5208412826835335,1622.9987343030286,0.35558977432839284
The_Long_Wait_-_Dark_Horses,nvidia/canary-1b-v2,universe,268,204.28,205.51,correct,0.4045494835739745,0.8773026681484136,0.46471277002553296,2179.234197572857,0.39075048043763727
The_Long_Wait_-_Dark_Horses,nvidia/canary-1b-v2,he'd,269,205.51,205.67,correct,0.2174401262568103,0.656826901766989,0.41337886949380237,2745.3775337813418,0.5809019903341929
The_Long_Wait_-_Dark_Horses,nvidia/canary-1b-v2,still,270,205.67,206.05,correct,0.2932184865561927,0.7311698610826236,0.44657036080593016,2813.6328664529597,0.5808152818098301
The_Long_Wait_-_Dark_Horses,nvidia/canary-1b-v2,have,271,206.05,206.4,correct,0.25741164641160713,0.6582955627849227,0.4571239916901839,2056.822765206549,0.4948475204016033
The_Long_Wait_-_Dark_Horses,nvidia/canary-1b-v2,given,272,206.4,207.1,correct,0.25408267082744523,0.7483630506811958,0.37560537300611796,2014.086063013683,0.48409008273952886
The_Long_Wait_-_Dark_Horses,nvidia/canary-1b-v2,her,273,207.1,207.46,correct,0.33568140435963867,0.7772673442959785,0.42708036564290525,1691.961230393214,0.379601377248764
The_Long_Wait_-_Dark_Horses,nvidia/canary-1b-v2,his,274,207.46,207.84,substitution,0.20573386277367428,0.6848976219572672,0.3477182900760232,2166.2625369802677,0.5089746481034814
The_Long_Wait_-_Dark_Horses,nvidia/canary-1b-v2,heart,275,207.84,208.54,correct,0.18083083453147034,0.5590999959722945,0.570393521730837,2041.7011889677076,0.4830661282727593
The_Long_Wait_-_Dark_Horses,nvidia/canary-1b-v2,they,276,209.02,209.25,correct,0.2819760682491156,0.7745908494465626,0.5381040659088355,1922.2785491970706,0.4547680404323798
The_Long_Wait_-_Dark_Horses,nvidia/canary-1b-v2,were,277,209.25,209.59,correct,0.2177550812830796,0.8970335383672972,0.2565242470921697,2084.063096065528,0.47187806867264415
The_Long_Wait_-_Dark_Horses,nvidia/canary-1b-v2,always,278,209.59,210.16,correct,0.23957051288697026,0.7265068732442395,0.3508355362761405,2133.1285021447898,0.4803974777460098
The_Long_Wait_-_Dark_Horses,nvidia/canary-1b-v2,meant,279,210.16,210.52,correct,0.31095360907224506,0.6757349016574713,0.5012567727229534,2348.9636400964196,0.5582502958102104
The_Long_Wait_-_Dark_Horses,nvidia/canary-1b-v2,to,280,210.52,210.68,correct,0.18418742467959723,0.48793478310108185,0.410557069712215,2502.25714715253,0.5311427397860421
The_Long_Wait_-_Dark_Horses,nvidia/canary-1b-v2,be,281,210.68,211.49,correct,0.32337835996315395,0.8261505272881738,0.4170389052095084,2156.5977834739547,0.4127237567271309
The_Long_Wait_-_Dark_Horses,nvidia/canary-1b-v2,and,282,211.49,211.61,correct,0.2916880835379873,0.7244247581277575,0.4085585581404822,1729.8947496115375,0.36900792377335684
The_Long_Wait_-_Dark_Horses,nvidia/canary-1b-v2,that's,283,211.61,211.95,substitution,0.3987526798973212,0.6823291118080551,0.6277769667071265,2454.261714406321,0.5069659263701052
The_Long_Wait_-_Dark_Horses,nvidia/canary-1b-v2,the,284,211.95,212.28,correct,0.26673757063375936,0.5486899779455082,0.5219736010641665,2262.515209371245,0.5239051121312219
The_Long_Wait_-_Dark_Horses,nvidia/canary-1b-v2,truth,285,212.31,213.62,correct,0.20626471310536912,0.25612683157628097,3.6032243639442094,2186.748721155093,0.5094215355232252
The_Long_Wait_-_Dark_Horses,nvidia/canary-1b-v2,i,286,213.66,213.72,correct,0.1234470893229757,0.1744369183267866,0.7185181209019252,1816.6599574054762,0.47129291721752714
The_Long_Wait_-_Dark_Horses,nvidia/canary-1b-v2,guess,287,213.72,214.2,correct,0.15431002176438385,0.3871169825657629,0.6967218397901609,2781.9877314479,0.6068231864617422
The_Long_Wait_-_Dark_Horses,nvidia/canary-1b-v2,it,288,214.2,214.54,substitution,0.2116448875320585,0.6043358076559869,0.34779497471294907,2320.9681471100453,0.5243419275472039
The_Long_Wait_-_Dark_Horses,nvidia/canary-1b-v2,all,289,214.54,214.9,correct,0.1740139730465718,0.4995706081390381,0.3606386199975625,2044.2357298941606,0.47403897459690386
The_Long_Wait_-_Dark_Horses,nvidia/canary-1b-v2,depends,290,214.9,215.64,correct,0.21104559069499373,0.3583470373880118,0.741650315746665,1690.2515403094076,0.401034895516932
The_Long_Wait_-_Dark_Horses,nvidia/canary-1b-v2,on,291,215.64,215.96,correct,0.13616145615066802,0.3774618642670768,0.3610846566302436,1447.634508675431,0.3622270392520087
The_Long_Wait_-_Dark_Horses,nvidia/canary-1b-v2,where,292,215.96,216.28,correct,0.09792918860912322,0.5900861237730298,0.17591867638485773,1528.3317637078712,0.39602998409952433
The_Long_Wait_-_Dark_Horses,nvidia/canary-1b-v2,you're,293,216.28,216.6,substitution,0.06822535540494654,0.4746668338775635,0.2650443043352829,1919.5335295689417,0.4643406706551711
The_Long_Wait_-_Dark_Horses,nvidia/canary-1b-v2,coming,294,216.6,217.15,deletion,0.18336169907854774,0.4430498728307627,0.5422461037918672,1736.0800578619192,0.37218869338601324
The_Long_Wait_-_Dark_Horses,nvidia/canary-1b-v2,from,295,217.15,218.47,deletion,0.07283654934923414,0.16976147764165636,0.6023020869199659,1647.654920817886,0.4127256383358593
The_Long_Wait_-_Dark_Horses,nvidia/canary-1b-v2,and,296,218.91,219.32,deletion,0.04360699009978109,0.5416613859434922,0.10895954420169195,1773.7742624264524,0.44647264778614043
The_Long_Wait_-_Dark_Horses,nvidia/canary-1b-v2,i,297,219.32,219.6,deletion,0.06362850086823586,0.585144639976563,0.12601687230410114,1671.0088539289916,0.41387229292623456
The_Long_Wait_-_Dark_Horses,nvidia/canary-1b-v2,guess,298,219.6,220.04,unknown,0.09346249120983671,0.33776296072817863,0.3327638849299005,1880.070195681549,0.4227131798546365
The_Long_Wait_-_Dark_Horses,nvidia/canary-1b-v2,it,299,220.04,220.6,unknown,0.03857561741329608,0.486129459299025,0.08242949654088645,1764.62684265373,0.43332799340857836
The_Long_Wait_-_Dark_Horses,nvidia/canary-1b-v2,all,300,220.6,220.74,unknown,0.11050941445864737,0.5745896901935339,0.1915250364691019,920.3008530019835,0.21362603828310966
The_Long_Wait_-_Dark_Horses,nvidia/canary-1b-v2,depends,301,220.74,221.49,unknown,0.05270850550337338,0.3507425140727449,0.22820343132372256,1450.0955828695917,0.3655269361204571
The_Long_Wait_-_Dark_Horses,nvidia/canary-1b-v2,on,302,221.49,221.86,unknown,0.07930389014867747,0.34101273555581163,0.2271821571559441,1204.147360380901,0.3052297358105822
The_Long_Wait_-_Dark_Horses,nvidia/canary-1b-v2,where,303,221.86,222.2,unknown,0.07062126399093382,0.44851707042874517,0.1605887934565544,1391.1514082566198,0.3444034638437065
The_Long_Wait_-_Dark_Horses,nvidia/canary-1b-v2,you've,304,222.2,222.38,unknown,0.07846248364076018,0.31413613371551036,0.3147991754114628,1839.2348214084777,0.39677540957927704
The_Long_Wait_-_Dark_Horses,nvidia/canary-1b-v2,been,305,222.38,224.16,unknown,0.07456105802920086,0.1824924275693508,0.7494697414767679,1767.9359837785703,0.439619460577116
The_Long_Wait_-_Dark_Horses,nvidia/canary-1b-v2,i,306,225.05,225.4,unknown,0.10764435414028795,0.5905289183321752,0.2267966842965076,1896.3991731728886,0.4315187750678313
The_Long_Wait_-_Dark_Horses,nvidia/canary-1b-v2,guess,307,225.4,225.84,unknown,0.0932022430934012,0.511219885510703,0.21271615708246827,3012.129620823905,0.6517607662826777
The_Long_Wait_-_Dark_Horses,nvidia/canary-1b-v2,it,308,225.84,226.18,unknown,0.0558167269101014,0.645963579416275,0.09682688157300691,2315.1891312506523,0.5575006845835093
The_Long_Wait_-_Dark_Horses,nvidia/canary-1b-v2,all,309,226.18,226.56,unknown,0.14500794808069864,0.5690514317580632,0.26786577169384274,1939.3964455258201,0.4455716432560058
The_Long_Wait_-_Dark_Horses,nvidia/canary-1b-v2,depends,310,226.56,227.37,unknown,0.1425238788213538,0.405679711836508,0.4024846302024249,1889.4901694596538,0.4475435263466561
The_Long_Wait_-_Dark_Horses,nvidia/canary-1b-v2,on,311,227.37,227.68,unknown,0.18459806591272354,0.33277150506482406,0.5402572154998779,1322.8708344761442,0.31539784021237316
The_Long_Wait_-_Dark_Horses,nvidia/canary-1b-v2,where,312,227.68,228.01,unknown,0.16464990115648992,0.5458030289894825,0.2910738929703429,2133.347996396442,0.5031558532972593
The_Long_Wait_-_Dark_Horses,nvidia/canary-1b-v2,you're,313,228.01,228.36,unknown,0.2622019027016665,0.5414970556372091,0.489723433789454,1931.1687860351733,0.37223266065120697
The_Long_Wait_-_Dark_Horses,nvidia/canary-1b-v2,headed,314,228.36,228.9,unknown,0.17211097247641663,0.4362472778764264,0.4336235947136221,2192.249915902131,0.45813749576437063
The_Long_Wait_-_Dark_Horses,nvidia/canary-1b-v2,to,315,228.9,229.52,unknown,0.10814195449518807,0.275527531555032,0.45965957093764753,2301.4416037268998,0.4924959890982684
The_Long_Wait_-_Dark_Horses,nvidia/canary-1b-v2,when,316,229.52,229.94,unknown,0.17348963105016285,0.7076961186197069,0.2614480793476105,1687.0990339754435,0.3886258300807741
The_Long_Wait_-_Dark_Horses,nvidia/canary-1b-v2,a,317,229.94,229.98,unknown,0.22827990849812826,0.9186113973458608,0.24855650464693704,1685.456795223822,0.3880556176106135
The_Long_Wait_-_Dark_Horses,nvidia/canary-1b-v2,right,318,229.98,230.24,unknown,0.16221074839787825,0.7264387258993728,0.28040263269628796,1706.8804972499015,0.4079198720199721
The_Long_Wait_-_Dark_Horses,nvidia/canary-1b-v2,turns,319,230.24,230.65,unknown,0.17434317237801022,0.5902268287208345,0.32563948267036014,1776.5734150809553,0.43413096732563444
The_Long_Wait_-_Dark_Horses,nvidia/canary-1b-v2,wrong,320,230.65,231.14,unknown,0.17769530387419574,0.7309001892242791,0.2609512349063495,2033.1286476567184,0.49265135515410946
The_Long_Wait_-_Dark_Horses,nvidia/canary-1b-v2,again,321,231.14,232.38,unknown,0.17543188535344245,0.2605791887991242,1.0598661577078834,1697.7610822735135,0.4045300907385883
The_Long_Wait_-_Dark_Horses,nvidia/canary-1b-v2,when,322,232.41,232.8,unknown,0.13932560869427615,0.5809934779481832,0.28799113631248474,1457.462834291851,0.3569092587676159
The_Long_Wait_-_Dark_Horses,nvidia/canary-1b-v2,a,323,232.8,232.88,unknown,0.14952451487382254,0.7683836023012797,0.19625522858566707,1529.6894334443427,0.3634405301676856
The_Long_Wait_-_Dark_Horses,nvidia/canary-1b-v2,right,324,232.88,233.19,unknown,0.22356275030795267,0.6726445752908202,0.3990924143615891,1672.9855958603605,0.41534365100019116
The_Long_Wait_-_Dark_Horses,nvidia/canary-1b-v2,turns,325,233.19,233.63,unknown,0.24036814210315546,0.48442471989740926,0.4789069940646489,1759.5477471130644,0.39938210882246494
The_Long_Wait_-_Dark_Horses,nvidia/canary-1b-v2,wrong,326,233.63,234.03,unknown,0.2527258921075951,0.6534453366290439,0.39407955279404466,1756.2653620383242,0.43737183849919925
The_Long_Wait_-_Dark_Horses,nvidia/canary-1b-v2,again,327,234.03,236.13,unknown,0.16314221653259464,0.3129666207192673,0.7517357307010227,1758.0201308624323,0.43197786291440327
The_Long_Wait_-_Dark_Horses,nvidia/canary-1b-v2,oh,328,236.54,241.91,unknown,0.22103773868068377,0.6198225908617421,0.49708983605850865,1653.5491431203275,0.3867289310236841
The_Long_Wait_-_Dark_Horses,nvidia/canary-1b-v2,oh,329,242.38,243.85,unknown,0.19045005054979386,0.45834275978747047,0.5581000704742685,1579.7027085252926,0.39109407667117785
The_Long_Wait_-_Dark_Horses,nvidia/canary-1b-v2,oh,330,243.89,251.38,unknown,0.3409821519907564,0.600514385458082,0.6099310436472297,1389.0966195676258,0.28798226106911895
The_Long_Wait_-_Dark_Horses,nvidia/canary-1b-v2,oh,331,251.41,252.74,unknown,0.355054113279346,0.5540246993932926,0.6405138870779897,1113.0519594293148,0.2235965651105827
The_Long_Wait_-_Dark_Horses,nvidia/canary-1b-v2,oh,332,252.74,254.32,unknown,0.17113609644858277,0.5086561922641362,0.3565168552100658,1336.4654671155672,0.276804617748541
The_Long_Wait_-_Dark_Horses,nvidia/canary-1b-v2,oh,333,254.32,254.35,unknown,0.12635804899036884,0.3101354390382767,0.41822291165590286,1758.2858981504457,0.3304026499390602
The_Long_Wait_-_Dark_Horses,nvidia/canary-1b-v2,oh,334,254.38,256.59,unknown,0.17132182859418765,0.43939122694391236,0.4168827797164394,1281.8302542995757,0.2689697655695903
The_Long_Wait_-_Dark_Horses,nvidia/canary-1b-v2,oh,335,256.62,257.58,unknown,0.10286705198590286,0.1999003609570746,0.701301730166261,1202.92939580341,0.26924821146978783
The_Long_Wait_-_Dark_Horses,nvidia/canary-1b-v2,oh,336,260.26,260.29,unknown,0.013246293412521482,0.012388675706461072,1.100718930363655,3418.169375455962,0.7240942716598511
The_Long_Wait_-_Dark_Horses,nvidia/canary-1b-v2,oh,337,260.91,260.94,unknown,0.02420724555850029,0.02745302114635706,0.9228869378566742,3759.949346207145,0.7313473969697952
The_Mountaineering_Club_-_Mallory,nvidia/canary-1b-v2,this,0,38.36,39.97,correct,0.18641106579775754,0.5338491389307198,0.6630768594628125,2149.510638341844,0.47039669597079986
The_Mountaineering_Club_-_Mallory,nvidia/canary-1b-v2,is,1,39.97,40.06,correct,0.028283285654403946,0.030065922743894836,0.9688270633870905,2686.349332212179,0.5821596925908868
The_Mountaineering_Club_-_Mallory,nvidia/canary-1b-v2,my,2,40.66,41.45,correct,0.24904272556304932,0.3301622625659494,0.8544500438606037,1615.9702884425574,0.3868992800221724
The_Mountaineering_Club_-_Mallory,nvidia/canary-1b-v2,last,3,41.48,42.28,correct,0.2657872254765311,0.6275841068952929,0.5879202675680781,2146.0457592322286,0.4742931345867556
The_Mountaineering_Club_-_Mallory,nvidia/canary-1b-v2,chance,4,42.28,43.13,substitution,0.12483413604533543,0.4240411501377821,0.7231799427257932,2126.758007675657,0.46982722648459935
The_Mountaineering_Club_-_Mallory,nvidia/canary-1b-v2,the,5,43.99,44.7,correct,0.1017981552361668,0.26276352921766893,1.3355630699109722,2076.3395084446893,0.5155976999115635
The_Mountaineering_Club_-_Mallory,nvidia/canary-1b-v2,highest,6,44.73,45.56,correct,0.14375799592961086,0.4933708473788888,0.6559102456556277,2226.104982548599,0.502961086758067
The_Mountaineering_Club_-_Mallory,nvidia/canary-1b-v2,point,7,45.56,45.9,correct,0.1570795303896854,0.5447491425040522,0.5781644986648309,1971.0627428648215,0.4869695423465026
The_Mountaineering_Club_-_Mallory,nvidia/canary-1b-v2,on,8,45.9,46.42,substitution,0.12266221669103418,0.44978918274864554,0.42497599497437477,1981.6579067929208,0.46670050972274374
The_Mountaineering_Club_-_Mallory,nvidia/canary-1b-v2,earth,9,46.42,47.22,correct,0.08411810495132624,0.34966391959595816,0.6502469885487889,2015.1866898600092,0.4962264250877292
The_Mountaineering_Club_-_Mallory,nvidia/canary-1b-v2,and,10,47.22,47.64,correct,0.14135113848454278,0.32565409860209277,0.6841211280097133,2077.381616452469,0.49895775188570435
The_Mountaineering_Club_-_Mallory,nvidia/canary-1b-v2,i,11,47.98,48.37,correct,0.11246037318609482,0.6306223028967547,0.3617298682761747,2014.5115605786675,0.48528461400852646
The_Mountaineering_Club_-_Mallory,nvidia/canary-1b-v2,could,12,48.4,48.76,correct,0.06039798962883651,0.15961396060883998,0.817349261790514,2489.9643743984343,0.5729160949587822
The_Mountaineering_Club_-_Mallory,nvidia/canary-1b-v2,be,13,48.76,49.11,correct,0.13626400616608167,0.8872319500109083,0.21788086800983078,2219.670806126921,0.5184847916427412
The_Mountaineering_Club_-_Mallory,nvidia/canary-1b-v2,the,14,49.11,49.31,substitution,0.09660697999325665,0.38565393367951567,0.5740042962133884,2047.889127702113,0.5176489773121747
The_Mountaineering_Club_-_Mallory,nvidia/canary-1b-v2,first,15,49.31,50.33,correct,0.12334131469780749,0.3658205924894322,0.8744095800275152,2185.2973268096866,0.4938869793306698
The_Mountaineering_Club_-_Mallory,nvidia/canary-1b-v2,man,16,50.33,51.06,substitution,0.15293763733551471,0.35736813521177707,1.546542521518997,1725.7323728098513,0.4260621666908264
The_Mountaineering_Club_-_Mallory,nvidia/canary-1b-v2,twice,17,51.06,51.95,correct,0.1443849082958574,0.5771841484044368,0.6691849946510047,2362.390779473477,0.5088301363090674
The_Mountaineering_Club_-_Mallory,nvidia/canary-1b-v2,now,18,51.95,53.0,substitution,0.12752525791921446,0.389626731222446,0.6348830139742488,1716.9716581186856,0.39487941101589036
The_Mountaineering_Club_-_Mallory,nvidia/canary-1b-v2,i've,19,53.57,54.3,correct,0.13290935616271618,0.3446425632215463,0.7112985686996044,1801.914590657633,0.4407939626238285
The_Mountaineering_Club_-_Mallory,nvidia/canary-1b-v2,left,20,54.3,55.02,correct,0.17837187628715467,0.6741433741572576,0.5480727455936946,2073.199377931009,0.47526537015652043
The_Mountaineering_Club_-_Mallory,nvidia/canary-1b-v2,home,21,55.02,56.37,correct,0.12649468189940372,0.3799533385141142,0.9222636564538397,1919.0195805725289,0.4433235096520391
The_Mountaineering_Club_-_Mallory,nvidia/canary-1b-v2,and,22,56.67,57.52,substitution,0.09435001232296876,0.23200534911745269,0.9918242756115354,1817.8541480404788,0.44668777173627977
The_Mountaineering_Club_-_Mallory,nvidia/canary-1b-v2,twice,23,57.52,58.07,substitution,0.16759142006436983,0.5885044043883682,0.5068150594830513,2099.9667703771966,0.47900940974553424
The_Mountaineering_Club_-_Mallory,nvidia/canary-1b-v2,i,24,58.07,58.12,substitution,0.15749779343605042,0.503354142109553,0.32773104558388394,1692.8638384497679,0.398195485273997
The_Mountaineering_Club_-_Mallory,nvidia/canary-1b-v2,have,25,58.12,58.81,correct,0.34271779388189316,0.45484154363473256,0.7005204931894938,1704.9319028820335,0.3581783511241277
The_Mountaineering_Club_-_Mallory,nvidia/canary-1b-v2,returned,26,58.81,59.63,substitution,0.16821149177849293,0.42743097161027516,0.528093720362945,1981.9480298388125,0.4216744222424247
The_Mountaineering_Club_-_Mallory,nvidia/canary-1b-v2,a,27,59.63,60.61,correct,0.07067410417674284,0.15838859042258197,0.9513782289511753,2369.854089568945,0.5616222808383545
The_Mountaineering_Club_-_Mallory,nvidia/canary-1b-v2,failure,28,60.64,61.42,substitution,0.10706802958711273,0.5843443569860288,0.36093844934588387,2268.4880380377717,0.5367353735935121
The_Mountaineering_Club_-_Mallory,nvidia/canary-1b-v2,here's,29,61.42,61.99,correct,0.127807553136541,0.6380016969576958,0.3331237875165478,2230.930239458966,0.5260227673476742
The_Mountaineering_Club_-_Mallory,nvidia/canary-1b-v2,a,30,61.99,62.08,correct,0.09160156846046448,0.7606512308120728,0.1437414638698101,2006.0778780726298,0.4880100697278976
The_Mountaineering_Club_-_Mallory,nvidia/canary-1b-v2,third,31,62.08,62.78,correct,0.1168435238497822,0.5098868254572153,0.7117706207852614,2390.1379950423798,0.5118055837719064
The_Mountaineering_Club_-_Mallory,nvidia/canary-1b-v2,and,32,62.78,63.19,substitution,0.08010435596936279,0.08575270879599783,1.0175550818443297,2094.6036647360343,0.5055820677015517
The_Mountaineering_Club_-_Mallory,nvidia/canary-1b-v2,last,33,63.19,63.87,correct,0.13041568159648817,0.31426521158483745,1.3092413873296895,1908.1412710642612,0.4598816163735847
The_Mountaineering_Club_-_Mallory,nvidia/canary-1b-v2,mountain,34,63.87,64.7,correct,0.18434461537334654,0.6573656347062853,0.5550835491054588,1657.1984674269104,0.35735227945778103
The_Mountaineering_Club_-_Mallory,nvidia/canary-1b-v2,of,35,64.7,64.82,correct,0.0688241326383182,0.05455375382942813,1.277883665902274,2474.0291636624256,0.5577921675784248
The_Mountaineering_Club_-_Mallory,nvidia/canary-1b-v2,my,36,83.17,83.55,correct,0.26782537322668803,1.0774560472262757,0.263235289426077,1878.7353229409266,0.4199021641342413
The_Mountaineering_Club_-_Mallory,nvidia/canary-1b-v2,mind,37,83.55,83.85,substitution,0.2737476439215243,0.46776323509402573,0.6738883634097874,1694.9431762596832,0.37699749507009983
The_Mountaineering_Club_-_Mallory,nvidia/canary-1b-v2,i,38,83.85,83.88,correct,0.10720091313123703,0.21979543566703796,0.4942750811576843,2423.5356914790514,0.5967815756797791
The_Mountaineering_Club_-_Mallory,nvidia/canary-1b-v2,hear,39,83.88,84.15,correct,0.18542427072922388,0.8563493226965269,0.2643415572742621,2353.7244860492137,0.5483939896027247
The_Mountaineering_Club_-_Mallory,nvidia/canary-1b-v2,you,40,84.15,84.92,correct,0.1735684783254043,0.415693268157452,1.0028199174677033,1361.6827771126943,0.3073646756539862
The_Mountaineering_Club_-_Mallory,nvidia/canary-1b-v2,call,41,85.58,86.24,substitution,0.13503541141538553,0.3488841578364372,0.8715331158797506,1979.1419474946538,0.48559859646877773
The_Mountaineering_Club_-_Mallory,nvidia/canary-1b-v2,my,42,86.27,86.69,substitution,0.397632098197937,1.2393750353819795,0.36458609501520794,1519.350254378686,0.32405775123172337
The_Mountaineering_Club_-_Mallory,nvidia/canary-1b-v2,name,43,86.69,87.18,substitution,0.21859213309707465,1.1058248303554676,0.1990571280044538,1989.716170895827,0.45392685797479415
The_Mountaineering_Club_-_Mallory,nvidia/canary-1b-v2,and,44,87.18,88.18,correct,0.13293258925882456,0.5121457368205083,0.4707315943647768,1756.545857938054,0.40778678502434884
The_Mountaineering_Club_-_Mallory,nvidia/canary-1b-v2,know,45,88.18,88.26,substitution,0.041580050997436044,0.03392129596322775,1.2209331154823304,2872.1290264955796,0.5658584177494049
The_Mountaineering_Club_-_Mallory,nvidia/canary-1b-v2,i,46,88.76,92.68,correct,0.13431952560769486,0.492167097336317,0.6440352539671919,2099.0849386405107,0.5045273578181187
The_Mountaineering_Club_-_Mallory,nvidia/canary-1b-v2,must,47,92.71,93.99,correct,0.17041629906335887,0.7908635987852611,0.2719230035687015,2114.2141271646155,0.49058620370652556
The_Mountaineering_Club_-_Mallory,nvidia/canary-1b-v2,return,48,93.99,95.08,correct,0.12365469502078162,0.43281357620771116,0.6677555711223528,2181.201777614016,0.5028689878109174
The_Mountaineering_Club_-_Mallory,nvidia/canary-1b-v2,soon,49,95.08,95.6,substitution,0.19186074482767204,0.4486721797862597,0.7338812968187165,2251.331772196937,0.5090906447485873
The_Mountaineering_Club_-_Mallory,nvidia/canary-1b-v2,this,50,95.6,96.68,correct,0.13315976785238962,0.3850220792669931,1.2787339984086052,2249.5395637183365,0.5187677833540686
The_Mountaineering_Club_-_Mallory,nvidia/canary-1b-v2,is,51,96.71,97.7,correct,0.10581734149812538,0.32042775995959744,0.996562383024492,2151.6381050857,0.5037929231875411
The_Mountaineering_Club_-_Mallory,nvidia/canary-1b-v2,my,52,98.21,99.05,correct,0.15507301647257019,0.4171499860073839,0.7707566595994509,1741.984876188256,0.4281632449928221
The_Mountaineering_Club_-_Mallory,nvidia/canary-1b-v2,last,53,99.05,99.96,correct,0.21620178868880077,0.6960635078424702,0.4920026262347795,2471.6899416429433,0.5098936901408799
The_Mountaineering_Club_-_Mallory,nvidia/canary-1b-v2,chance,54,99.96,100.91,correct,0.19004145960378296,0.47628777861302973,0.570665778920931,1931.9099182177304,0.4108362903489786
The_Mountaineering_Club_-_Mallory,nvidia/canary-1b-v2,the,55,101.46,102.3,correct,0.09508354902513079,0.3676932877400419,0.5968734983068246,2062.61796371078,0.5063086594199087
The_Mountaineering_Club_-_Mallory,nvidia/canary-1b-v2,highest,56,102.33,103.04,substitution,0.18481913777558426,0.7275192902276391,0.3543648680574016,2180.717744204476,0.481601215114719
The_Mountaineering_Club_-_Mallory,nvidia/canary-1b-v2,point,57,103.04,103.18,correct,0.11380171799100935,0.12562555400654674,1.0336267687380314,2339.9026616978035,0.5275039952248335
The_Mountaineering_Club_-_Mallory,nvidia/canary-1b-v2,on,58,103.18,104.05,correct,0.16178389222539485,0.6270448290445703,0.4060246540193862,1788.929384254317,0.42102854904976295
The_Mountaineering_Club_-_Mallory,nvidia/canary-1b-v2,earth,59,104.05,104.73,substitution,0.09710340539144503,0.39923256560153253,0.6010536327958107,2003.1315888126335,0.4816230982542038
The_Mountaineering_Club_-_Mallory,nvidia/canary-1b-v2,and,60,104.78,105.18,substitution,0.10783718162300912,0.4117079166356813,0.3969802897084843,2035.0759442755725,0.5056512220339342
The_Mountaineering_Club_-_Mallory,nvidia/canary-1b-v2,i,61,105.21,105.98,correct,0.12735825036484075,0.42032692653228,0.6118394132838192,2102.470287466827,0.5002891044300722
The_Mountaineering_Club_-_Mallory,nvidia/canary-1b-v2,could,62,106.01,106.34,substitution,0.11496581240660614,0.29864147853934103,0.684849965489573,2134.1609302121565,0.48162972720132935
The_Mountaineering_Club_-_Mallory,nvidia/canary-1b-v2,be,63,106.34,106.7,correct,0.244227206800133,1.0517740003764628,0.29135762751102445,2299.2455603219,0.4933340847492218
The_Mountaineering_Club_-_Mallory,nvidia/canary-1b-v2,the,64,106.7,109.73,correct,0.15918783247930768,0.46874908054316483,0.7591052383046459,1910.1614435168642,0.4484506032809063
The_Mountaineering_Club_-_Mallory,nvidia/canary-1b-v2,first,65,115.98,116.82,substitution,0.14023885501341687,0.6159463206099139,0.30447632148861886,1971.5495239173163,0.48246896962324776
The_Mountaineering_Club_-_Mallory,nvidia/canary-1b-v2,man,66,116.82,118.25,correct,0.2771052181140169,0.421581558496147,0.6221558623886728,1448.3271219265998,0.33138231817003966
The_Mountaineering_Club_-_Mallory,nvidia/canary-1b-v2,there,67,119.1,119.37,correct,0.06652499064803123,0.6749601832901438,0.32269557217756906,1868.6631663812852,0.47460319300492604
The_Mountaineering_Club_-_Mallory,nvidia/canary-1b-v2,on,68,119.37,119.44,substitution,0.08509817057185703,0.755849023660024,0.11209961275259654,1662.7105909916784,0.42486979564030963
The_Mountaineering_Club_-_Mallory,nvidia/canary-1b-v2,the,69,119.44,121.47,correct,0.05992280165686311,0.5171608694223901,0.1808063910269792,1959.5820176231489,0.49322192137417153
The_Mountaineering_Club_-_Mallory,nvidia/canary-1b-v2,sky,70,122.32,122.41,substitution,0.03622627596963535,0.4952797937122258,0.17513024400581012,2034.9579973355349,0.5355577848174355
The_Mountaineering_Club_-_Mallory,nvidia/canary-1b-v2,line,71,122.41,122.51,correct,0.036814657632600174,0.7721690156243064,0.048954016444357956,2007.4663388371691,0.5372268449176442
The_Mountaineering_Club_-_Mallory,nvidia/canary-1b-v2,there's,72,122.51,122.68,correct,0.0370173942493765,0.22332201153039932,0.23022087526164556,3172.3607375071306,0.7099710420558327
The_Mountaineering_Club_-_Mallory,nvidia/canary-1b-v2,a,73,122.68,122.71,correct,0.07547164484858512,0.3032461553812027,0.24866273403167724,4295.468930290761,0.8010441660881042
The_Mountaineering_Club_-_Mallory,nvidia/canary-1b-v2,silhouette,74,122.71,123.59,substitution,0.11717193863017762,0.573000199537962,0.22996449169326336,2280.1505680288096,0.5233813473518859
The_Mountaineering_Club_-_Mallory,nvidia/canary-1b-v2,it's,75,123.59,123.87,correct,0.034262987454572034,0.1208372275915838,0.28973775669451685,3964.454569810316,0.7608164471964682
The_Mountaineering_Club_-_Mallory,nvidia/canary-1b-v2,the,76,123.87,124.54,substitution,0.07024836616769228,0.32287732425005466,0.25106886662032507,1826.2801531712514,0.42266765236854553
The_Mountaineering_Club_-_Mallory,nvidia/canary-1b-v2,last,77,125.43,126.4,correct,0.041313395772774056,0.6876073941731682,0.06864714436233044,1681.1799264284184,0.3854879835763803
The_Mountaineering_Club_-_Mallory,nvidia/canary-1b-v2,time,78,126.4,126.49,correct,0.03505267338319258,0.7345642704855312,0.0669966172426939,1646.2428186764535,0.41720424457029864
The_Mountaineering_Club_-_Mallory,nvidia/canary-1b-v2,we,79,126.49,127.2,substitution,0.05093082096917849,0.4417201911932544,0.22685522032215408,956.9165547429702,0.24036626106030062
The_Mountaineering_Club_-_Mallory,nvidia/canary-1b-v2,will,80,127.23,127.78,correct,0.04696852638054702,0.4391375045781418,0.1906885290044849,868.2714518164005,0.2117342528397754
The_Mountaineering_Club_-_Mallory,nvidia/canary-1b-v2,see,81,128.74,128.81,correct,0.10752371419221163,0.46072057308629155,0.49548900313675404,1631.798982482663,0.4034275021404028
The_Mountaineering_Club_-_Mallory,nvidia/canary-1b-v2,you,82,128.81,129.01,substitution,0.09078893778116806,0.798892705336861,0.11519378715235254,1634.6158389576908,0.41491173013396887
The_Mountaineering_Club_-_Mallory,nvidia/canary-1b-v2,in,83,129.01,129.19,correct,0.07117034271359443,0.9504058271646499,0.07869855854660272,1376.8784956095533,0.345580118894577
The_Mountaineering_Club_-_Mallory,nvidia/canary-1b-v2,the,84,129.19,129.31,substitution,0.06739687121340207,0.6824851797095367,0.13547517039946147,1648.3934840536538,0.41018160964761463
The_Mountaineering_Club_-_Mallory,nvidia/canary-1b-v2,future,85,129.31,131.14,correct,0.04475754571660441,0.2486143435199498,0.48232333219553136,1456.1507673221502,0.35518091757382664
The_Mountaineering_Club_-_Mallory,nvidia/canary-1b-v2,they,86,131.79,132.28,substitution,0.07383385260220406,0.4817384702048071,0.5826115649685545,1036.1337071452342,0.26045852843320594
The_Mountaineering_Club_-_Mallory,nvidia/canary-1b-v2,will,87,132.28,132.55,correct,0.06061428338289261,0.6039298745493095,0.1312853541225195,903.487254404225,0.22048541605472566
The_Mountaineering_Club_-_Mallory,nvidia/canary-1b-v2,find,88,132.55,133.19,correct,0.061121338600481766,0.46918512756625813,0.333540061785691,1111.9268113327032,0.2807591466800026
The_Mountaineering_Club_-_Mallory,nvidia/canary-1b-v2,your,89,133.19,133.4,substitution,0.04759270139038563,0.4823602791875601,0.1298615224659443,1123.479385128645,0.2853599867473046
The_Mountaineering_Club_-_Mallory,nvidia/canary-1b-v2,bones,90,133.4,134.42,correct,0.050700380009683695,0.45377512621608646,0.32430157194083387,1186.0836247108223,0.27193675352768465
The_Mountaineering_Club_-_Mallory,nvidia/canary-1b-v2,for,91,135.02,135.53,correct,0.043441041745245455,0.603262625600804,0.43450938029722735,2528.120905805526,0.5709412878209894
The_Mountaineering_Club_-_Mallory,nvidia/canary-1b-v2,the,92,135.53,135.69,substitution,0.06136134225461218,0.4006328334410985,0.2063736712767018,1835.1160113680182,0.44516320526599884
The_Mountaineering_Club_-_Mallory,nvidia/canary-1b-v2,moment,93,135.69,137.46,correct,0.0837672089079493,0.40065261421872206,0.39466585411052957,844.3779852583278,0.19337076827099448
The_Mountaineering_Club_-_Mallory,nvidia/canary-1b-v2,you're,94,138.23,138.72,substitution,0.06537597166058028,0.7115125011011325,0.5005983283637829,924.0454616559025,0.23315948852390614
The_Mountaineering_Club_-_Mallory,nvidia/canary-1b-v2,not,95,138.72,139.15,correct,0.040318458559031184,0.3992949517324884,0.2641134599738933,997.6606821369634,0.25483480872626
The_Mountaineering_Club_-_Mallory,nvidia/canary-1b-v2,going,96,139.15,139.76,correct,0.04378750544944496,0.4330700480125167,0.1949366070894581,1151.0546049699553,0.2954325249249285
The_Mountaineering_Club_-_Mallory,nvidia/canary-1b-v2,home,97,139.76,140.99,substitution,0.04602012254128402,0.19381425861678453,0.8473351920080004,954.0702039057616,0.22520767677236686
The_Mountaineering_Club_-_Mallory,nvidia/canary-1b-v2,as,98,141.57,142.04,substitution,0.04830559186053043,0.3557335675383608,0.21788830806811652,2137.5604052627323,0.49795930233656194
The_Mountaineering_Club_-_Mallory,nvidia/canary-1b-v2,the,99,142.04,142.14,substitution,0.04980009483794371,0.4466840084642172,0.2775487285107374,1278.4139678764348,0.3331263003249963
The_Mountaineering_Club_-_Mallory,nvidia/canary-1b-v2,clouds,100,142.14,142.99,correct,0.04633981760834222,0.3885419661908046,0.30540712189901137,1234.1373185658545,0.3150974991528884
The_Mountaineering_Club_-_Mallory,nvidia/canary-1b-v2,start,101,142.99,143.69,substitution,0.055855062877138456,0.2950935304413239,0.2735945119460424,1245.978047851524,0.3042579907178879
The_Mountaineering_Club_-_Mallory,nvidia/canary-1b-v2,closing,102,144.69,145.45,correct,0.06002864025805781,0.62238537917402,0.28060160091192254,1266.8776621493464,0.31709920415064186
The_Mountaineering_Club_-_Mallory,nvidia/canary-1b-v2,in,103,145.45,145.57,substitution,0.07412658618496996,0.201022528644119,0.6543335081743342,821.4137920109346,0.18670234509876796
The_Mountaineering_Club_-_Mallory,nvidia/canary-1b-v2,again,104,145.57,146.27,correct,0.05192770600613011,0.5624353741050551,0.21396051827622087,1300.018942817883,0.3239671613432859
The_Mountaineering_Club_-_Mallory,nvidia/canary-1b-v2,we,105,146.27,146.33,correct,0.024103706968682154,0.054318140393921306,0.5219775991780418,1389.2858339372074,0.3343027744974409
The_Mountaineering_Club_-_Mallory,nvidia/canary-1b-v2,say,106,146.33,146.42,substitution,0.07721958241679451,0.397105104543946,0.2776387726718729,1978.245738925865,0.498114214702086
The_Mountaineering_Club_-_Mallory,nvidia/canary-1b-v2,farewell,107,146.42,147.13,substitution,0.04884719669720844,0.515928198730475,0.20093252176516935,1475.2390102186964,0.37109315414962013
The_Mountaineering_Club_-_Mallory,nvidia/canary-1b-v2,for,108,147.59,147.65,substitution,0.01945857156533748,0.029430448543280363,0.6840822026133537,1590.4873060136867,0.4221833162009716
The_Mountaineering_Club_-_Mallory,nvidia/canary-1b-v2,the,109,147.65,148.76,substitution,0.05045279980237995,0.4958644184056951,0.4497647087301026,1366.3248574654663,0.3375136144146198
The_Mountaineering_Club_-_Mallory,nvidia/canary-1b-v2,last,110,148.79,149.51,substitution,0.04649616324175627,0.445094561108794,0.32284552350831336,1067.7853165428883,0.2546989220457199
The_Mountaineering_Club_-_Mallory,nvidia/canary-1b-v2,time,111,149.51,150.28,substitution,0.07017793924918017,0.28307187470820655,0.46485984810145503,835.1660172691921,0.20414528421249734
The_Mountaineering_Club_-_Mallory,nvidia/canary-1b-v2,don't,112,151.15,152.37,substitution,0.06613102583712294,0.6847278528086101,0.14687036683086221,1753.1771660914715,0.42253599833441147
The_Mountaineering_Club_-_Mallory,nvidia/canary-1b-v2,forget,113,152.37,152.8,substitution,0.054438094826454814,0.11808565255016723,0.5879856449492434,2768.095120572369,0.5827399422513678
The_Mountaineering_Club_-_Mallory,nvidia/canary-1b-v2,me,114,152.8,152.91,correct,0.08634729454150566,0.5926958826872019,0.14595678448677063,2052.024116042977,0.47445889848929185
The_Mountaineering_Club_-_Mallory,nvidia/canary-1b-v2,don't,115,152.91,153.57,substitution,0.1417888242646422,0.3642982528348204,0.6037048523274946,1228.5963884037133,0.26063655442754985
The_Mountaineering_Club_-_Mallory,nvidia/canary-1b-v2,forget,116,187.49,188.27,substitution,0.40921006220228534,0.6688870402600835,0.8496690557283514,1950.3974424330686,0.4353199893937391
The_Mountaineering_Club_-_Mallory,nvidia/canary-1b-v2,me,117,188.27,188.33,correct,0.1431108777012144,0.16322544429983413,0.8745284846850804,1737.0266984009759,0.42491092000688824
The_Mountaineering_Club_-_Mallory,nvidia/canary-1b-v2,the,118,188.33,188.39,substitution,0.5151793190411159,0.7693686421428408,0.7766454475266593,2297.1782820012727,0.5397465186459678
The_Mountaineering_Club_-_Mallory,nvidia/canary-1b-v2,mountain,119,188.39,190.14,correct,0.28342428403173353,0.6395901794882214,0.9354693265037334,1915.2109124651506,0.4277079847264797
The_Mountaineering_Club_-_Mallory,nvidia/canary-1b-v2,side,120,190.8,191.55,correct,0.23631266486129643,0.6717170759299655,0.5922756415826304,2125.009603427668,0.5075630490426664
The_Mountaineering_Club_-_Mallory,nvidia/canary-1b-v2,has,121,191.55,192.31,substitution,0.24000209379123477,0.6066124042178073,0.7433606168118919,1951.3451362675717,0.4473897774771946
The_Mountaineering_Club_-_Mallory,nvidia/canary-1b-v2,claimed,122,192.31,193.68,correct,0.2325295804917407,0.511217293690662,1.1315351190412937,1941.6173706055931,0.45352328026375804
The_Mountaineering_Club_-_Mallory,nvidia/canary-1b-v2,us,123,194.32,195.98,correct,0.2520085626355048,0.6080453140933192,0.6027109136574724,2208.972603842768,0.5088858642939771
The_Mountaineering_Club_-_Mallory,nvidia/canary-1b-v2,don't,124,195.98,198.48,correct,0.27819300434593836,0.6674693053755075,0.7831961883426602,2104.6221689788167,0.5004814151507705
The_Mountaineering_Club_-_Mallory,nvidia/canary-1b-v2,forget,125,200.3,201.1,substitution,0.2512642430618059,0.642266032112719,0.6166279302086941,2126.7491515048364,0.4849540211780127
The_Mountaineering_Club_-_Mallory,nvidia/canary-1b-v2,me,126,201.1,201.16,unknown,0.24669245816767216,0.3371320627629757,0.7960817217826843,2203.999695034421,0.5504610538482666
The_Mountaineering_Club_-_Mallory,nvidia/canary-1b-v2,don't,127,201.16,202.53,unknown,0.29745393499833384,0.7624938443911319,0.6001130313086672,1904.5008459273436,0.42840038016945325
The_Mountaineering_Club_-_Mallory,nvidia/canary-1b-v2,forget,128,202.53,203.1,unknown,0.13886153283378772,0.059718068689107895,2.7261180348934664,2207.8996925544616,0.4911593415083424
The_Mountaineering_Club_-_Mallory,nvidia/canary-1b-v2,me,129,203.1,203.16,unknown,0.2339950129389763,0.022185164902891432,10.764472757066999,1365.417965606024,0.33479986020496916
The_Mountaineering_Club_-_Mallory,nvidia/canary-1b-v2,the,130,203.49,206.35,unknown,0.2543051250193731,0.5876695148439871,0.888400150864732,1928.0715848520406,0.4329480858507499
The_Mountaineering_Club_-_Mallory,nvidia/canary-1b-v2,mountain,131,207.08,208.55,unknown,0.25127346042685117,0.6399010611356154,0.6581600400843198,2182.71341618021,0.5118899534963355
The_Mountaineering_Club_-_Mallory,nvidia/canary-1b-v2,side,132,208.55,209.03,unknown,0.26311591410866153,0.7977535260411409,0.3737607750181968,2686.9996291159314,0.610160482617525
The_Mountaineering_Club_-_Mallory,nvidia/canary-1b-v2,has,133,209.03,209.39,unknown,0.29497730884796536,0.605919922200533,0.5356856676248404,2329.3500616266897,0.5466212355173551
The_Mountaineering_Club_-_Mallory,nvidia/canary-1b-v2,claimed,134,209.39,209.95,unknown,0.3661982751772052,1.0050914675974456,0.5339123731265303,2208.920860843513,0.5014916081897548
The_Mountaineering_Club_-_Mallory,nvidia/canary-1b-v2,our,135,209.95,212.47,unknown,0.24566207671606982,0.6380287404999965,0.8657450390634713,1979.9971877143994,0.46255065578001514
The_Mountaineering_Club_-_Mallory,nvidia/canary-1b-v2,lies,136,227.22,227.31,unknown,0.04222536865960468,0.018116386353292248,2.4239034869454126,2059.4084019086877,0.5500096705826846
The_Mountaineering_Club_-_Mallory,nvidia/canary-1b-v2,you're,137,227.42,227.64,unknown,0.3407809347845614,0.6234106984144697,0.835934292525053,2018.931578603005,0.43407513449589413
The_Mountaineering_Club_-_Mallory,nvidia/canary-1b-v2,my,138,227.64,227.7,unknown,0.38868483901023865,1.5473384005682809,0.25422076880931854,2469.5318116773897,0.5098321224961962
The_Mountaineering_Club_-_Mallory,nvidia/canary-1b-v2,last,139,227.7,231.07,unknown,0.3088048575523405,0.6211090821545788,0.7520662341008887,1799.6983419918797,0.3823836704205278
The_Mountaineering_Club_-_Mallory,nvidia/canary-1b-v2,hope,140,231.07,231.21,unknown,0.11797548725735396,0.132305440842174,1.0135765429586172,1653.1238359000095,0.403988441452384
The_Mountaineering_Club_-_Mallory,nvidia/canary-1b-v2,in,141,231.21,231.58,unknown,0.1712030094116926,0.9366246521472931,0.19136884585022926,1752.9883229924394,0.3828601662069559
The_Mountaineering_Club_-_Mallory,nvidia/canary-1b-v2,the,142,231.58,231.66,unknown,0.2948285177350044,0.6218473330140114,0.5010900646448135,1347.2447115221742,0.3083776950836182
The_Mountaineering_Club_-_Mallory,nvidia/canary-1b-v2,sky,143,231.66,232.62,unknown,0.12004079083794529,0.357744653103421,0.5234830501010117,1968.274789579301,0.43032427609545515
The_Mountaineering_Club_-_Mallory,nvidia/canary-1b-v2,line,144,232.71,233.49,unknown,0.18086217627638862,0.3082262527397169,0.8205713902910551,1368.8003617493573,0.30498994638522464
The_Mountaineering_Club_-_Mallory,nvidia/canary-1b-v2,there's,145,234.3,234.83,unknown,0.28412081440093745,0.5594490376595211,0.6545113659741586,2080.6893463828596,0.43633981127487986
The_Mountaineering_Club_-_Mallory,nvidia/canary-1b-v2,a,146,234.83,234.89,unknown,0.19019989030701773,0.39827575428145273,0.4820187730448587,2100.0118605424655,0.522243755204337
The_Mountaineering_Club_-_Mallory,nvidia/canary-1b-v2,silhouette,147,234.89,236.48,unknown,0.11182578077964615,0.5861171502293202,0.2687139788435565,1973.6023247326025,0.42680044419932783
The_Mountaineering_Club_-_Mallory,nvidia/canary-1b-v2,it's,148,237.6,238.01,unknown,0.05740910167382522,0.35116119699721987,0.2533533471551808,2096.402046507465,0.5321696983142332
The_Mountaineering_Club_-_Mallory,nvidia/canary-1b-v2,the,149,238.01,238.13,unknown,0.1967891175299883,0.6554611484919276,0.38007076191050665,1445.9025623196978,0.3819015898874828
The_Mountaineering_Club_-_Mallory,nvidia/canary-1b-v2,last,150,238.13,239.13,unknown,0.10195550044860553,0.46029510423196135,0.3237750212903376,1645.5738700496065,0.407601958071744
The_Mountaineering_Club_-_Mallory,nvidia/canary-1b-v2,time,151,239.13,239.8,unknown,0.07977889325573212,0.27697220178217524,0.5019527874473069,1481.19054207751,0.37219051726990277
The_Mountaineering_Club_-_Mallory,nvidia/canary-1b-v2,that,152,240.4,240.63,unknown,0.1102851966324334,0.5086188351269811,0.43794177644527876,1402.1495002068025,0.3366868444360219
The_Mountaineering_Club_-_Mallory,nvidia/canary-1b-v2,we,153,240.63,241.06,unknown,0.13094934940021088,0.8224570700462829,0.17547242945813118,1413.7990867618412,0.33733671649973446
The_Mountaineering_Club_-_Mallory,nvidia/canary-1b-v2,will,154,241.06,241.34,unknown,0.09380976855754852,0.6016530891259512,0.20006006583571434,1483.4719722929522,0.3696487893660863
The_Mountaineering_Club_-_Mallory,nvidia/canary-1b-v2,see,155,241.34,242.26,unknown,0.056893184781074524,0.42166986465454104,0.2921060052514076,1880.5406096041913,0.4759620489180088
The_Mountaineering_Club_-_Mallory,nvidia/canary-1b-v2,you,156,242.29,243.24,unknown,0.05876386917068386,0.29582587530032967,0.4108296030146234,1244.8943279475586,0.2952583594357266
Tom_McKenzie_-_Directions,nvidia/canary-1b-v2,move,0,16.73,17.19,correct,0.12384961176663638,0.473805562350899,0.42197340339422224,1372.7100746224705,0.264314169883728
Tom_McKenzie_-_Directions,nvidia/canary-1b-v2,in,1,17.19,17.33,correct,0.5703268181532621,0.641311788931489,0.8890144638717175,1357.0362124332437,0.17021664092317224
Tom_McKenzie_-_Directions,nvidia/canary-1b-v2,all,2,17.33,17.53,correct,0.6579320274970748,0.8078898584300821,0.8107605711980299,1308.5044051787174,0.18021920391104437
Tom_McKenzie_-_Directions,nvidia/canary-1b-v2,directions,3,17.53,19.28,substitution,0.1867323873089032,0.39627535833402516,0.46281850393465224,1678.3559681534339,0.2852303271994312
Tom_McKenzie_-_Directions,nvidia/canary-1b-v2,don't,4,19.75,20.02,correct,0.05066183414310217,0.29589922456070783,0.31447989121079445,1660.7327335125879,0.3969548180699348
Tom_McKenzie_-_Directions,nvidia/canary-1b-v2,try,5,20.02,20.3,correct,0.14249409765245452,0.568772267910742,0.28870434289978397,1244.3403450967837,0.2800943082378757
Tom_McKenzie_-_Directions,nvidia/canary-1b-v2,to,6,20.3,20.64,correct,0.05865935412411754,0.46488000744500674,0.41422720142715685,1644.4511642460552,0.39707657573996363
Tom_McKenzie_-_Directions,nvidia/canary-1b-v2,stay,7,20.64,21.07,substitution,0.06500355114645147,0.46902252044132414,0.18997657703275375,1933.5410518261995,0.43019247720850273
Tom_McKenzie_-_Directions,nvidia/canary-1b-v2,still,8,21.07,22.66,correct,0.07000741168137706,0.4614258787338758,0.536621647707203,1565.9845998460135,0.34641242009854456
Tom_McKenzie_-_Directions,nvidia/canary-1b-v2,separate,9,25.06,25.98,substitution,0.06296514598370502,0.5052462218592715,0.26287861379108046,1743.0403094228197,0.38508437829788283
Tom_McKenzie_-_Directions,nvidia/canary-1b-v2,by,10,25.98,26.15,correct,0.08804565099509139,0.6425825416257507,0.18385507244812815,1642.8628214874873,0.37913330605155543
Tom_McKenzie_-_Directions,nvidia/canary-1b-v2,silence,11,26.15,27.6,correct,0.07223657737127863,0.4367835466176845,0.24664377936950097,1866.007529389237,0.4084482310005488
Tom_McKenzie_-_Directions,nvidia/canary-1b-v2,made,12,28.09,28.36,correct,0.06413662806153297,0.2726621131102244,0.40064585010210674,1393.1348846637095,0.32592740704615913
Tom_McKenzie_-_Directions,nvidia/canary-1b-v2,cold,13,28.36,28.79,substitution,0.14708732117129408,0.47439049726918986,0.42840447989494906,1031.4096709815092,0.23462681196953938
Tom_McKenzie_-_Directions,nvidia/canary-1b-v2,by,14,28.79,29.16,correct,0.5590533945800328,0.6805402173138246,0.8045505692319173,1110.151903591818,0.1489697871048276
Tom_McKenzie_-_Directions,nvidia/canary-1b-v2,the,15,29.16,30.82,correct,0.14367890464707037,0.5864782388887128,0.352778875802675,1723.7920926496795,0.33667106817612485
Tom_McKenzie_-_Directions,nvidia/canary-1b-v2,chill,16,33.03,33.12,correct,0.04784139432013035,0.07118955552577973,0.7790521740913391,1815.3067354565333,0.46078723967075347
Tom_McKenzie_-_Directions,nvidia/canary-1b-v2,we,17,33.31,33.43,substitution,0.1338790852863055,0.2463596689586456,0.569152465233436,1100.4634359605602,0.25650661610640013
Tom_McKenzie_-_Directions,nvidia/canary-1b-v2,should,18,33.43,33.84,correct,0.07973774721225103,0.6044053103774786,0.27099839929077363,2419.12462755663,0.5000230915016598
Tom_McKenzie_-_Directions,nvidia/canary-1b-v2,be,19,33.84,34.03,correct,0.22158810709203994,0.6485393456227723,0.5172506286984399,1485.515957358315,0.340665727853775
Tom_McKenzie_-_Directions,nvidia/canary-1b-v2,connected,20,34.03,35.1,correct,0.09115997316396755,0.31580737163515193,0.5448735288951708,1992.9018583368495,0.4492228317519893
Tom_McKenzie_-_Directions,nvidia/canary-1b-v2,we,21,35.33,35.49,substitution,0.1049204734671447,0.3334686605570217,0.42699404805898666,1416.575838874479,0.32548826105064815
Tom_McKenzie_-_Directions,nvidia/canary-1b-v2,should,22,35.49,35.89,correct,0.16799147515981036,0.5250139271586456,0.39668784832412546,2956.117508405216,0.44337123937227507
Tom_McKenzie_-_Directions,nvidia/canary-1b-v2,be,23,35.89,36.06,correct,0.21202006210622035,0.5847694589511344,0.42612561269810323,1556.8037174196436,0.3383732767481553
Tom_McKenzie_-_Directions,nvidia/canary-1b-v2,brand,24,36.06,36.5,correct,0.08072626497596502,0.46076528324435156,0.30043869744986296,1932.580949367965,0.43662045678744715
Tom_McKenzie_-_Directions,nvidia/canary-1b-v2,new,25,36.5,36.97,correct,0.05614944233321676,0.30247727854579104,0.18708664544072806,2019.457390816948,0.4534693962218715
Tom_McKenzie_-_Directions,nvidia/canary-1b-v2,we,26,37.49,37.63,correct,0.1051273737102747,0.46629742125514895,0.6911722519434988,1733.3421289483315,0.4066079016774893
Tom_McKenzie_-_Directions,nvidia/canary-1b-v2,should,27,37.63,38.01,correct,0.07268033549189568,0.6887991808000065,0.11308661901525088,2536.2729688942445,0.5231897383928299
Tom_McKenzie_-_Directions,nvidia/canary-1b-v2,have,28,38.01,38.3,correct,0.07372583786491305,0.7219848479144275,0.29543215641751885,2018.413839247337,0.46672551427036524
Tom_McKenzie_-_Directions,nvidia/canary-1b-v2,the,29,38.3,38.45,substitution,0.09309604720157735,0.4749746322631836,0.36356310765532884,2125.188347767139,0.463181313346414
Tom_McKenzie_-_Directions,nvidia/canary-1b-v2,courage,30,38.45,39.09,correct,0.06664466484031384,0.4595706405091113,0.2939921347559362,2311.5193395171214,0.5073388231837231
Tom_McKenzie_-_Directions,nvidia/canary-1b-v2,to,31,39.09,39.2,substitution,0.08435491759043473,0.2110224457887503,0.408635675907135,2606.627186106738,0.5453648842298068
Tom_McKenzie_-_Directions,nvidia/canary-1b-v2,say,32,39.2,39.59,correct,0.09209530960236277,0.4092696922875586,0.24986413245399794,2470.7631461517108,0.49858457204841433
Tom_McKenzie_-_Directions,nvidia/canary-1b-v2,that,33,39.59,39.89,correct,0.07726600698449394,0.17507981734745431,0.43847935262954596,1822.8055573379454,0.41528880641315924
Tom_McKenzie_-_Directions,nvidia/canary-1b-v2,i,34,40.07,40.35,correct,0.08019212260842323,0.6446265152965983,0.19907949355741342,1974.5833605703085,0.4660886993010839
Tom_McKenzie_-_Directions,nvidia/canary-1b-v2,want,35,40.35,40.68,substitution,0.09073182985790677,0.4950558734503952,0.25147739958924215,3019.357823816265,0.5344865072417904
Tom_McKenzie_-_Directions,nvidia/canary-1b-v2,you,36,40.68,41.4,correct,0.19312056187444773,0.5734729263453912,0.38953904568766934,1640.1867138260209,0.2747164254005139
Tom_McKenzie_-_Directions,nvidia/canary-1b-v2,we,37,41.67,41.81,correct,0.17591840960085392,0.4415823322487995,0.5736501570791006,1669.4730732108846,0.30346478428691626
Tom_McKenzie_-_Directions,nvidia/canary-1b-v2,shouldn't,38,41.81,42.47,substitution,0.13500453609352311,0.6355240135971043,0.2581266626301739,2270.5840907104935,0.3994359572728475
Tom_McKenzie_-_Directions,nvidia/canary-1b-v2,be,39,42.47,42.53,correct,0.15032927425844328,0.5895436406135559,0.3137649531875338,1910.849807314062,0.451601437159947
Tom_McKenzie_-_Directions,nvidia/canary-1b-v2,lonely,40,42.53,43.24,correct,0.05608017152393019,0.4997743890657053,0.13192253876719381,2091.819726646394,0.4800678197439615
Tom_McKenzie_-_Directions,nvidia/canary-1b-v2,we,41,43.24,43.45,correct,0.10594839699890303,0.15473771143866621,0.7587046299291693,1539.6254068314602,0.35650291650191596
Tom_McKenzie_-_Directions,nvidia/canary-1b-v2,we,42,43.74,43.87,correct,0.0766437524308761,0.3698953059812387,0.3123731498916944,1822.633925148618,0.4454646488030752
Tom_McKenzie_-_Directions,nvidia/canary-1b-v2,shouldn't,43,43.87,44.34,correct,0.06777194127732632,0.5594512346912833,0.1501676874856154,2404.8151675322188,0.5329657378149968
Tom_McKenzie_-_Directions,nvidia/canary-1b-v2,have,44,44.34,44.77,correct,0.06955170560073345,0.5026400001679964,0.2672974999122163,2404.556377710409,0.5459473139428078
Tom_McKenzie_-_Directions,nvidia/canary-1b-v2,doubt,45,44.77,45.52,correct,0.07435148972787975,0.4539493022969476,0.2666363924465798,2042.2370851755247,0.4543176602434229
Tom_McKenzie_-_Directions,nvidia/canary-1b-v2,we,46,45.86,45.98,substitution,0.10927610312189374,0.508294439209359,0.3662016178880419,1622.3231593353762,0.3653281863246645
Tom_McKenzie_-_Directions,nvidia/canary-1b-v2,shouldn't,47,45.98,46.43,correct,0.0786646907883031,0.5453760438427633,0.18668629130234524,2505.8081299020905,0.533745534565984
Tom_McKenzie_-_Directions,nvidia/canary-1b-v2,be,48,46.43,46.59,substitution,0.37089342292812133,0.7529734820127487,0.49031493564446765,1723.2948135321446,0.2705662465757794
Tom_McKenzie_-_Directions,nvidia/canary-1b-v2,the,49,46.59,46.78,substitution,0.46352274077279226,0.7819873094558716,0.582937050433386,1317.8838043721803,0.212628274446442
Tom_McKenzie_-_Directions,nvidia/canary-1b-v2,ones,50,46.78,47.38,deletion,0.31001588547459014,0.6149575773340005,0.4767298294947698,1934.772882133084,0.28385316683695866
Tom_McKenzie_-_Directions,nvidia/canary-1b-v2,to,51,47.38,47.5,deletion,0.11538947812680687,0.2480638955852815,0.489355206489563,3055.7555814761695,0.6226161633219037
Tom_McKenzie_-_Directions,nvidia/canary-1b-v2,say,52,47.5,47.94,correct,0.17334734896818796,0.5686181994775931,0.3082318240776658,3106.130841659445,0.4542400560652216
Tom_McKenzie_-_Directions,nvidia/canary-1b-v2,that,53,47.94,48.43,correct,0.09816194754445327,0.37749105579448194,0.3270252285138616,1785.3099444272136,0.41160949389889556
Tom_McKenzie_-_Directions,nvidia/canary-1b-v2,i,54,48.46,48.51,correct,0.1488612207273642,0.6901438981294632,0.2223740095893542,2139.0514457378545,0.5119240482648214
Tom_McKenzie_-_Directions,nvidia/canary-1b-v2,want,55,48.51,50.06,correct,0.07143302761152925,0.6434056725667183,0.14648970875170936,1977.2977530952892,0.4449547802109316
Tom_McKenzie_-_Directions,nvidia/canary-1b-v2,out,56,50.06,50.09,correct,0.25446854904294014,0.4803924858570099,0.5306888073682785,1354.322676532905,0.27842535078525543
Tom_McKenzie_-_Directions,nvidia/canary-1b-v2,oh,57,50.09,51.4,correct,0.20654873296301415,0.4020671099556465,1.029808964923764,1494.9461224117042,0.3369649535586648
Tom_McKenzie_-_Directions,nvidia/canary-1b-v2,no,58,52.73,52.79,substitution,0.030706470300044333,0.03802502581051418,0.8061807751655579,1879.1058563180552,0.4431603934083666
Tom_McKenzie_-_Directions,nvidia/canary-1b-v2,i,59,66.15,66.18,correct,0.027820888441056013,0.021777722518891096,1.2746869325637817,1625.9848509919182,0.420136421918869
Tom_McKenzie_-_Directions,nvidia/canary-1b-v2,want,60,66.86,67.49,deletion,0.12536001027397373,0.6387144976624233,0.2895822102642235,1929.1979094154474,0.446714831625714
Tom_McKenzie_-_Directions,nvidia/canary-1b-v2,to,61,67.49,67.7,deletion,0.12851691525429487,0.3783540688455105,0.44503272231668234,3143.536672791342,0.6556115870674452
Tom_McKenzie_-_Directions,nvidia/canary-1b-v2,try,62,67.7,68.19,deletion,0.09722711332142353,0.7057122687967319,0.174287616714554,2332.8683054354415,0.5405186825203445
Tom_McKenzie_-_Directions,nvidia/canary-1b-v2,to,63,68.19,68.45,deletion,0.12257569148365793,0.3113036296362507,0.586917326111218,2194.2069966732915,0.48176575118097764
Tom_McKenzie_-_Directions,nvidia/canary-1b-v2,keep,64,68.45,68.8,correct,0.11423767196308625,0.15301646833847227,1.0287819516501928,1942.9805557774946,0.4714928504667784
Tom_McKenzie_-_Directions,nvidia/canary-1b-v2,in,65,68.8,69.27,correct,0.11928254628882688,0.35196780661741894,0.38120930685716514,1952.3134151749873,0.48093824059355494
Tom_McKenzie_-_Directions,nvidia/canary-1b-v2,touch,66,69.27,70.27,correct,0.1240050751560678,0.29222771483128546,0.5939121369134497,2625.2607175250228,0.5219377407597171
Tom_McKenzie_-_Directions,nvidia/canary-1b-v2,i'll,67,71.12,71.4,correct,0.11573462007987884,0.6957762539386749,0.20088909253958734,1848.8554586018051,0.4250865520969514
Tom_McKenzie_-_Directions,nvidia/canary-1b-v2,write,68,71.4,71.71,substitution,0.09879306988681064,0.8126407581217149,0.14361563259187868,1860.743330391515,0.45376454118420095
Tom_McKenzie_-_Directions,nvidia/canary-1b-v2,a,69,71.71,71.84,correct,0.07911984223340239,0.8242655566760472,0.09871476170207773,2404.644325389772,0.5836964590208871
Tom_McKenzie_-_Directions,nvidia/canary-1b-v2,letter,70,71.84,72.69,correct,0.08979054200260536,0.46487821365261206,0.3247628829077534,1836.1884852171997,0.4507975840698118
Tom_McKenzie_-_Directions,nvidia/canary-1b-v2,or,71,75.03,75.23,substitution,0.1771231802519072,0.6003468188203194,0.45197976888580754,1075.903778239669,0.2480321628126231
Tom_McKenzie_-_Directions,nvidia/canary-1b-v2,maybe,72,75.23,75.75,correct,0.1490138765228422,0.7515315444845903,0.23297014152794554,1909.3889007871903,0.44630789338496696
Tom_McKenzie_-_Directions,nvidia/canary-1b-v2,i'll,73,75.75,76.03,correct,0.2038484570880731,0.8314230983455976,0.27908277958631517,2137.9189943734686,0.4082472691933314
Tom_McKenzie_-_Directions,nvidia/canary-1b-v2,come,74,76.03,76.57,correct,0.17002317126272087,0.6999036981645277,0.34309515622207676,1985.4098455116189,0.4538682391077785
Tom_McKenzie_-_Directions,nvidia/canary-1b-v2,and,75,76.57,76.69,substitution,0.24429258278438024,0.43701418169907164,0.6126796965088163,1224.5032287923837,0.2789312569158418
Tom_McKenzie_-_Directions,nvidia/canary-1b-v2,i'll,76,76.69,77.01,correct,0.23016808203288486,0.8265186250209808,0.29397699662617277,1482.02472859175,0.30074868372508456
Tom_McKenzie_-_Directions,nvidia/canary-1b-v2,see,77,77.01,77.67,correct,0.10710551406086331,0.44236233158850335,0.26461004890816314,2926.364032453526,0.5438413196046588
Tom_McKenzie_-_Directions,nvidia/canary-1b-v2,you,78,77.67,78.8,correct,0.16543248953816833,0.3730611193344974,0.601686353810498,1618.2958555224059,0.38259063819881345
Tom_McKenzie_-_Directions,nvidia/canary-1b-v2,would,79,79.42,79.76,substitution,0.09802041011484894,0.4846232983006819,0.583472252898925,1714.8502903443448,0.4276212828384863
Tom_McKenzie_-_Directions,nvidia/canary-1b-v2,that,80,79.76,80.02,correct,0.09214027945337624,0.5415077544748783,0.5263214548086298,1881.1194036083436,0.46334406322446364
Tom_McKenzie_-_Directions,nvidia/canary-1b-v2,be,81,80.02,80.19,correct,0.16929979151801058,0.6749469261420401,0.47846651939969315,2382.598694485316,0.5693484450641432
Tom_McKenzie_-_Directions,nvidia/canary-1b-v2,better,82,80.19,80.89,correct,0.10035670408979058,0.40463454786099884,0.4012279706565957,1974.770734212818,0.4843633055294815
Tom_McKenzie_-_Directions,nvidia/canary-1b-v2,we,83,83.36,83.5,correct,0.23039067978970706,0.245852988678962,0.9404216855764389,1222.9598749783577,0.29688796028494835
Tom_McKenzie_-_Directions,nvidia/canary-1b-v2,should,84,83.5,83.89,correct,0.19136857072454552,0.7204719823460246,0.33116361143630607,2145.5689071265033,0.48951480208441267
Tom_McKenzie_-_Directions,nvidia/canary-1b-v2,be,85,83.89,84.09,correct,0.2897065376693552,0.6883272250944917,0.530697684396397,1186.4015056492244,0.30346507646820764
Tom_McKenzie_-_Directions,nvidia/canary-1b-v2,connected,86,84.09,85.2,correct,0.177612951260154,0.3956803215683258,0.6743246541053307,1707.576636361902,0.42370309774615184
Tom_McKenzie_-_Directions,nvidia/canary-1b-v2,we,87,85.44,85.6,correct,0.2694791253242228,0.3057170266078578,0.8994332022137113,1153.4911425087403,0.29140960507922703
Tom_McKenzie_-_Directions,nvidia/canary-1b-v2,should,88,85.6,85.97,correct,0.2014587906802573,0.638339150969575,0.4363704645415632,2088.58507781672,0.4766497928194883
Tom_McKenzie_-_Directions,nvidia/canary-1b-v2,be,89,85.97,86.16,substitution,0.21546078295934767,0.7771491089037487,0.35138042980716344,1450.1620669350586,0.3529015140874045
Tom_McKenzie_-_Directions,nvidia/canary-1b-v2,brand,90,86.16,86.58,correct,0.23607440632970436,0.5767725847823464,0.5370082025942595,1527.9896838080647,0.38693336802332295
Tom_McKenzie_-_Directions,nvidia/canary-1b-v2,new,91,86.58,87.16,correct,0.24124177202345834,0.30007951612037326,0.8276266554991404,1368.5100502270657,0.3331074170649998
Tom_McKenzie_-_Directions,nvidia/canary-1b-v2,we,92,87.54,87.7,substitution,0.3085153713408444,0.4781115907761786,0.7168136437733968,1379.2794263784838,0.32870504384239513
Tom_McKenzie_-_Directions,nvidia/canary-1b-v2,should,93,87.7,88.12,correct,0.35745011010895605,0.7925815705371939,0.4519485484646714,2431.604358144822,0.40122255294219306
Tom_McKenzie_-_Directions,nvidia/canary-1b-v2,have,94,88.12,88.35,correct,0.3793724238872528,0.845034031867981,0.523819694519043,1296.354085914251,0.28064979493618014
Tom_McKenzie_-_Directions,nvidia/canary-1b-v2,the,95,88.35,88.56,substitution,0.33842526624600094,0.5776115283370018,0.6778283392389616,1301.9215788235022,0.3133444345245759
Tom_McKenzie_-_Directions,nvidia/canary-1b-v2,courage,96,88.63,89.13,correct,0.2140917610715736,0.6781570385802876,0.3528894616798921,1868.5347761442274,0.4346384400671179
Tom_McKenzie_-_Directions,nvidia/canary-1b-v2,to,97,89.13,89.24,correct,0.1254801359027624,0.19116870313882828,0.6584612466394901,2980.578487289074,0.6151667783657709
Tom_McKenzie_-_Directions,nvidia/canary-1b-v2,say,98,89.24,89.64,correct,0.15805803154679862,0.4167927015911449,0.4148517901247198,1946.1699444386077,0.4558980180458589
Tom_McKenzie_-_Directions,nvidia/canary-1b-v2,that,99,89.64,90.18,correct,0.16661621926952216,0.2109959331356873,0.8097410434383457,1176.4128551916126,0.30171841231443114
Tom_McKenzie_-_Directions,nvidia/canary-1b-v2,i,100,90.18,90.4,correct,0.18542776505152384,0.765492225686709,0.25083123457928497,1591.1818184269778,0.39510970438520115
Tom_McKenzie_-_Directions,nvidia/canary-1b-v2,want,101,90.4,90.72,correct,0.21936342556561741,0.5986554597105299,0.37365293513451303,2125.7786307871643,0.4777207327740533
Tom_McKenzie_-_Directions,nvidia/canary-1b-v2,you,102,90.72,91.5,correct,0.2065855803735116,0.5218072612934253,0.4589687352671343,1569.60504382658,0.37394740581512453
Tom_McKenzie_-_Directions,nvidia/canary-1b-v2,we,103,91.72,91.87,correct,0.2505430224187234,0.4713798840256298,0.5800760090351105,1501.0374883836696,0.38342466117704616
Tom_McKenzie_-_Directions,nvidia/canary-1b-v2,shouldn't,104,91.87,92.51,correct,0.2310586965278439,0.5999664703680985,0.4546710264639578,1701.7862275774985,0.4091437398523524
Tom_McKenzie_-_Directions,nvidia/canary-1b-v2,be,105,92.51,92.59,substitution,0.4464034393429756,0.6109909087419509,0.7500959575176239,1455.0880545000598,0.38485213965177534
Tom_McKenzie_-_Directions,nvidia/canary-1b-v2,lonely,106,92.59,93.51,correct,0.18538482923700353,0.4386134862222455,0.5811814632680681,1434.9077881707965,0.36885930793453947
Tom_McKenzie_-_Directions,nvidia/canary-1b-v2,we,107,93.79,93.93,correct,0.22717073548119515,0.278171822312288,0.8905352838337421,1252.229116564492,0.31271915417164564
Tom_McKenzie_-_Directions,nvidia/canary-1b-v2,shouldn't,108,93.93,94.37,correct,0.21703007662047943,0.5407892571141323,0.43347834842279553,1988.7565014379377,0.4329093067596356
Tom_McKenzie_-_Directions,nvidia/canary-1b-v2,have,109,94.37,94.83,correct,0.2614074556529522,0.6163887804746628,0.5586066178977489,1850.358389475131,0.4348930035531521
Tom_McKenzie_-_Directions,nvidia/canary-1b-v2,doubt,110,94.83,95.59,correct,0.21719224810055116,0.5064595611993132,0.5758734158262974,1443.985161532825,0.36321288910580846
Tom_McKenzie_-_Directions,nvidia/canary-1b-v2,we,111,95.88,96.06,correct,0.3336036905646324,0.5195235379040242,0.6856764987111091,1377.3795617365786,0.35482826828956604
Tom_McKenzie_-_Directions,nvidia/canary-1b-v2,shouldn't,112,96.06,96.7,correct,0.23433228744112927,0.5918845659580784,0.4493801387539808,1561.631389988928,0.36540583251179126
Tom_McKenzie_-_Directions,nvidia/canary-1b-v2,be,113,96.7,96.74,correct,0.3077608525753021,0.6107955932617187,0.5156942784786225,1580.5424132642922,0.3841988205909729
Tom_McKenzie_-_Directions,nvidia/canary-1b-v2,the,114,96.74,96.89,correct,0.1963838584282819,0.6642464539583992,0.2909848751390682,1544.1110317210332,0.3687662324484657
Tom_McKenzie_-_Directions,nvidia/canary-1b-v2,ones,115,96.89,97.45,substitution,0.1936100850217655,0.6443766836748749,0.39058571125640246,1723.7444863837354,0.3883235454559326
Tom_McKenzie_-_Directions,nvidia/canary-1b-v2,to,116,97.45,97.6,correct,0.1370181292295456,0.22127298966926687,0.640965519582524,2859.7401383702763,0.5827880168662352
Tom_McKenzie_-_Directions,nvidia/canary-1b-v2,say,117,97.6,98.0,correct,0.1448010527105494,0.5373307815329595,0.31307205828753387,2605.747584043663,0.5629643831740726
Tom_McKenzie_-_Directions,nvidia/canary-1b-v2,that,118,98.0,98.49,correct,0.19915109451087015,0.4173022682936686,0.5555026286615515,1548.246231084531,0.40206569601904674
Tom_McKenzie_-_Directions,nvidia/canary-1b-v2,i,119,98.49,98.77,correct,0.12820990720102865,0.6797070931042394,0.21063734831348543,1800.5835079234992,0.4465081336036805
Tom_McKenzie_-_Directions,nvidia/canary-1b-v2,want,120,98.77,99.1,correct,0.26080792397260666,0.8603453561663628,0.3306227322253916,1602.6151466429037,0.3938900695906745
Tom_McKenzie_-_Directions,nvidia/canary-1b-v2,out,121,99.1,99.59,correct,0.2301529865219908,0.7306558321107108,0.3392749664918432,1645.961893251145,0.3967757416221331
Tom_McKenzie_-_Directions,nvidia/canary-1b-v2,and,122,99.59,99.88,correct,0.17959742550738156,0.24360153498128057,0.7879755180329084,1228.0685877632463,0.291117025539279
Tom_McKenzie_-_Directions,nvidia/canary-1b-v2,if,123,99.88,100.12,correct,0.08870665239239181,0.16422391210303264,1.0298176330548745,2139.919770720973,0.5216528331791913
Tom_McKenzie_-_Directions,nvidia/canary-1b-v2,you,124,100.12,100.22,correct,0.2163585772116979,0.3050440978258848,0.7208344489336014,1329.0892920811445,0.3338826547066371
Tom_McKenzie_-_Directions,nvidia/canary-1b-v2,tell,125,100.22,100.65,substitution,0.10158831919444368,0.5180434695980016,0.39309974411066545,2139.6621214591087,0.49775000740873054
Tom_McKenzie_-_Directions,nvidia/canary-1b-v2,me,126,100.65,100.72,correct,0.122224111109972,0.4308873750269413,0.30130382627248764,1768.5189983917694,0.39723317697644234
Tom_McKenzie_-_Directions,nvidia/canary-1b-v2,that,127,100.72,101.18,correct,0.11378635957837105,0.4839899431169033,0.33362952530384066,2248.7469065623436,0.492395458817482
Tom_McKenzie_-_Directions,nvidia/canary-1b-v2,you're,128,101.18,101.34,correct,0.09158610531853305,0.359816060298019,0.35507207529412377,1899.926423302781,0.46520070566071403
Tom_McKenzie_-_Directions,nvidia/canary-1b-v2,keeping,129,101.34,101.86,correct,0.09433003367954179,0.12674992608331276,1.0303505230368228,2103.5226950030806,0.500465308365069
Tom_McKenzie_-_Directions,nvidia/canary-1b-v2,secrets,130,101.86,102.49,correct,0.0824383332476239,0.19405327652416685,0.6763061260914102,2668.85852456945,0.5763549541725832
Tom_McKenzie_-_Directions,nvidia/canary-1b-v2,i'd,131,102.71,102.95,correct,0.11591095918858493,0.5810428334882966,0.2629711368569621,1910.693856157606,0.45454764035012984
Tom_McKenzie_-_Directions,nvidia/canary-1b-v2,understand,132,102.95,103.76,correct,0.12998490566494822,0.42943856351334475,0.4115579076025678,2173.2313321569145,0.465988394943462
Tom_McKenzie_-_Directions,nvidia/canary-1b-v2,but,133,103.76,104.02,correct,0.24692322673468753,0.5242597512130079,0.4841720657101993,1368.453520639109,0.34408754470019504
Tom_McKenzie_-_Directions,nvidia/canary-1b-v2,i,134,104.02,104.17,substitution,0.20726867151610992,0.5827128606684068,0.3775463853688801,1968.0689020444304,0.5017439477583941
Tom_McKenzie_-_Directions,nvidia/canary-1b-v2,can,135,104.17,104.44,correct,0.12135762025912603,0.22072110523780186,0.6357012381156285,1832.87420588928,0.4442821691433589
Tom_McKenzie_-_Directions,nvidia/canary-1b-v2,help,136,104.44,104.84,correct,0.22741942558177683,0.4507665169793506,0.5985829199469367,1470.7845715269104,0.37301122223915056
Tom_McKenzie_-_Directions,nvidia/canary-1b-v2,you,137,104.84,105.12,correct,0.23262941356628172,0.3627696070940264,0.6543621766951776,1522.1308861569985,0.34538869848174436
Tom_McKenzie_-_Directions,nvidia/canary-1b-v2,if,138,105.12,105.34,correct,0.19737371414899826,0.33699445247650145,0.724065272808075,1757.2885534183326,0.39107430100440976
Tom_McKenzie_-_Directions,nvidia/canary-1b-v2,you,139,105.34,105.52,substitution,0.2446374274790287,0.2893596138805151,0.8513934582471847,1059.6697554032075,0.2386092733591795
Tom_McKenzie_-_Directions,nvidia/canary-1b-v2,want,140,105.52,105.82,correct,0.23284205105720143,0.425643575462428,0.5636043837576201,1236.648548217154,0.2540522569959814
Tom_McKenzie_-_Directions,nvidia/canary-1b-v2,me,141,105.82,106.0,correct,0.19064659513533116,0.480039581656456,0.42934008613228797,1727.8016372233287,0.4186724632978439
Tom_McKenzie_-_Directions,nvidia/canary-1b-v2,to,142,106.0,106.33,correct,0.149547402229574,0.3995935073536303,0.4781145349972778,2400.759619527893,0.4956635750002331
Tom_McKenzie_-_Directions,nvidia/canary-1b-v2,do,143,106.33,107.17,correct,0.1987334702696119,0.2694976409221744,0.8069920896828829,1175.4617036383088,0.2812017968722752
Tom_McKenzie_-_Directions,nvidia/canary-1b-v2,and,144,107.88,108.21,correct,0.20868802153401905,0.34460545755508876,0.6891425657603476,1344.0477779470275,0.31414122093054986
Tom_McKenzie_-_Directions,nvidia/canary-1b-v2,if,145,108.21,108.48,correct,0.22988149498899776,0.4056671404590209,1.4982036530971528,1730.3056201196277,0.4031624883413315
Tom_McKenzie_-_Directions,nvidia/canary-1b-v2,you,146,108.48,108.63,substitution,0.26151223918970895,0.43803783988251405,0.6270498054869035,1103.7906866143603,0.2464666980154374
Tom_McKenzie_-_Directions,nvidia/canary-1b-v2,wanna,147,108.63,109.13,deletion,0.1199588483820359,0.7277390162150065,0.1886872293220626,2014.059888180407,0.4720116384603359
Tom_McKenzie_-_Directions,nvidia/canary-1b-v2,see,148,109.13,109.45,correct,0.16803964259369034,0.5045440971851349,0.3524925776890346,2630.362931737061,0.5456694492271968
Tom_McKenzie_-_Directions,nvidia/canary-1b-v2,the,149,109.45,109.68,correct,0.08355593795959766,0.6667320946088204,0.13136688333291274,2080.6445818120724,0.4468866999332721
Tom_McKenzie_-_Directions,nvidia/canary-1b-v2,world,150,109.68,110.03,deletion,0.11370512009843399,0.6928489100384084,0.2793162422940919,1871.0730023417445,0.4539507215744571
Tom_McKenzie_-_Directions,nvidia/canary-1b-v2,but,151,110.03,110.28,deletion,0.12208689908896174,0.44411249299134525,0.38036897086671423,2402.295192688838,0.5535932066185134
Tom_McKenzie_-_Directions,nvidia/canary-1b-v2,you're,152,110.28,110.48,deletion,0.13558998771689154,0.8525335897098888,0.1857700330967253,2149.246002980642,0.5056414699012582
Tom_McKenzie_-_Directions,nvidia/canary-1b-v2,alone,153,110.48,111.1,deletion,0.150649697033327,0.6684272507233406,0.29272599418216677,1671.2362360892525,0.37258534355839684
Tom_McKenzie_-_Directions,nvidia/canary-1b-v2,just,154,111.1,111.34,deletion,0.16833937609637226,0.41388363667108397,0.6334407379229864,2449.412631551848,0.505611863401201
Tom_McKenzie_-_Directions,nvidia/canary-1b-v2,come,155,111.34,111.49,deletion,0.16736195411752253,0.44153880853863325,0.5124014072558459,1790.741211233201,0.44738973940120025
Tom_McKenzie_-_Directions,nvidia/canary-1b-v2,and,156,111.49,111.61,deletion,0.1116234574999128,0.2803964817098209,0.47397822780268534,1181.4158876743236,0.2983704943742071
Tom_McKenzie_-_Directions,nvidia/canary-1b-v2,get,157,111.61,111.86,correct,0.14794822451141146,0.5817904795209566,0.4327858291842319,1890.588856998621,0.43833076181235137
Tom_McKenzie_-_Directions,nvidia/canary-1b-v2,me,158,111.86,112.03,correct,0.2092883398658351,0.4423803475342299,0.4946831684363516,1431.816194612029,0.34641768351981517
Tom_McKenzie_-_Directions,nvidia/canary-1b-v2,because,159,112.03,112.67,correct,0.16394665049655097,0.373285771054881,0.5361807018518447,1724.964588589257,0.40465467146464756
Tom_McKenzie_-_Directions,nvidia/canary-1b-v2,i,160,112.67,113.07,correct,0.16636727715647498,0.9031609601752703,0.18779340992833293,1871.6821841765404,0.46952942290971444
Tom_McKenzie_-_Directions,nvidia/canary-1b-v2,want,161,113.07,113.38,correct,0.11260894773637548,0.4895024564774597,0.38960595165981965,1641.5719240409665,0.3919136966852581
Tom_McKenzie_-_Directions,nvidia/canary-1b-v2,to,162,113.38,113.51,correct,0.16620707114537556,0.3273505330085754,0.5338490605354309,3044.702893799151,0.6449467778205872
Tom_McKenzie_-_Directions,nvidia/canary-1b-v2,see,163,113.51,114.12,correct,0.11366838493356199,0.4447139171939908,0.27976310569228546,2479.5031489559847,0.5362508938168035
Tom_McKenzie_-_Directions,nvidia/canary-1b-v2,the,164,114.12,114.2,correct,0.11178362891077995,0.5718198269605637,0.20364701002836227,1604.1096842200645,0.3782902330160141
Tom_McKenzie_-_Directions,nvidia/canary-1b-v2,world,165,114.2,115.15,substitution,0.1909138436483986,0.7549267812248539,0.29438911991960864,1668.0280309171806,0.3977825990786739
Tom_McKenzie_-_Directions,nvidia/canary-1b-v2,too,166,115.15,116.01,correct,0.22254926270695144,0.4450819323700602,0.5335445120449989,1613.2542842285657,0.36386377372408424
Tom_McKenzie_-_Directions,nvidia/canary-1b-v2,oh,167,116.05,116.17,correct,0.09949437555457864,0.09536777649606977,0.9998499155044556,2368.0219840735836,0.5894240609237126
Tom_McKenzie_-_Directions,nvidia/canary-1b-v2,oh,168,116.24,117.92,substitution,0.19737788607772871,0.5364099714946187,0.5057606266101421,1592.6840175791665,0.36530949422338393
Tom_McKenzie_-_Directions,nvidia/canary-1b-v2,oh,169,118.34,124.23,correct,0.20762971700834376,0.7370263255423024,0.3360117689070721,1666.1163771250108,0.3585468914300676
Tom_McKenzie_-_Directions,nvidia/canary-1b-v2,oh,170,124.89,124.92,correct,0.046158059034496546,0.028674816945567727,1.8137584924697876,3349.048137914666,0.6676507741212845
Tom_McKenzie_-_Directions,nvidia/canary-1b-v2,oh,171,139.31,139.34,substitution,0.11152506433427334,0.09930586628615856,1.1237246096134186,1385.8891928400226,0.3393676057457924
Tom_McKenzie_-_Directions,nvidia/canary-1b-v2,we,172,139.72,139.88,correct,0.28063130213154686,0.5601843111217022,0.5901076561874814,1869.400675250451,0.43891534292035633
Tom_McKenzie_-_Directions,nvidia/canary-1b-v2,should,173,139.88,140.25,correct,0.5094473427388726,0.6742657472084208,0.747680903207965,2524.771241434773,0.37952745996597337
Tom_McKenzie_-_Directions,nvidia/canary-1b-v2,be,174,140.25,140.44,correct,0.5550797297841027,0.6986770289284843,0.807677808262053,1344.2125525847107,0.2590559344916117
Tom_McKenzie_-_Directions,nvidia/canary-1b-v2,connected,175,140.44,141.55,correct,0.2694410477459681,0.37323469983241636,0.7908624165198382,1625.1672982950745,0.36234229439947785
Tom_McKenzie_-_Directions,nvidia/canary-1b-v2,we,176,141.79,141.95,correct,0.25140908257000977,0.31672394482625854,0.8490247693326738,1323.907526786481,0.3476896550920274
Tom_McKenzie_-_Directions,nvidia/canary-1b-v2,should,177,141.95,142.31,correct,0.26730738350978267,0.6420101741185555,0.5186628865507933,1913.8852321958088,0.4425569551113324
Tom_McKenzie_-_Directions,nvidia/canary-1b-v2,be,178,142.31,142.5,correct,0.24046957763758572,0.734823764725165,0.46444780785929074,1359.4473601700975,0.3406363569877364
Tom_McKenzie_-_Directions,nvidia/canary-1b-v2,brand,179,142.5,142.92,correct,0.27754946019914417,0.6543798562553194,0.7364254477951262,1552.5409536796749,0.3708494241038958
Tom_McKenzie_-_Directions,nvidia/canary-1b-v2,new,180,142.92,143.52,correct,0.21625722555013804,0.41518769218371465,0.6520911386379828,1352.8859188321003,0.33252312403458817
Tom_McKenzie_-_Directions,nvidia/canary-1b-v2,we,181,143.89,144.05,substitution,0.2805856801569462,0.49360911175608635,0.6559678183661567,1545.7755512360197,0.402377945681413
Tom_McKenzie_-_Directions,nvidia/canary-1b-v2,should,182,144.05,144.45,correct,0.2278762270891389,0.7450737835362901,0.3295598090734593,2042.1385791963419,0.463161546130513
Tom_McKenzie_-_Directions,nvidia/canary-1b-v2,have,183,144.45,144.69,substitution,0.22242475080269355,0.7426869024833044,0.46749231108912714,1554.4113341144903,0.3861116215034767
Tom_McKenzie_-_Directions,nvidia/canary-1b-v2,the,184,144.69,144.86,substitution,0.34903890521902786,0.7859421999830949,0.5169211304501483,1729.8090806798466,0.4380076692292565
Tom_McKenzie_-_Directions,nvidia/canary-1b-v2,courage,185,144.86,145.5,unknown,0.24719197622367314,0.592705631681851,0.5300151718514307,2044.439150439175,0.4472590403897422
Tom_McKenzie_-_Directions,nvidia/canary-1b-v2,to,186,145.5,145.6,unknown,0.19146687266501514,0.20735243911092932,0.9285663312131708,2571.3970266553883,0.5352368923750791
Tom_McKenzie_-_Directions,nvidia/canary-1b-v2,say,187,145.6,146.01,unknown,0.30138779249456193,0.3984790848361121,0.7899520271354251,1930.383645050239,0.4014289653963513
Tom_McKenzie_-_Directions,nvidia/canary-1b-v2,that,188,146.01,146.47,unknown,0.17483401015400887,0.19003348208963872,0.9746149206161498,1323.0353454904214,0.33106945574283597
Tom_McKenzie_-_Directions,nvidia/canary-1b-v2,i,189,146.47,146.76,unknown,0.19848402310162783,0.7589155789464712,0.28664198657497764,1698.6860377790435,0.43126832973212004
Tom_McKenzie_-_Directions,nvidia/canary-1b-v2,want,190,146.76,147.06,unknown,0.3002690307118676,0.6164258294033281,0.5100423047939936,2354.0668407631965,0.42521278876246826
Tom_McKenzie_-_Directions,nvidia/canary-1b-v2,you,191,147.06,147.85,unknown,0.20676384673399084,0.43600629086003584,0.5353893979507334,1680.6929880182392,0.3821767277577344
Tom_McKenzie_-_Directions,nvidia/canary-1b-v2,we,192,148.08,148.23,unknown,0.28332259374506336,0.4835459528600468,0.6585103045491612,1523.6501183911419,0.3945220366996877
Tom_McKenzie_-_Directions,nvidia/canary-1b-v2,shouldn't,193,148.23,148.85,unknown,0.286608258234476,0.702506344487418,0.5416601025568906,1600.8642258700306,0.3723325193373125
Tom_McKenzie_-_Directions,nvidia/canary-1b-v2,be,194,148.85,149.02,unknown,0.350898235252029,0.7524863426622591,0.5498730889276454,1750.2335923210585,0.4448080588328211
Tom_McKenzie_-_Directions,nvidia/canary-1b-v2,lonely,195,149.02,149.89,unknown,0.2517495328917148,0.4364474080502987,0.8546233163710605,1243.614770810535,0.3075576272416622
Tom_McKenzie_-_Directions,nvidia/canary-1b-v2,we,196,150.14,150.3,unknown,0.2154499025721299,0.3158298760260406,0.7947531248393812,1619.8368863325456,0.4331449834923995
Tom_McKenzie_-_Directions,nvidia/canary-1b-v2,shouldn't,197,150.3,150.75,unknown,0.26873584053650196,0.6446306377041097,0.45552738786351926,1844.8170246231505,0.43920495224242306
Tom_McKenzie_-_Directions,nvidia/canary-1b-v2,have,198,150.75,151.14,unknown,0.2546093047019981,0.6351566988797415,0.48735119012140093,1934.4795135319891,0.47246165076891583
Tom_McKenzie_-_Directions,nvidia/canary-1b-v2,doubt,199,151.14,151.92,unknown,0.2524558115927946,0.5147592501626128,0.6307165959761256,1606.2011047844117,0.39336994520965074
Tom_McKenzie_-_Directions,nvidia/canary-1b-v2,we,200,152.23,152.39,unknown,0.27364364887277287,0.5832341785232226,0.6097479893101586,1474.4379135265474,0.37840014861689675
Tom_McKenzie_-_Directions,nvidia/canary-1b-v2,shouldn't,201,152.39,153.03,unknown,0.3417003925357546,0.6877048956496375,0.5149576646941049,1863.0745001008804,0.3527043495859419
Tom_McKenzie_-_Directions,nvidia/canary-1b-v2,be,202,153.03,153.07,unknown,0.19476264119148254,0.7163715243339539,0.27184306681156156,1588.5602853696357,0.37116050720214844
Tom_McKenzie_-_Directions,nvidia/canary-1b-v2,the,203,153.07,153.21,unknown,0.2836470967158675,0.9075393415987492,0.3105851160362363,1306.8064891676295,0.2959273159503937
Tom_McKenzie_-_Directions,nvidia/canary-1b-v2,ones,204,153.21,153.8,unknown,0.2748309440212324,0.6967388989869505,0.47429727064445615,1475.2124253233046,0.3303274204954505
Tom_McKenzie_-_Directions,nvidia/canary-1b-v2,to,205,153.8,153.94,unknown,0.16324415453709662,0.2420517047867179,0.7144739963114262,2550.832511388181,0.576121037825942
Tom_McKenzie_-_Directions,nvidia/canary-1b-v2,say,206,153.94,154.35,unknown,0.16804266696174938,0.5693820549382104,0.2880991111199061,2361.4962479730116,0.5320739209651947
Tom_McKenzie_-_Directions,nvidia/canary-1b-v2,that,207,154.35,154.83,unknown,0.2226426020407906,0.45185605694468206,0.5424217802400773,1472.578054893032,0.37456805631518364
Tom_McKenzie_-_Directions,nvidia/canary-1b-v2,i,208,154.83,155.1,unknown,0.18932139861087005,0.7945234969258308,0.24430310775836309,1688.542003698105,0.4074896176656087
Tom_McKenzie_-_Directions,nvidia/canary-1b-v2,want,209,155.1,155.42,unknown,0.2649767641510282,0.8968993859631674,0.3235946719135557,1579.9554078338851,0.36881528837340216
Tom_McKenzie_-_Directions,nvidia/canary-1b-v2,out,210,155.42,155.94,unknown,0.257415763368564,0.8730017191597393,0.3173055672752006,1547.577629398987,0.38217151085180895
Tom_McKenzie_-_Directions,nvidia/canary-1b-v2,oh,211,155.94,156.33,unknown,0.34297547472077744,0.5278819629619288,0.6672011475230373,1168.2361189495434,0.2590069192093472
Tom_McKenzie_-_Directions,nvidia/canary-1b-v2,no,212,156.33,157.65,unknown,0.21950824624786142,0.2686066561979605,0.8673466832925242,1226.4587196193283,0.2955219083538292
Tom_McKenzie_-_Directions,nvidia/canary-1b-v2,oh,213,160.13,163.03,unknown,0.13639994920982468,0.44173700223045964,0.6478413575358929,1594.2635506609413,0.3802915167664328
Tom_McKenzie_-_Directions,nvidia/canary-1b-v2,no,214,165.11,165.17,unknown,0.015405772835947573,0.012510498287156224,1.3202992528676987,1402.366568703856,0.40186453610658646
Zeno_-_Signs,nvidia/canary-1b-v2,calm,0,20.39,22.14,substitution,0.3089532089280955,0.49333462963732794,3.2833514695471906,2321.947830405634,0.5263279701008442
Zeno_-_Signs,nvidia/canary-1b-v2,collective,1,22.92,23.67,correct,0.601775188182975,0.7784050456075756,0.787278914893115,1739.0288606286779,0.37275119677737906
Zeno_-_Signs,nvidia/canary-1b-v2,devils,2,23.67,23.85,substitution,0.1893586048058101,0.38581993750163485,0.6171461613405318,2849.5801912467014,0.5691256331545966
Zeno_-_Signs,nvidia/canary-1b-v2,that,3,23.85,26.17,substitution,0.22424231947309547,0.5285215818458388,0.700041760450169,2502.9712158927023,0.5508802653921228
Zeno_-_Signs,nvidia/canary-1b-v2,revel,4,27.83,30.07,correct,0.23474870903107029,0.6490453444110851,0.47655297092472515,2219.4558625097657,0.5045268850401043
Zeno_-_Signs,nvidia/canary-1b-v2,for,5,30.07,30.42,substitution,0.08925690751914915,0.028896334654602566,2.6742364513246635,2607.3531718839936,0.6490959823131561
Zeno_-_Signs,nvidia/canary-1b-v2,a,6,31.42,31.47,substitution,0.1439736094325781,0.17100213964780173,0.8875394562880198,2992.3055600729763,0.7066331108411154
Zeno_-_Signs,nvidia/canary-1b-v2,fight,7,31.47,31.67,substitution,0.19947063501762308,0.3559675773848658,0.573429005301517,2914.8970536030843,0.702195608097574
Zeno_-_Signs,nvidia/canary-1b-v2,a,8,31.67,31.7,substitution,0.2457972876727581,0.8102824538946152,0.30279507488012314,1976.9373949161509,0.5123895332217216
Zeno_-_Signs,nvidia/canary-1b-v2,light,9,31.7,32.42,substitution,0.2335271469484537,0.6651604351324912,0.41186208908374494,2498.4947362883386,0.5988551458487144
Zeno_-_Signs,nvidia/canary-1b-v2,burning,10,32.45,33.3,substitution,0.20110693009017588,0.7361796409874172,0.3041805998309628,2612.1483898430574,0.6148634323706994
Zeno_-_Signs,nvidia/canary-1b-v2,through,11,33.3,33.39,substitution,0.15185043148019098,0.15908054330132224,0.9637429768388922,1787.5752933427486,0.47033962878313934
Zeno_-_Signs,nvidia/canary-1b-v2,the,12,33.39,33.73,substitution,0.11828401050454862,0.21906341169331525,0.8975806900778333,2616.2605955306103,0.6086852099444415
Zeno_-_Signs,nvidia/canary-1b-v2,night,13,36.04,36.2,substitution,0.0592648604263862,0.03897400283151203,1.336998422940572,3053.3797042476376,0.6970286601119571
Zeno_-_Signs,nvidia/canary-1b-v2,calling,14,36.5,36.65,substitution,0.1883870880393421,0.9643881636507371,0.1967086432611241,2782.8651037972636,0.6727006470455843
Zeno_-_Signs,nvidia/canary-1b-v2,us,15,36.65,37.7,substitution,0.23454686287230095,0.7650613431381968,0.36591138558841385,2857.0024599461476,0.6418959959945848
Zeno_-_Signs,nvidia/canary-1b-v2,on,16,37.7,38.24,substitution,0.08959928026487088,0.06201762015578048,2.0435675670360696,2770.855203704313,0.6275296427052597
Zeno_-_Signs,nvidia/canary-1b-v2,on,17,39.62,39.76,substitution,0.2953984132036567,0.9895364847034216,0.30745767429471016,1574.0941951933405,0.4039154164493084
Zeno_-_Signs,nvidia/canary-1b-v2,home,18,39.76,40.1,substitution,0.19994486969065023,0.7837386904536067,0.2580503253517924,2078.281260305042,0.4996248926665332
Zeno_-_Signs,nvidia/canary-1b-v2,this,19,40.1,40.66,substitution,0.24138593429424723,0.5980973756704174,0.4852441143794138,3083.7252071505955,0.6632540030557601
Zeno_-_Signs,nvidia/canary-1b-v2,is,20,40.66,41.16,substitution,0.2418815267306787,0.6788828759281723,0.376792057244866,2056.1886389799047,0.4494264677718834
Zeno_-_Signs,nvidia/canary-1b-v2,our,21,41.16,41.63,substitution,0.3153024368426379,0.7793720522347618,0.41298002588982674,2177.8375721496013,0.5048874797774296
Zeno_-_Signs,nvidia/canary-1b-v2,side,22,41.63,42.87,substitution,0.2248465571748583,0.5775273035567506,0.5709249125163358,2312.9323347401596,0.5299201428442073
Zeno_-_Signs,nvidia/canary-1b-v2,we,23,43.73,43.81,substitution,0.4035113275051117,1.1481910049915314,0.3655212357640266,1622.4387881341138,0.41677275002002717
Zeno_-_Signs,nvidia/canary-1b-v2,are,24,43.81,44.23,substitution,0.19104915459950764,0.8708967102898492,0.22342507508065965,2206.2472922706925,0.49648996790250144
Zeno_-_Signs,nvidia/canary-1b-v2,saved,25,44.23,44.87,deletion,0.20581949065838542,0.7676426112651825,0.28445743364947185,2968.0235712631556,0.6745561412402562
Zeno_-_Signs,nvidia/canary-1b-v2,by,26,44.87,44.94,deletion,0.2892922628670931,0.7924001067876816,0.3762858733534813,2491.1721696651784,0.5903622023761272
Zeno_-_Signs,nvidia/canary-1b-v2,our,27,44.94,46.42,deletion,0.18729000677993088,0.3935445693479675,1.6119674030902251,2332.0494050930656,0.501003752152125
Zeno_-_Signs,nvidia/canary-1b-v2,maker,28,47.35,47.49,correct,0.11726808955427259,0.02747764124069363,4.9466472789645195,3063.1076838772296,0.6880000568926334
Zeno_-_Signs,nvidia/canary-1b-v2,we,29,48.28,48.38,substitution,0.10552420529226463,0.674510408192873,0.19690349449714026,3199.2052049123868,0.6887255112330118
Zeno_-_Signs,nvidia/canary-1b-v2,live,30,48.38,48.69,correct,0.15972539388081608,0.584077758824124,0.28749754279851913,2749.181256491443,0.663444426129846
Zeno_-_Signs,nvidia/canary-1b-v2,life,31,48.69,48.84,correct,0.12853523519109278,0.23960127199397369,0.5335888704832863,2419.801050342429,0.61223124405917
Zeno_-_Signs,nvidia/canary-1b-v2,alive,32,48.84,50.28,substitution,0.15866933205435352,0.4277090174957148,0.9854135048966254,2173.5517962677027,0.4945545999273177
Zeno_-_Signs,nvidia/canary-1b-v2,this,33,57.99,58.45,substitution,0.4782968663796783,0.5550364676024765,0.9336101245880127,2722.131516442654,0.5751659971475601
Zeno_-_Signs,nvidia/canary-1b-v2,is,34,58.45,58.69,correct,0.5881429082817502,0.7669684500605972,0.7639533435856855,2978.901177843789,0.5449779397911496
Zeno_-_Signs,nvidia/canary-1b-v2,our,35,58.69,59.08,correct,0.6593185067176819,0.9601997477667672,0.6973887809685299,2187.600124597809,0.440100643606413
Zeno_-_Signs,nvidia/canary-1b-v2,crime,36,59.08,60.11,substitution,0.6009074154200854,1.063221588328078,0.5771002278134629,2078.4317368203265,0.4099419224369633
Zeno_-_Signs,nvidia/canary-1b-v2,the,37,60.11,60.66,substitution,0.2102591106047233,0.17383046743149558,3.4516902888814607,2337.787606119756,0.5143160929282506
Zeno_-_Signs,nvidia/canary-1b-v2,final,38,61.99,62.27,correct,0.33386076121560987,0.9429649238084112,0.8789885308473341,2096.1250773446036,0.4897074891674903
Zeno_-_Signs,nvidia/canary-1b-v2,nail,39,62.27,65.15,substitution,0.5409375127985493,1.1947929340039756,0.5026984538447548,2009.324247329373,0.4154983808274393
Zeno_-_Signs,nvidia/canary-1b-v2,in,40,65.15,65.66,substitution,0.4339266763492064,1.0506962098858572,0.5198088342493231,1919.3644545663894,0.3810457348823547
Zeno_-_Signs,nvidia/canary-1b-v2,our,41,65.66,66.99,correct,0.29691472019140536,0.6545905766787229,0.8738591397975708,2022.4473650144898,0.46171725588244994
Zeno_-_Signs,nvidia/canary-1b-v2,coffin,42,66.99,67.3,substitution,0.2588174123974407,0.23942088883589296,1.4770153603133034,2090.520181634712,0.5145523197510663
Zeno_-_Signs,nvidia/canary-1b-v2,of,43,67.3,67.36,substitution,0.2674678824841976,0.391456663608551,0.8317252472043037,1816.1314525725297,0.445903442800045
Zeno_-_Signs,nvidia/canary-1b-v2,all,44,67.36,67.42,correct,0.2684692697865622,0.9218491060393197,0.29162790945598055,2249.291753175382,0.5441790734018598
Zeno_-_Signs,nvidia/canary-1b-v2,that,45,67.42,73.44,correct,0.6491298687356071,1.111909117427992,0.6814890787306692,1756.4469993389812,0.34104215227426676
Zeno_-_Signs,nvidia/canary-1b-v2,is,46,74.45,75.04,substitution,0.3373906898777932,0.7118817835580558,0.6099994690157473,2695.9659141481084,0.6123302169144154
Zeno_-_Signs,nvidia/canary-1b-v2,right,47,75.04,76.36,correct,0.659730292961631,1.1657340100533526,0.5890316919121944,1539.4613417422047,0.31126977828606756
Zeno_-_Signs,nvidia/canary-1b-v2,lines,48,76.36,77.01,correct,0.299190060368606,0.3395880355366639,1.677688075389181,1430.0933741161077,0.3064756310411862
Zeno_-_Signs,nvidia/canary-1b-v2,of,49,78.31,78.41,substitution,0.3188873143358664,0.40417263385924423,0.9926250793717124,2124.7722243572857,0.5469161542979154
Zeno_-_Signs,nvidia/canary-1b-v2,sunlight,50,78.41,79.43,correct,0.5737173853950067,0.9288998145948757,0.6773705412041057,1868.2871821623107,0.4412609132853421
Zeno_-_Signs,nvidia/canary-1b-v2,glow,51,79.43,81.27,correct,0.5320425923100582,1.2415277994223657,0.43331626224033726,1964.989694447466,0.42326936957799843
Zeno_-_Signs,nvidia/canary-1b-v2,through,52,81.27,81.36,correct,0.30516225505958905,0.32900510051033716,0.9421417550607161,1720.3266414518052,0.41421632875095715
Zeno_-_Signs,nvidia/canary-1b-v2,cloudy,53,81.36,83.5,substitution,0.4312552590102087,0.7235784853877719,0.7850162963419502,1723.4980944939025,0.3675899556370281
Zeno_-_Signs,nvidia/canary-1b-v2,skies,54,83.5,83.69,correct,0.24618827196813764,0.29729691857383367,0.9745528641201201,1897.292503891705,0.4737980521860577
Zeno_-_Signs,nvidia/canary-1b-v2,my,55,83.69,89.33,correct,0.5948422279326279,1.253446202632503,0.5098286014587725,1821.695789792888,0.3647695820821854
Zeno_-_Signs,nvidia/canary-1b-v2,eyes,56,89.36,89.48,correct,0.21764404007366725,0.2094620338508061,1.0633691379002161,2559.450041078442,0.5995114871433803
Zeno_-_Signs,nvidia/canary-1b-v2,realize,57,89.48,91.43,correct,0.29848699236030213,0.6743415664150669,0.7991780044787238,2178.8959436314963,0.5162875394929539
Zeno_-_Signs,nvidia/canary-1b-v2,that,58,91.43,91.49,substitution,0.19503177276679448,0.03138667371656213,6.621873753411429,2719.26101703395,0.6886022772107806
Zeno_-_Signs,nvidia/canary-1b-v2,all,59,91.49,91.55,substitution,0.1302499445155263,0.02579597500152886,5.286515951156616,2283.1857482088176,0.5895199403166771
Zeno_-_Signs,nvidia/canary-1b-v2,this,60,92.2,92.59,substitution,0.27043794424727907,0.5465073067434999,0.5380240048086921,2743.2737836763067,0.6595387833062992
Zeno_-_Signs,nvidia/canary-1b-v2,world,61,92.59,95.26,substitution,0.23293361121176423,0.5355946646703706,0.7388987082701463,1973.1123718118415,0.4303857716699163
Zeno_-_Signs,nvidia/canary-1b-v2,conforms,62,96.34,96.68,correct,0.362625679454288,0.6520203166716808,0.8855867180469874,2236.2003097672,0.5876577971754847
Zeno_-_Signs,nvidia/canary-1b-v2,to,63,96.68,97.2,correct,0.2194521858223847,0.934109091758728,0.23739256683204854,2008.7014351840432,0.48176754638552666
Zeno_-_Signs,nvidia/canary-1b-v2,no,64,97.2,97.44,correct,0.2315328159817943,0.8253850296691612,0.290792386840891,2453.433322343542,0.5747825944865191
Zeno_-_Signs,nvidia/canary-1b-v2,sides,65,97.44,97.75,substitution,0.256377889391254,0.36629830585683093,0.8261776158914846,2663.4642559573217,0.6507699559716618
Zeno_-_Signs,nvidia/canary-1b-v2,this,66,97.75,98.76,correct,0.2083895496272166,0.5463908947320706,0.676722879530093,2524.580096752659,0.5637913217785162
Zeno_-_Signs,nvidia/canary-1b-v2,is,67,101.15,101.29,correct,0.350548324175179,0.8905764725059271,0.40756112709641457,1395.2127254181542,0.2868395606055856
Zeno_-_Signs,nvidia/canary-1b-v2,a,68,101.29,102.55,correct,0.36737326240098034,0.6999766683136975,0.6405877214890939,2118.815464274019,0.45208726315586656
Zeno_-_Signs,nvidia/canary-1b-v2,sign,69,105.01,105.1,correct,0.047854868322610856,0.0377754358574748,1.3017398238182067,1810.2356930343042,0.4665327489376068
Zeno_-_Signs,nvidia/canary-1b-v2,we,70,105.28,105.77,substitution,0.3361474863357014,0.8830620627160426,0.4484906304213736,2138.6725949984066,0.4899252509629285
Zeno_-_Signs,nvidia/canary-1b-v2,are,71,105.77,106.53,substitution,0.3591913477313228,0.8532774397512761,0.4280008259342938,1957.4618908206062,0.45336972976603157
Zeno_-_Signs,nvidia/canary-1b-v2,saved,72,106.53,107.54,correct,0.2657706693711656,0.4267154159369292,1.3561377250761897,2311.2147033262777,0.5280017985237969
Zeno_-_Signs,nvidia/canary-1b-v2,by,73,107.54,107.6,correct,0.045384207274764776,0.03336779144592583,1.3744222968816757,3435.7546137190106,0.6644702330231667
Zeno_-_Signs,nvidia/canary-1b-v2,our,74,108.26,108.44,correct,0.22069722078740597,0.08939654268324375,3.517928087711334,1928.8142568033836,0.4416956968605518
Zeno_-_Signs,nvidia/canary-1b-v2,maker,75,108.47,109.31,substitution,0.29459420285291144,0.8532771564192242,0.368504536151886,1966.5655923302609,0.48461552361647287
Zeno_-_Signs,nvidia/canary-1b-v2,we'd,76,109.31,109.4,deletion,0.15060900083997034,0.6024262309074402,0.2868105803023685,1873.431220094082,0.4216738614169034
Zeno_-_Signs,nvidia/canary-1b-v2,live,77,109.4,109.7,deletion,0.29524659117062885,0.7317650444579847,0.41854841871695087,2372.184443462969,0.5424698220961022
Zeno_-_Signs,nvidia/canary-1b-v2,life,78,109.7,109.85,deletion,0.4121958771172692,0.4589952388230492,0.9857146459467271,2768.532152143896,0.6861943251946393
Zeno_-_Signs,nvidia/canary-1b-v2,alive,79,109.85,111.19,deletion,0.24132917076349258,0.6781592596736219,0.43716552822540206,1848.010627850782,0.45354249080022174
Zeno_-_Signs,nvidia/canary-1b-v2,if,80,113.14,113.91,correct,0.2570036344275058,0.5284907705184206,0.7271894238081323,2234.7104968582394,0.5515657555626099
Zeno_-_Signs,nvidia/canary-1b-v2,this,81,113.91,114.03,correct,1.0610129918370927,1.2460655570030212,0.8490929177829197,1544.8861689234304,0.4247345413480486
Zeno_-_Signs,nvidia/canary-1b-v2,is,82,114.03,114.11,correct,0.9696461624569364,1.1132542391618092,0.873615735106998,1203.9330478624777,0.3340217454565896
Zeno_-_Signs,nvidia/canary-1b-v2,our,83,114.11,115.15,substitution,0.26175023136394365,0.76504253542849,0.35075054530586514,1829.5332892096776,0.4460837932835732
Zeno_-_Signs,nvidia/canary-1b-v2,crime,84,115.15,115.3,correct,0.40038637729252086,0.565817266702652,0.7325121094198788,1014.9419169965322,0.2108345496303895
Zeno_-_Signs,nvidia/canary-1b-v2,the,85,115.3,116.05,correct,0.22404917265162055,0.15346372601242714,3.067060877143601,2556.072788669584,0.5872680956934705
Zeno_-_Signs,nvidia/canary-1b-v2,final,86,117.41,118.12,correct,0.2617164490284858,0.766272654926235,0.4067622794733419,2846.3516332134586,0.6193048628893766
Zeno_-_Signs,nvidia/canary-1b-v2,nail,87,118.36,119.21,substitution,0.24387490233549705,0.8141986524665749,0.3031246752201856,2381.3240119247794,0.5725588146801833
Zeno_-_Signs,nvidia/canary-1b-v2,in,88,119.21,119.27,substitution,0.28823953680694103,0.6251005753874779,0.4601057581603527,1453.0869655556367,0.35303786396980286
Zeno_-_Signs,nvidia/canary-1b-v2,our,89,119.27,119.33,substitution,0.18087215082986013,0.2810651170355933,0.6794033391135079,1877.5435486707163,0.47418134978839327
Zeno_-_Signs,nvidia/canary-1b-v2,coffin,90,119.33,120.08,substitution,0.2549146015518977,0.2995045542900945,1.2952859788029283,2673.6568919763777,0.6277414909851404
Zeno_-_Signs,nvidia/canary-1b-v2,of,91,122.38,122.49,substitution,0.07997107190581468,0.020345773458337553,18.136563851283146,2117.511617752931,0.5243919915877856
Zeno_-_Signs,nvidia/canary-1b-v2,all,92,127.41,127.47,correct,0.10038730502128601,0.08213326867137637,1.3009301253727503,2345.2330172273755,0.5806661759104047
Zeno_-_Signs,nvidia/canary-1b-v2,that,93,127.5,127.67,substitution,0.284120469501144,0.34488704114368085,1.2438054006350667,2293.8028879027415,0.5771373510360718
Zeno_-_Signs,nvidia/canary-1b-v2,is,94,127.67,128.47,substitution,0.5824971299531848,1.0350262782601423,0.620374759789123,3213.0675930514944,0.6325145401926928
Zeno_-_Signs,nvidia/canary-1b-v2,right,95,128.5,130.14,substitution,0.6600844627246261,0.9053284386278723,1.2076572413471611,1697.2989459149628,0.3441799664023248
Zeno_-_Signs,nvidia/canary-1b-v2,shine,96,131.46,132.01,substitution,0.5282520947357019,1.0931699118887386,0.6548010597626368,2061.8979725389686,0.4804366777340571
Zeno_-_Signs,nvidia/canary-1b-v2,shine,97,132.01,132.3,substitution,0.4918257715180516,1.5753009859472513,0.3623085035942495,2373.1248822328926,0.558636493049562
Zeno_-_Signs,nvidia/canary-1b-v2,shine,98,132.3,132.56,substitution,0.3363047976578985,0.72161915153265,0.5017670355737209,3234.992526080641,0.7404266276529857
Zeno_-_Signs,nvidia/canary-1b-v2,a,99,132.56,133.54,substitution,0.364619476334104,1.2187630002791028,0.43470073477277216,2455.922920603562,0.5553126427924858
Zeno_-_Signs,nvidia/canary-1b-v2,light,100,133.54,133.91,substitution,0.4151947569102049,1.3736367031931878,0.3588700212538242,2067.7616893704626,0.4704802483320236
Zeno_-_Signs,nvidia/canary-1b-v2,a,101,133.91,134.41,correct,0.49141337058760903,1.5078133019534024,0.32703231979500164,2027.9321169229727,0.4123457144607197
Zeno_-_Signs,nvidia/canary-1b-v2,light,102,134.41,134.61,correct,0.5946064943617041,1.076313254508105,0.5764591991901398,1335.5719849816226,0.22487599673596295
Zeno_-_Signs,nvidia/canary-1b-v2,a,103,134.61,134.97,substitution,0.39755297280274904,1.3616091517301707,0.33094978408935743,2098.8200454501316,0.3877994945416084
Zeno_-_Signs,nvidia/canary-1b-v2,light,104,134.97,135.12,unknown,0.2835957136224298,0.36853673615876364,0.8281500234323389,2130.7288092917147,0.47870949086020975
Zeno_-_Signs,nvidia/canary-1b-v2,of,105,135.12,136.56,unknown,0.2997654825208649,0.659845308394682,0.8145920782319961,2178.4503877217094,0.47509485483169556
Zeno_-_Signs,nvidia/canary-1b-v2,god,106,136.56,136.66,unknown,0.2552349604666233,0.5891012758947909,0.7200467015306155,1859.1385271746183,0.4232255940635999
Zeno_-_Signs,nvidia/canary-1b-v2,this,107,136.66,137.49,unknown,0.3398844584655226,1.0622512306390184,0.4137303646695748,2432.7469677834165,0.55890112110738
Zeno_-_Signs,nvidia/canary-1b-v2,is,108,137.49,137.58,unknown,0.363989767703143,0.32733041454445233,1.2203426523642107,2354.2606343197585,0.587625113400546
Zeno_-_Signs,nvidia/canary-1b-v2,a,109,137.58,137.62,unknown,0.5073776125907898,1.0388641119003297,0.5275422751903533,1902.8141324894702,0.4514493227005005
Zeno_-_Signs,nvidia/canary-1b-v2,sign,110,137.62,142.61,unknown,0.6148865994827832,1.3799591963834654,0.4594373603475474,1978.8027640094524,0.3914487573543588
Zeno_-_Signs,nvidia/canary-1b-v2,we,111,142.61,142.67,unknown,0.37924179434776306,1.0620856508612633,0.3671427480876446,1914.324287135344,0.4158855490386486
Zeno_-_Signs,nvidia/canary-1b-v2,are,112,142.67,143.51,unknown,0.2229380508263906,0.2980928511876199,1.8736927482816907,2501.251259726223,0.5830387559201983
Zeno_-_Signs,nvidia/canary-1b-v2,saved,113,143.88,144.52,unknown,0.4049474022526672,0.7033054366491843,0.746398591476938,2543.417040524711,0.6198255376539369
Zeno_-_Signs,nvidia/canary-1b-v2,by,114,144.52,144.59,unknown,0.6076164394617081,1.2436608411371708,0.5537421964108944,2227.305505273397,0.5421855077147484
Zeno_-_Signs,nvidia/canary-1b-v2,our,115,144.59,146.06,unknown,0.48869644322350053,1.2656469412053688,0.44003096911348877,1931.7621512932974,0.44199599042723453
Zeno_-_Signs,nvidia/canary-1b-v2,maker,116,146.06,146.73,unknown,0.21948848828060985,0.2284227491241612,1.709697964665008,1777.7596619572503,0.41160753491806656
Zeno_-_Signs,nvidia/canary-1b-v2,we'd,117,147.7,147.8,unknown,0.09380159961680572,0.06479395219745736,2.483615274230639,2284.455253388785,0.5688604936003685
Zeno_-_Signs,nvidia/canary-1b-v2,live,118,147.8,147.91,unknown,0.42571155383036685,0.458623190338795,0.9354434334314786,2088.6548199717613,0.5356811399643238
Zeno_-_Signs,nvidia/canary-1b-v2,life,119,147.91,148.08,unknown,0.28225298892510564,0.28261581298552063,1.0572074243896885,2453.713606344709,0.6347093315500962
Zeno_-_Signs,nvidia/canary-1b-v2,alive,120,148.08,148.87,unknown,0.5472830716301413,1.1358850093448862,0.4867656746331383,1808.5671754249165,0.4105924848247977
Zeno_-_Signs,nvidia/canary-1b-v2,this,121,148.87,150.94,unknown,0.3817231461137265,1.1494548496295203,0.41708875930792577,2283.772502457213,0.5285663592654306
Zeno_-_Signs,nvidia/canary-1b-v2,is,122,150.94,151.0,unknown,0.5450315943786076,1.1867655515670776,0.464983480317252,1820.647478410819,0.42261324184281485
Zeno_-_Signs,nvidia/canary-1b-v2,our,123,151.0,151.31,unknown,0.35501733860548806,1.3325075638644837,0.33756716505569573,2216.0848250258987,0.5229214675286237
Zeno_-_Signs,nvidia/canary-1b-v2,crime,124,151.31,151.45,unknown,0.2641315311193466,0.24668016750365496,1.1546926982700825,2487.9316383403047,0.5994936116039753
Zeno_-_Signs,nvidia/canary-1b-v2,the,125,151.45,153.13,unknown,0.3922353068366647,0.6830764154282709,0.7833183624678188,1806.3534177811953,0.3995834715664387
Zeno_-_Signs,nvidia/canary-1b-v2,final,126,153.16,153.98,unknown,0.3522338445552371,1.375482939691706,0.2980486418713223,2234.339537438691,0.4606116187166084
Zeno_-_Signs,nvidia/canary-1b-v2,nail,127,153.98,159.32,unknown,0.49155292430021613,1.1040176106991992,0.5633436336774125,1968.4546555243005,0.42290378950418817
Zeno_-_Signs,nvidia/canary-1b-v2,in,128,163.47,163.53,unknown,0.6714224927127361,0.7288692072033882,1.1626101955771446,1643.450469299834,0.36139366775751114
Zeno_-_Signs,nvidia/canary-1b-v2,our,129,163.53,164.88,unknown,0.5072332646312385,0.9000346638005355,0.5593393751259508,1877.9440382419555,0.40483155271102644
Zeno_-_Signs,nvidia/canary-1b-v2,coffin,130,164.88,165.87,unknown,0.15579923562143208,0.11543585351264139,2.685127464105498,1671.334841654393,0.3769125977777085
Zeno_-_Signs,nvidia/canary-1b-v2,of,131,167.51,167.68,unknown,1.4369015066247237,2.161133966947857,0.6674866221453014,1308.365349956513,0.31417445838451385
Zeno_-_Signs,nvidia/canary-1b-v2,all,132,167.68,168.05,unknown,1.0897736796518651,1.5364802901337786,0.679507835609157,1598.8607344448144,0.38193006813526154
Zeno_-_Signs,nvidia/canary-1b-v2,that,133,168.05,169.33,unknown,0.35911911910902844,0.6379183655346397,0.8982987640982997,1672.715629996959,0.3394848144184934
Zeno_-_Signs,nvidia/canary-1b-v2,is,134,171.43,171.68,unknown,0.2739384773054293,0.46938423226986614,0.6897865257092884,3259.525948649042,0.6714915239385196
Zeno_-_Signs,nvidia/canary-1b-v2,right,135,171.68,173.25,unknown,0.32171253200906974,0.582790515335971,0.9066965345447585,1941.2562712919275,0.3826825584356601
